<?xml version='1.0' encoding='UTF-8' standalone='no'?>
<doxygen xmlns:xsi="http://www.w3.org/2001/XMLSchema-instance" xsi:noNamespaceSchemaLocation="compound.xsd" version="1.8.9.1">
  <compounddef id="array_8cpp" kind="file" language="C++">
    <compoundname>array.cpp</compoundname>
    <includes refid="array_8hpp" local="yes">array.hpp</includes>
    <incdepgraph>
      <node id="91">
        <label>../px/buffer.hpp</label>
        <link refid="buffer_8hpp_source"/>
        <childnode refid="92" relation="include">
        </childnode>
      </node>
      <node id="93">
        <label>../px/px.hpp</label>
        <link refid="px_8hpp_source"/>
      </node>
      <node id="88">
        <label>array.cpp</label>
        <link refid="array.cpp"/>
        <childnode refid="89" relation="include">
        </childnode>
      </node>
      <node id="92">
        <label>../px/memory.hpp</label>
        <link refid="memory_8hpp_source"/>
        <childnode refid="93" relation="include">
        </childnode>
      </node>
      <node id="89">
        <label>array.hpp</label>
        <link refid="array_8hpp_source"/>
        <childnode refid="90" relation="include">
        </childnode>
      </node>
      <node id="90">
        <label>../px/share.hpp</label>
        <link refid="share_8hpp_source"/>
        <childnode refid="91" relation="include">
        </childnode>
      </node>
    </incdepgraph>
    <innernamespace refid="namespace_px">Px</innernamespace>
    <briefdescription>
    </briefdescription>
    <detaileddescription>
    </detaileddescription>
    <programlisting>
<codeline lineno="1"><highlight class="preprocessor">#include<sp/>&quot;array.hpp&quot;</highlight><highlight class="normal"></highlight></codeline>
<codeline lineno="2"><highlight class="normal"></highlight></codeline>
<codeline lineno="3"><highlight class="normal"></highlight><highlight class="keyword">namespace<sp/></highlight><highlight class="normal"><ref refid="namespace_px" kindref="compound">Px</ref></highlight></codeline>
<codeline lineno="4"><highlight class="normal">{</highlight></codeline>
<codeline lineno="5"><highlight class="normal"><sp/><sp/><sp/><sp/>ArrayShare::ArrayShare(</highlight><highlight class="keyword">const</highlight><highlight class="normal"><sp/><ref refid="class_px_1_1_share" kindref="compound">Share</ref>*<sp/>share)<sp/>:<sp/>share(share)</highlight></codeline>
<codeline lineno="6"><highlight class="normal"><sp/><sp/><sp/><sp/>{</highlight></codeline>
<codeline lineno="7"><highlight class="normal"><sp/><sp/><sp/><sp/>}</highlight></codeline>
<codeline lineno="8"><highlight class="normal"></highlight></codeline>
<codeline lineno="9"><highlight class="normal"><sp/><sp/><sp/><sp/>ArrayShare::~ArrayShare()</highlight></codeline>
<codeline lineno="10"><highlight class="normal"><sp/><sp/><sp/><sp/>{</highlight></codeline>
<codeline lineno="11"><highlight class="normal"><sp/><sp/><sp/><sp/>}</highlight></codeline>
<codeline lineno="12"><highlight class="normal"></highlight></codeline>
<codeline lineno="13"><highlight class="normal"><sp/><sp/><sp/><sp/></highlight><highlight class="keyword">const</highlight><highlight class="normal"><sp/><ref refid="class_px_1_1_share" kindref="compound">Share</ref>*<sp/>ArrayShare::Clone()</highlight><highlight class="keyword"><sp/>const</highlight></codeline>
<codeline lineno="14"><highlight class="keyword"><sp/><sp/><sp/><sp/></highlight><highlight class="normal">{</highlight></codeline>
<codeline lineno="15"><highlight class="normal"><sp/><sp/><sp/><sp/><sp/><sp/><sp/><sp/></highlight><highlight class="keywordflow">return</highlight><highlight class="normal"><sp/>share-&gt;Clone();</highlight></codeline>
<codeline lineno="16"><highlight class="normal"><sp/><sp/><sp/><sp/>}</highlight></codeline>
<codeline lineno="17"><highlight class="normal">}</highlight></codeline>
    </programlisting>
    <location file="C:/BonexData/BxProject/PlatyVG/source/px/array.cpp"/>
  </compounddef>
</doxygen>
