<?xml version='1.0' encoding='UTF-8' standalone='no'?>
<doxygen xmlns:xsi="http://www.w3.org/2001/XMLSchema-instance" xsi:noNamespaceSchemaLocation="compound.xsd" version="1.8.9.1">
  <compounddef id="array_8hpp" kind="file" language="C++">
    <compoundname>array.hpp</compoundname>
    <includes refid="share_8hpp" local="yes">../px/share.hpp</includes>
    <includedby refid="platyvg_8hpp" local="yes">platyvg.hpp</includedby>
    <includedby refid="string_8hpp" local="yes">string.hpp</includedby>
    <includedby refid="array_8cpp" local="yes">array.cpp</includedby>
    <incdepgraph>
      <node id="97">
        <label>../px/buffer.hpp</label>
        <link refid="buffer_8hpp_source"/>
        <childnode refid="98" relation="include">
        </childnode>
      </node>
      <node id="99">
        <label>../px/px.hpp</label>
        <link refid="px_8hpp_source"/>
      </node>
      <node id="98">
        <label>../px/memory.hpp</label>
        <link refid="memory_8hpp_source"/>
        <childnode refid="99" relation="include">
        </childnode>
      </node>
      <node id="95">
        <label>array.hpp</label>
        <link refid="array.hpp"/>
        <childnode refid="96" relation="include">
        </childnode>
      </node>
      <node id="96">
        <label>../px/share.hpp</label>
        <link refid="share_8hpp_source"/>
        <childnode refid="97" relation="include">
        </childnode>
      </node>
    </incdepgraph>
    <invincdepgraph>
      <node id="117">
        <label>point.hpp</label>
        <link refid="point_8hpp_source"/>
        <childnode refid="118" relation="include">
        </childnode>
        <childnode refid="113" relation="include">
        </childnode>
        <childnode refid="120" relation="include">
        </childnode>
        <childnode refid="103" relation="include">
        </childnode>
        <childnode refid="114" relation="include">
        </childnode>
        <childnode refid="119" relation="include">
        </childnode>
        <childnode refid="109" relation="include">
        </childnode>
        <childnode refid="106" relation="include">
        </childnode>
      </node>
      <node id="101">
        <label>platyvg.hpp</label>
        <link refid="platyvg_8hpp_source"/>
        <childnode refid="102" relation="include">
        </childnode>
        <childnode refid="107" relation="include">
        </childnode>
        <childnode refid="112" relation="include">
        </childnode>
        <childnode refid="116" relation="include">
        </childnode>
        <childnode refid="121" relation="include">
        </childnode>
        <childnode refid="118" relation="include">
        </childnode>
        <childnode refid="117" relation="include">
        </childnode>
        <childnode refid="106" relation="include">
        </childnode>
        <childnode refid="113" relation="include">
        </childnode>
        <childnode refid="105" relation="include">
        </childnode>
        <childnode refid="104" relation="include">
        </childnode>
        <childnode refid="103" relation="include">
        </childnode>
        <childnode refid="108" relation="include">
        </childnode>
        <childnode refid="120" relation="include">
        </childnode>
        <childnode refid="114" relation="include">
        </childnode>
        <childnode refid="119" relation="include">
        </childnode>
        <childnode refid="122" relation="include">
        </childnode>
        <childnode refid="123" relation="include">
        </childnode>
        <childnode refid="110" relation="include">
        </childnode>
        <childnode refid="109" relation="include">
        </childnode>
        <childnode refid="111" relation="include">
        </childnode>
        <childnode refid="124" relation="include">
        </childnode>
        <childnode refid="115" relation="include">
        </childnode>
        <childnode refid="125" relation="include">
        </childnode>
      </node>
      <node id="110">
        <label>record.hpp</label>
        <link refid="record_8hpp_source"/>
        <childnode refid="105" relation="include">
        </childnode>
      </node>
      <node id="107">
        <label>color.hpp</label>
        <link refid="color_8hpp_source"/>
        <childnode refid="102" relation="include">
        </childnode>
        <childnode refid="108" relation="include">
        </childnode>
        <childnode refid="109" relation="include">
        </childnode>
        <childnode refid="111" relation="include">
        </childnode>
      </node>
      <node id="124">
        <label>export.hpp</label>
        <link refid="export_8hpp_source"/>
      </node>
      <node id="127">
        <label>parser.hpp</label>
        <link refid="parser_8hpp_source"/>
        <childnode refid="101" relation="include">
        </childnode>
      </node>
      <node id="109">
        <label>action.hpp</label>
        <link refid="action_8hpp_source"/>
        <childnode refid="110" relation="include">
        </childnode>
      </node>
      <node id="108">
        <label>context.hpp</label>
        <link refid="context_8hpp_source"/>
        <childnode refid="103" relation="include">
        </childnode>
        <childnode refid="106" relation="include">
        </childnode>
      </node>
      <node id="118">
        <label>zoom.hpp</label>
        <link refid="zoom_8hpp_source"/>
        <childnode refid="102" relation="include">
        </childnode>
        <childnode refid="119" relation="include">
        </childnode>
        <childnode refid="103" relation="include">
        </childnode>
        <childnode refid="104" relation="include">
        </childnode>
        <childnode refid="105" relation="include">
        </childnode>
        <childnode refid="111" relation="include">
        </childnode>
      </node>
      <node id="121">
        <label>mesh.hpp</label>
        <link refid="mesh_8hpp_source"/>
        <childnode refid="102" relation="include">
        </childnode>
        <childnode refid="103" relation="include">
        </childnode>
      </node>
      <node id="113">
        <label>device.hpp</label>
        <link refid="device_8hpp_source"/>
        <childnode refid="106" relation="include">
        </childnode>
      </node>
      <node id="114">
        <label>selector.hpp</label>
        <link refid="selector_8hpp_source"/>
        <childnode refid="103" relation="include">
        </childnode>
      </node>
      <node id="119">
        <label>rect.hpp</label>
        <link refid="rect_8hpp_source"/>
        <childnode refid="114" relation="include">
        </childnode>
        <childnode refid="105" relation="include">
        </childnode>
        <childnode refid="111" relation="include">
        </childnode>
      </node>
      <node id="116">
        <label>matrix.hpp</label>
        <link refid="matrix_8hpp_source"/>
        <childnode refid="102" relation="include">
        </childnode>
        <childnode refid="117" relation="include">
        </childnode>
        <childnode refid="103" relation="include">
        </childnode>
      </node>
      <node id="103">
        <label>shape.hpp</label>
        <link refid="shape_8hpp_source"/>
        <childnode refid="104" relation="include">
        </childnode>
        <childnode refid="106" relation="include">
        </childnode>
      </node>
      <node id="104">
        <label>layer.hpp</label>
        <link refid="layer_8hpp_source"/>
        <childnode refid="105" relation="include">
        </childnode>
      </node>
      <node id="102">
        <label>adapter.hpp</label>
        <link refid="adapter_8hpp_source"/>
        <childnode refid="103" relation="include">
        </childnode>
      </node>
      <node id="106">
        <label>view.hpp</label>
        <link refid="view_8hpp_source"/>
      </node>
      <node id="126">
        <label>string.hpp</label>
        <link refid="string_8hpp_source"/>
        <childnode refid="127" relation="include">
        </childnode>
        <childnode refid="101" relation="include">
        </childnode>
      </node>
      <node id="111">
        <label>command.hpp</label>
        <link refid="command_8hpp_source"/>
      </node>
      <node id="100">
        <label>array.hpp</label>
        <link refid="array.hpp"/>
        <childnode refid="101" relation="include">
        </childnode>
        <childnode refid="126" relation="include">
        </childnode>
      </node>
      <node id="112">
        <label>coord.hpp</label>
        <link refid="coord_8hpp_source"/>
        <childnode refid="102" relation="include">
        </childnode>
        <childnode refid="113" relation="include">
        </childnode>
        <childnode refid="103" relation="include">
        </childnode>
        <childnode refid="114" relation="include">
        </childnode>
        <childnode refid="106" relation="include">
        </childnode>
        <childnode refid="115" relation="include">
        </childnode>
      </node>
      <node id="122">
        <label>size.hpp</label>
        <link refid="size_8hpp_source"/>
        <childnode refid="119" relation="include">
        </childnode>
        <childnode refid="103" relation="include">
        </childnode>
        <childnode refid="106" relation="include">
        </childnode>
        <childnode refid="111" relation="include">
        </childnode>
      </node>
      <node id="115">
        <label>input.hpp</label>
        <link refid="input_8hpp_source"/>
      </node>
      <node id="125">
        <label>listener.hpp</label>
        <link refid="listener_8hpp_source"/>
      </node>
      <node id="105">
        <label>document.hpp</label>
        <link refid="document_8hpp_source"/>
        <childnode refid="106" relation="include">
        </childnode>
      </node>
      <node id="123">
        <label>table.hpp</label>
        <link refid="table_8hpp_source"/>
        <childnode refid="114" relation="include">
        </childnode>
      </node>
      <node id="120">
        <label>edge.hpp</label>
        <link refid="edge_8hpp_source"/>
        <childnode refid="103" relation="include">
        </childnode>
      </node>
    </invincdepgraph>
    <innerclass refid="class_px_1_1_array_share" prot="public">Px::ArrayShare</innerclass>
    <innerclass refid="class_px_1_1_array" prot="public">Px::Array</innerclass>
    <innerclass refid="class_px_1_1_union" prot="public">Px::Union</innerclass>
    <innernamespace refid="namespace_px">Px</innernamespace>
    <briefdescription>
    </briefdescription>
    <detaileddescription>
    </detaileddescription>
    <programlisting>
<codeline lineno="1"><highlight class="preprocessor">#pragma<sp/>once</highlight><highlight class="normal"></highlight></codeline>
<codeline lineno="2"><highlight class="normal"></highlight><highlight class="preprocessor">#include<sp/>&quot;../px/share.hpp&quot;</highlight><highlight class="normal"></highlight></codeline>
<codeline lineno="3"><highlight class="normal"></highlight></codeline>
<codeline lineno="4"><highlight class="normal"></highlight><highlight class="keyword">namespace<sp/></highlight><highlight class="normal"><ref refid="namespace_px" kindref="compound">Px</ref></highlight></codeline>
<codeline lineno="5"><highlight class="normal">{</highlight></codeline>
<codeline lineno="6" refid="class_px_1_1_array_share" refkind="compound"><highlight class="normal"><sp/><sp/><sp/><sp/></highlight><highlight class="keyword">class<sp/></highlight><highlight class="normal"><ref refid="class_px_1_1_array_share" kindref="compound">ArrayShare</ref></highlight></codeline>
<codeline lineno="7"><highlight class="normal"><sp/><sp/><sp/><sp/>{</highlight></codeline>
<codeline lineno="8"><highlight class="normal"><sp/><sp/><sp/><sp/></highlight><highlight class="keyword">public</highlight><highlight class="normal">:</highlight></codeline>
<codeline lineno="9"><highlight class="normal"><sp/><sp/><sp/><sp/><sp/><sp/><sp/><sp/><ref refid="class_px_1_1_array_share" kindref="compound">ArrayShare</ref>(</highlight><highlight class="keyword">const</highlight><highlight class="normal"><sp/><ref refid="class_px_1_1_share" kindref="compound">Share</ref>*<sp/>share);</highlight></codeline>
<codeline lineno="10"><highlight class="normal"><sp/><sp/><sp/><sp/><sp/><sp/><sp/><sp/>~<ref refid="class_px_1_1_array_share" kindref="compound">ArrayShare</ref>();</highlight></codeline>
<codeline lineno="11"><highlight class="normal"><sp/><sp/><sp/><sp/><sp/><sp/><sp/><sp/></highlight><highlight class="keyword">const</highlight><highlight class="normal"><sp/><ref refid="class_px_1_1_share" kindref="compound">Share</ref>*<sp/>Clone()<sp/></highlight><highlight class="keyword">const</highlight><highlight class="normal">;</highlight></codeline>
<codeline lineno="12"><highlight class="normal"></highlight></codeline>
<codeline lineno="13"><highlight class="normal"><sp/><sp/><sp/><sp/></highlight><highlight class="keyword">private</highlight><highlight class="normal">:</highlight></codeline>
<codeline lineno="14"><highlight class="normal"><sp/><sp/><sp/><sp/><sp/><sp/><sp/><sp/></highlight><highlight class="keyword">const</highlight><highlight class="normal"><sp/><ref refid="class_px_1_1_share" kindref="compound">Share</ref>*<sp/>share;</highlight></codeline>
<codeline lineno="15"><highlight class="normal"><sp/><sp/><sp/><sp/>};</highlight></codeline>
<codeline lineno="16"><highlight class="normal"></highlight></codeline>
<codeline lineno="18"><highlight class="normal"><sp/><sp/><sp/><sp/></highlight><highlight class="keyword">template</highlight><highlight class="normal">&lt;</highlight><highlight class="keyword">typename</highlight><highlight class="normal"><sp/>TYPE,<sp/></highlight><highlight class="keywordtype">bool</highlight><highlight class="normal"><sp/>CANCOPY<sp/>=<sp/>false,<sp/></highlight><highlight class="keywordtype">int</highlight><highlight class="normal"><sp/>MINCOUNT<sp/>=<sp/>4&gt;</highlight></codeline>
<codeline lineno="19" refid="class_px_1_1_array" refkind="compound"><highlight class="normal"><sp/><sp/><sp/><sp/></highlight><highlight class="keyword">class<sp/></highlight><highlight class="normal"><ref refid="class_px_1_1_array" kindref="compound">Array</ref></highlight></codeline>
<codeline lineno="20"><highlight class="normal"><sp/><sp/><sp/><sp/>{</highlight></codeline>
<codeline lineno="21"><highlight class="normal"><sp/><sp/><sp/><sp/></highlight><highlight class="keyword">public</highlight><highlight class="normal">:</highlight></codeline>
<codeline lineno="25" refid="class_px_1_1_array_1a2724dcb3cad4f6a4d46fa014274a9a52" refkind="member"><highlight class="normal"><sp/><sp/><sp/><sp/><sp/><sp/><sp/><sp/><ref refid="class_px_1_1_array_1a2724dcb3cad4f6a4d46fa014274a9a52" kindref="member">Array</ref>()<sp/>:<sp/>share(<ref refid="class_px_1_1_share" kindref="compound">Share</ref>::Create(_Sample(),<sp/>MINCOUNT))<sp/>{}</highlight></codeline>
<codeline lineno="26"><highlight class="normal"></highlight></codeline>
<codeline lineno="31" refid="class_px_1_1_array_1ade08fd35bbae0c698cd24782a9677ea2" refkind="member"><highlight class="normal"><sp/><sp/><sp/><sp/><sp/><sp/><sp/><sp/><ref refid="class_px_1_1_array_1ade08fd35bbae0c698cd24782a9677ea2" kindref="member">Array</ref>(</highlight><highlight class="keyword">const</highlight><highlight class="normal"><sp/><ref refid="class_px_1_1_array" kindref="compound">Array</ref>&amp;<sp/>rhs)<sp/>:<sp/>share(rhs.share-&gt;Clone())<sp/>{}</highlight></codeline>
<codeline lineno="32"><highlight class="normal"></highlight></codeline>
<codeline lineno="37" refid="class_px_1_1_array_1ac950bc115bbcafec5e257741455b8c6f" refkind="member"><highlight class="normal"><sp/><sp/><sp/><sp/><sp/><sp/><sp/><sp/><ref refid="class_px_1_1_array_1ac950bc115bbcafec5e257741455b8c6f" kindref="member">Array</ref>(</highlight><highlight class="keyword">const</highlight><highlight class="normal"><sp/><ref refid="class_px_1_1_array_share" kindref="compound">ArrayShare</ref>&amp;<sp/>rhs)<sp/>:<sp/>share(rhs.Clone())<sp/>{}</highlight></codeline>
<codeline lineno="38"><highlight class="normal"></highlight></codeline>
<codeline lineno="42" refid="class_px_1_1_array_1a9f009fa3ebd551eb1ea9e308e2f85368" refkind="member"><highlight class="normal"><sp/><sp/><sp/><sp/><sp/><sp/><sp/><sp/><ref refid="class_px_1_1_array_1a9f009fa3ebd551eb1ea9e308e2f85368" kindref="member">~Array</ref>()<sp/>{Share::Remove(share);}</highlight></codeline>
<codeline lineno="43"><highlight class="normal"></highlight></codeline>
<codeline lineno="47" refid="class_px_1_1_array_1aa0ddc439e186162b6907647281e94980" refkind="member"><highlight class="normal"><sp/><sp/><sp/><sp/><sp/><sp/><sp/><sp/></highlight><highlight class="keywordtype">void</highlight><highlight class="normal"><sp/><ref refid="class_px_1_1_array_1aa0ddc439e186162b6907647281e94980" kindref="member">Clear</ref>()</highlight></codeline>
<codeline lineno="48"><highlight class="normal"><sp/><sp/><sp/><sp/><sp/><sp/><sp/><sp/>{</highlight></codeline>
<codeline lineno="49"><highlight class="normal"><sp/><sp/><sp/><sp/><sp/><sp/><sp/><sp/><sp/><sp/><sp/><sp/>Share::Remove(share);</highlight></codeline>
<codeline lineno="50"><highlight class="normal"><sp/><sp/><sp/><sp/><sp/><sp/><sp/><sp/><sp/><sp/><sp/><sp/>share<sp/>=<sp/>Share::Create(_Sample(),<sp/>MINCOUNT);</highlight></codeline>
<codeline lineno="51"><highlight class="normal"><sp/><sp/><sp/><sp/><sp/><sp/><sp/><sp/>}</highlight></codeline>
<codeline lineno="52"><highlight class="normal"></highlight></codeline>
<codeline lineno="57" refid="class_px_1_1_array_1ad242cb75516acfd1a1568a03abc0c2dc" refkind="member"><highlight class="normal"><sp/><sp/><sp/><sp/><sp/><sp/><sp/><sp/></highlight><highlight class="keyword">operator</highlight><highlight class="normal"><sp/></highlight><highlight class="keyword">const</highlight><highlight class="normal"><sp/><ref refid="class_px_1_1_array_share" kindref="compound">ArrayShare</ref>()</highlight><highlight class="keyword"><sp/>const<sp/></highlight><highlight class="normal">{</highlight><highlight class="keywordflow">return</highlight><highlight class="normal"><sp/><ref refid="class_px_1_1_array_share" kindref="compound">ArrayShare</ref>(share);}</highlight></codeline>
<codeline lineno="58"><highlight class="normal"></highlight></codeline>
<codeline lineno="64" refid="class_px_1_1_array_1af70726fdab12d2f8e3d73e38c5d5589e" refkind="member"><highlight class="normal"><sp/><sp/><sp/><sp/><sp/><sp/><sp/><sp/><ref refid="class_px_1_1_array" kindref="compound">Array</ref>&amp;<sp/><ref refid="class_px_1_1_array_1af70726fdab12d2f8e3d73e38c5d5589e" kindref="member">operator=</ref>(</highlight><highlight class="keyword">const</highlight><highlight class="normal"><sp/><ref refid="class_px_1_1_array" kindref="compound">Array</ref>&amp;<sp/>rhs)</highlight></codeline>
<codeline lineno="65"><highlight class="normal"><sp/><sp/><sp/><sp/><sp/><sp/><sp/><sp/>{</highlight></codeline>
<codeline lineno="66"><highlight class="normal"><sp/><sp/><sp/><sp/><sp/><sp/><sp/><sp/><sp/><sp/><sp/><sp/>Share::Remove(share);</highlight></codeline>
<codeline lineno="67"><highlight class="normal"><sp/><sp/><sp/><sp/><sp/><sp/><sp/><sp/><sp/><sp/><sp/><sp/>share<sp/>=<sp/>rhs.share-&gt;Clone();</highlight></codeline>
<codeline lineno="68"><highlight class="normal"><sp/><sp/><sp/><sp/><sp/><sp/><sp/><sp/><sp/><sp/><sp/><sp/></highlight><highlight class="keywordflow">return</highlight><highlight class="normal"><sp/>*</highlight><highlight class="keyword">this</highlight><highlight class="normal">;</highlight></codeline>
<codeline lineno="69"><highlight class="normal"><sp/><sp/><sp/><sp/><sp/><sp/><sp/><sp/>}</highlight></codeline>
<codeline lineno="70"><highlight class="normal"></highlight></codeline>
<codeline lineno="76" refid="class_px_1_1_array_1aefdddaea83ec1ff24274c6ae37b0e17e" refkind="member"><highlight class="normal"><sp/><sp/><sp/><sp/><sp/><sp/><sp/><sp/></highlight><highlight class="keyword">const</highlight><highlight class="normal"><sp/>TYPE&amp;<sp/><ref refid="class_px_1_1_array_1aefdddaea83ec1ff24274c6ae37b0e17e" kindref="member">operator[]</ref>(sint32<sp/>index)</highlight><highlight class="keyword"><sp/>const</highlight></codeline>
<codeline lineno="77"><highlight class="keyword"><sp/><sp/><sp/><sp/><sp/><sp/><sp/><sp/></highlight><highlight class="normal">{</highlight></codeline>
<codeline lineno="78"><highlight class="normal"><sp/><sp/><sp/><sp/><sp/><sp/><sp/><sp/><sp/><sp/><sp/><sp/></highlight><highlight class="keywordflow">if</highlight><highlight class="normal">(index<sp/>&lt;<sp/>0)<sp/>index<sp/>=<sp/>share-&gt;Count()<sp/>+<sp/>index;</highlight></codeline>
<codeline lineno="79"><highlight class="normal"><sp/><sp/><sp/><sp/><sp/><sp/><sp/><sp/><sp/><sp/><sp/><sp/>PX_ASSERT(</highlight><highlight class="stringliteral">&quot;배열범위를<sp/>초과한<sp/>인덱스입니다&quot;</highlight><highlight class="normal">,<sp/>0<sp/>&lt;=<sp/>index<sp/>&amp;&amp;<sp/>index<sp/>&lt;<sp/>share-&gt;<ref refid="class_px_1_1_array_1ab0002d07743eee641bc62e3b0f115c52" kindref="member">Count</ref>());</highlight></codeline>
<codeline lineno="80"><highlight class="normal"><sp/><sp/><sp/><sp/><sp/><sp/><sp/><sp/><sp/><sp/><sp/><sp/></highlight><highlight class="keywordflow">return</highlight><highlight class="normal"><sp/>share-&gt;At&lt;TYPE&gt;(index);</highlight></codeline>
<codeline lineno="81"><highlight class="normal"><sp/><sp/><sp/><sp/><sp/><sp/><sp/><sp/>}</highlight></codeline>
<codeline lineno="82"><highlight class="normal"></highlight></codeline>
<codeline lineno="88" refid="class_px_1_1_array_1a2eb53c8e4c3761558a1b64cae2336189" refkind="member"><highlight class="normal"><sp/><sp/><sp/><sp/><sp/><sp/><sp/><sp/>TYPE&amp;<sp/><ref refid="class_px_1_1_array_1a2eb53c8e4c3761558a1b64cae2336189" kindref="member">At</ref>(sint32<sp/>index)</highlight></codeline>
<codeline lineno="89"><highlight class="normal"><sp/><sp/><sp/><sp/><sp/><sp/><sp/><sp/>{</highlight></codeline>
<codeline lineno="90"><highlight class="normal"><sp/><sp/><sp/><sp/><sp/><sp/><sp/><sp/><sp/><sp/><sp/><sp/></highlight><highlight class="keywordflow">if</highlight><highlight class="normal">(index<sp/>&lt;<sp/>0)<sp/>index<sp/>=<sp/>share-&gt;Count()<sp/>+<sp/>index;</highlight></codeline>
<codeline lineno="91"><highlight class="normal"><sp/><sp/><sp/><sp/><sp/><sp/><sp/><sp/><sp/><sp/><sp/><sp/>PX_ASSERT(</highlight><highlight class="stringliteral">&quot;배열범위를<sp/>초과한<sp/>인덱스입니다&quot;</highlight><highlight class="normal">,<sp/>0<sp/>&lt;=<sp/>index<sp/>&amp;&amp;<sp/>index<sp/>&lt;<sp/>share-&gt;<ref refid="class_px_1_1_array_1ab0002d07743eee641bc62e3b0f115c52" kindref="member">Count</ref>());</highlight></codeline>
<codeline lineno="92"><highlight class="normal"><sp/><sp/><sp/><sp/><sp/><sp/><sp/><sp/><sp/><sp/><sp/><sp/>share<sp/>=<sp/>Share::CopyOnWrite(share,<sp/>0);</highlight></codeline>
<codeline lineno="93"><highlight class="normal"><sp/><sp/><sp/><sp/><sp/><sp/><sp/><sp/><sp/><sp/><sp/><sp/></highlight><highlight class="keywordflow">return</highlight><highlight class="normal"><sp/>share-&gt;At&lt;TYPE&gt;(index);</highlight></codeline>
<codeline lineno="94"><highlight class="normal"><sp/><sp/><sp/><sp/><sp/><sp/><sp/><sp/>}</highlight></codeline>
<codeline lineno="95"><highlight class="normal"></highlight></codeline>
<codeline lineno="100" refid="class_px_1_1_array_1a16683d7ddd43efcf9334d094bfcfc749" refkind="member"><highlight class="normal"><sp/><sp/><sp/><sp/><sp/><sp/><sp/><sp/>TYPE&amp;<sp/><ref refid="class_px_1_1_array_1a16683d7ddd43efcf9334d094bfcfc749" kindref="member">AtAdding</ref>()</highlight></codeline>
<codeline lineno="101"><highlight class="normal"><sp/><sp/><sp/><sp/><sp/><sp/><sp/><sp/>{</highlight></codeline>
<codeline lineno="102"><highlight class="normal"><sp/><sp/><sp/><sp/><sp/><sp/><sp/><sp/><sp/><sp/><sp/><sp/></highlight><highlight class="keyword">const</highlight><highlight class="normal"><sp/>sint32<sp/>index<sp/>=<sp/>share-&gt;Count();</highlight></codeline>
<codeline lineno="103"><highlight class="normal"><sp/><sp/><sp/><sp/><sp/><sp/><sp/><sp/><sp/><sp/><sp/><sp/>share<sp/>=<sp/>Share::CopyOnWrite(share,<sp/>index<sp/>+<sp/>1);</highlight></codeline>
<codeline lineno="104"><highlight class="normal"><sp/><sp/><sp/><sp/><sp/><sp/><sp/><sp/><sp/><sp/><sp/><sp/></highlight><highlight class="keywordflow">return</highlight><highlight class="normal"><sp/>share-&gt;At&lt;TYPE&gt;(index);</highlight></codeline>
<codeline lineno="105"><highlight class="normal"><sp/><sp/><sp/><sp/><sp/><sp/><sp/><sp/>}</highlight></codeline>
<codeline lineno="106"><highlight class="normal"></highlight></codeline>
<codeline lineno="112" refid="class_px_1_1_array_1aa578b098f4c31d3b259ac73e8712ad54" refkind="member"><highlight class="normal"><sp/><sp/><sp/><sp/><sp/><sp/><sp/><sp/>TYPE&amp;<sp/><ref refid="class_px_1_1_array_1aa578b098f4c31d3b259ac73e8712ad54" kindref="member">AtWherever</ref>(sint32<sp/>index)</highlight></codeline>
<codeline lineno="113"><highlight class="normal"><sp/><sp/><sp/><sp/><sp/><sp/><sp/><sp/>{</highlight></codeline>
<codeline lineno="114"><highlight class="normal"><sp/><sp/><sp/><sp/><sp/><sp/><sp/><sp/><sp/><sp/><sp/><sp/>share<sp/>=<sp/>Share::CopyOnWrite(share,<sp/>index<sp/>+<sp/>1);</highlight></codeline>
<codeline lineno="115"><highlight class="normal"><sp/><sp/><sp/><sp/><sp/><sp/><sp/><sp/><sp/><sp/><sp/><sp/></highlight><highlight class="keywordflow">return</highlight><highlight class="normal"><sp/>share-&gt;At&lt;TYPE&gt;(index);</highlight></codeline>
<codeline lineno="116"><highlight class="normal"><sp/><sp/><sp/><sp/><sp/><sp/><sp/><sp/>}</highlight></codeline>
<codeline lineno="117"><highlight class="normal"></highlight></codeline>
<codeline lineno="122" refid="class_px_1_1_array_1a3dfa5983e64b7a7ef2612857f74afbfb" refkind="member"><highlight class="normal"><sp/><sp/><sp/><sp/><sp/><sp/><sp/><sp/></highlight><highlight class="keywordtype">bool</highlight><highlight class="normal"><sp/><ref refid="class_px_1_1_array_1a3dfa5983e64b7a7ef2612857f74afbfb" kindref="member">Subtraction</ref>()</highlight></codeline>
<codeline lineno="123"><highlight class="normal"><sp/><sp/><sp/><sp/><sp/><sp/><sp/><sp/>{</highlight></codeline>
<codeline lineno="124"><highlight class="normal"><sp/><sp/><sp/><sp/><sp/><sp/><sp/><sp/><sp/><sp/><sp/><sp/></highlight><highlight class="keywordflow">if</highlight><highlight class="normal">(!share-&gt;Count())<sp/></highlight><highlight class="keywordflow">return</highlight><highlight class="normal"><sp/></highlight><highlight class="keyword">false</highlight><highlight class="normal">;</highlight></codeline>
<codeline lineno="125"><highlight class="normal"><sp/><sp/><sp/><sp/><sp/><sp/><sp/><sp/><sp/><sp/><sp/><sp/>share<sp/>=<sp/>Share::CopyOnWrite(share,<sp/>-1);</highlight></codeline>
<codeline lineno="126"><highlight class="normal"><sp/><sp/><sp/><sp/><sp/><sp/><sp/><sp/><sp/><sp/><sp/><sp/></highlight><highlight class="keywordflow">return</highlight><highlight class="normal"><sp/></highlight><highlight class="keyword">true</highlight><highlight class="normal">;</highlight></codeline>
<codeline lineno="127"><highlight class="normal"><sp/><sp/><sp/><sp/><sp/><sp/><sp/><sp/>}</highlight></codeline>
<codeline lineno="128"><highlight class="normal"></highlight></codeline>
<codeline lineno="133" refid="class_px_1_1_array_1a761685bf155e6fcb3176a216ad10a378" refkind="member"><highlight class="normal"><sp/><sp/><sp/><sp/><sp/><sp/><sp/><sp/>chars<sp/><ref refid="class_px_1_1_array_1a761685bf155e6fcb3176a216ad10a378" kindref="member">Type</ref>()</highlight><highlight class="keyword"><sp/>const</highlight></codeline>
<codeline lineno="134"><highlight class="keyword"><sp/><sp/><sp/><sp/><sp/><sp/><sp/><sp/></highlight><highlight class="normal">{</highlight></codeline>
<codeline lineno="135"><highlight class="normal"><sp/><sp/><sp/><sp/><sp/><sp/><sp/><sp/><sp/><sp/><sp/><sp/></highlight><highlight class="keywordflow">return</highlight><highlight class="normal"><sp/>share-&gt;Type();</highlight></codeline>
<codeline lineno="136"><highlight class="normal"><sp/><sp/><sp/><sp/><sp/><sp/><sp/><sp/>}</highlight></codeline>
<codeline lineno="137"><highlight class="normal"></highlight></codeline>
<codeline lineno="142" refid="class_px_1_1_array_1ab0002d07743eee641bc62e3b0f115c52" refkind="member"><highlight class="normal"><sp/><sp/><sp/><sp/><sp/><sp/><sp/><sp/>sint32<sp/><ref refid="class_px_1_1_array_1ab0002d07743eee641bc62e3b0f115c52" kindref="member">Count</ref>()</highlight><highlight class="keyword"><sp/>const</highlight></codeline>
<codeline lineno="143"><highlight class="keyword"><sp/><sp/><sp/><sp/><sp/><sp/><sp/><sp/></highlight><highlight class="normal">{</highlight></codeline>
<codeline lineno="144"><highlight class="normal"><sp/><sp/><sp/><sp/><sp/><sp/><sp/><sp/><sp/><sp/><sp/><sp/></highlight><highlight class="keywordflow">return</highlight><highlight class="normal"><sp/>share-&gt;Count();</highlight></codeline>
<codeline lineno="145"><highlight class="normal"><sp/><sp/><sp/><sp/><sp/><sp/><sp/><sp/>}</highlight></codeline>
<codeline lineno="146"><highlight class="normal"></highlight></codeline>
<codeline lineno="147"><highlight class="normal"><sp/><sp/><sp/><sp/></highlight><highlight class="keyword">private</highlight><highlight class="normal">:</highlight></codeline>
<codeline lineno="148"><highlight class="normal"><sp/><sp/><sp/><sp/><sp/><sp/><sp/><sp/></highlight><highlight class="keyword">const</highlight><highlight class="normal"><sp/>buffer&amp;<sp/>_Sample()</highlight></codeline>
<codeline lineno="149"><highlight class="normal"><sp/><sp/><sp/><sp/><sp/><sp/><sp/><sp/>{</highlight></codeline>
<codeline lineno="150"><highlight class="normal"><sp/><sp/><sp/><sp/><sp/><sp/><sp/><sp/><sp/><sp/><sp/><sp/></highlight><highlight class="keyword">static</highlight><highlight class="normal"><sp/></highlight><highlight class="keyword">const</highlight><highlight class="normal"><sp/>buffer<sp/>Sample<sp/>=<sp/>Buffer::Alloc&lt;TYPE&gt;(NEEDS<sp/>0,<sp/>CANCOPY);</highlight></codeline>
<codeline lineno="151"><highlight class="normal"><sp/><sp/><sp/><sp/><sp/><sp/><sp/><sp/><sp/><sp/><sp/><sp/></highlight><highlight class="keywordflow">return</highlight><highlight class="normal"><sp/>Sample;</highlight></codeline>
<codeline lineno="152"><highlight class="normal"><sp/><sp/><sp/><sp/><sp/><sp/><sp/><sp/>}</highlight></codeline>
<codeline lineno="153"><highlight class="normal"></highlight></codeline>
<codeline lineno="154"><highlight class="normal"><sp/><sp/><sp/><sp/></highlight><highlight class="keyword">private</highlight><highlight class="normal">:</highlight></codeline>
<codeline lineno="155"><highlight class="normal"><sp/><sp/><sp/><sp/><sp/><sp/><sp/><sp/></highlight><highlight class="keyword">const</highlight><highlight class="normal"><sp/><ref refid="class_px_1_1_share" kindref="compound">Share</ref>*<sp/>share;</highlight></codeline>
<codeline lineno="156"><highlight class="normal"><sp/><sp/><sp/><sp/>};</highlight></codeline>
<codeline lineno="157"><highlight class="normal"></highlight></codeline>
<codeline lineno="159"><highlight class="normal"><sp/><sp/><sp/><sp/></highlight><highlight class="keyword">typedef</highlight><highlight class="normal"><sp/><ref refid="class_px_1_1_array" kindref="compound">Array&lt;sint08, true&gt;</ref><sp/><ref refid="class_px_1_1_array" kindref="compound">sint08s</ref>;</highlight></codeline>
<codeline lineno="160"><highlight class="normal"><sp/><sp/><sp/><sp/></highlight><highlight class="keyword">typedef</highlight><highlight class="normal"><sp/><ref refid="class_px_1_1_array" kindref="compound">Array&lt;uint08, true&gt;</ref><sp/><ref refid="class_px_1_1_array" kindref="compound">uint08s</ref>;</highlight></codeline>
<codeline lineno="161"><highlight class="normal"><sp/><sp/><sp/><sp/></highlight><highlight class="keyword">typedef</highlight><highlight class="normal"><sp/><ref refid="class_px_1_1_array" kindref="compound">Array&lt;sint16, true&gt;</ref><sp/><ref refid="class_px_1_1_array" kindref="compound">sint16s</ref>;</highlight></codeline>
<codeline lineno="162"><highlight class="normal"><sp/><sp/><sp/><sp/></highlight><highlight class="keyword">typedef</highlight><highlight class="normal"><sp/><ref refid="class_px_1_1_array" kindref="compound">Array&lt;uint16, true&gt;</ref><sp/><ref refid="class_px_1_1_array" kindref="compound">uint16s</ref>;</highlight></codeline>
<codeline lineno="163"><highlight class="normal"><sp/><sp/><sp/><sp/></highlight><highlight class="keyword">typedef</highlight><highlight class="normal"><sp/><ref refid="class_px_1_1_array" kindref="compound">Array&lt;sint32, true&gt;</ref><sp/><ref refid="class_px_1_1_array" kindref="compound">sint32s</ref>;</highlight></codeline>
<codeline lineno="164"><highlight class="normal"><sp/><sp/><sp/><sp/></highlight><highlight class="keyword">typedef</highlight><highlight class="normal"><sp/><ref refid="class_px_1_1_array" kindref="compound">Array&lt;uint32, true&gt;</ref><sp/><ref refid="class_px_1_1_array" kindref="compound">uint32s</ref>;</highlight></codeline>
<codeline lineno="165"><highlight class="normal"><sp/><sp/><sp/><sp/></highlight><highlight class="keyword">typedef</highlight><highlight class="normal"><sp/><ref refid="class_px_1_1_array" kindref="compound">Array&lt;sint64, true&gt;</ref><sp/><ref refid="class_px_1_1_array" kindref="compound">sint64s</ref>;</highlight></codeline>
<codeline lineno="166"><highlight class="normal"><sp/><sp/><sp/><sp/></highlight><highlight class="keyword">typedef</highlight><highlight class="normal"><sp/><ref refid="class_px_1_1_array" kindref="compound">Array&lt;uint64, true&gt;</ref><sp/><ref refid="class_px_1_1_array" kindref="compound">uint64s</ref>;</highlight></codeline>
<codeline lineno="167"><highlight class="normal"><sp/><sp/><sp/><sp/></highlight><highlight class="keyword">typedef</highlight><highlight class="normal"><sp/><ref refid="class_px_1_1_array" kindref="compound">Array&lt;float, true&gt;</ref><sp/><ref refid="class_px_1_1_array" kindref="compound">floats</ref>;</highlight></codeline>
<codeline lineno="168"><highlight class="normal"></highlight></codeline>
<codeline lineno="170"><highlight class="normal"><sp/><sp/><sp/><sp/></highlight><highlight class="keyword">template</highlight><highlight class="normal">&lt;</highlight><highlight class="keyword">typename</highlight><highlight class="normal"><sp/>TYPE&gt;</highlight></codeline>
<codeline lineno="171" refid="class_px_1_1_union" refkind="compound"><highlight class="normal"><sp/><sp/><sp/><sp/></highlight><highlight class="keyword">class<sp/></highlight><highlight class="normal"><ref refid="class_px_1_1_union" kindref="compound">Union</ref></highlight></codeline>
<codeline lineno="172"><highlight class="normal"><sp/><sp/><sp/><sp/>{</highlight></codeline>
<codeline lineno="173"><highlight class="normal"><sp/><sp/><sp/><sp/></highlight><highlight class="keyword">public</highlight><highlight class="normal">:</highlight></codeline>
<codeline lineno="174"><highlight class="normal"><sp/><sp/><sp/><sp/><sp/><sp/><sp/><sp/><ref refid="class_px_1_1_union" kindref="compound">Union</ref>()<sp/>:<sp/>share(</highlight><highlight class="keyword">nullptr</highlight><highlight class="normal">)<sp/>{}</highlight></codeline>
<codeline lineno="175"><highlight class="normal"><sp/><sp/><sp/><sp/><sp/><sp/><sp/><sp/><ref refid="class_px_1_1_union" kindref="compound">Union</ref>(</highlight><highlight class="keyword">const</highlight><highlight class="normal"><sp/><ref refid="class_px_1_1_union" kindref="compound">Union</ref>&amp;<sp/>rhs)<sp/>:<sp/>share(rhs.share-&gt;Clone())<sp/>{}</highlight></codeline>
<codeline lineno="176"><highlight class="normal"><sp/><sp/><sp/><sp/><sp/><sp/><sp/><sp/>~<ref refid="class_px_1_1_union" kindref="compound">Union</ref>()<sp/>{Share::Remove(share);}</highlight></codeline>
<codeline lineno="177"><highlight class="normal"></highlight></codeline>
<codeline lineno="178"><highlight class="normal"><sp/><sp/><sp/><sp/><sp/><sp/><sp/><sp/><ref refid="class_px_1_1_union" kindref="compound">Union</ref>&amp;<sp/>operator=(</highlight><highlight class="keyword">const</highlight><highlight class="normal"><sp/><ref refid="class_px_1_1_union" kindref="compound">Union</ref>&amp;<sp/>rhs)</highlight></codeline>
<codeline lineno="179"><highlight class="normal"><sp/><sp/><sp/><sp/><sp/><sp/><sp/><sp/>{</highlight></codeline>
<codeline lineno="180"><highlight class="normal"><sp/><sp/><sp/><sp/><sp/><sp/><sp/><sp/><sp/><sp/><sp/><sp/>Share::Remove(share);</highlight></codeline>
<codeline lineno="181"><highlight class="normal"><sp/><sp/><sp/><sp/><sp/><sp/><sp/><sp/><sp/><sp/><sp/><sp/>share<sp/>=<sp/>rhs.share-&gt;Clone();</highlight></codeline>
<codeline lineno="182"><highlight class="normal"><sp/><sp/><sp/><sp/><sp/><sp/><sp/><sp/><sp/><sp/><sp/><sp/></highlight><highlight class="keywordflow">return</highlight><highlight class="normal"><sp/>*</highlight><highlight class="keyword">this</highlight><highlight class="normal">;</highlight></codeline>
<codeline lineno="183"><highlight class="normal"><sp/><sp/><sp/><sp/><sp/><sp/><sp/><sp/>}</highlight></codeline>
<codeline lineno="184"><highlight class="normal"></highlight></codeline>
<codeline lineno="185"><highlight class="normal"><sp/><sp/><sp/><sp/><sp/><sp/><sp/><sp/><ref refid="class_px_1_1_union" kindref="compound">Union</ref>&amp;<sp/>operator=(buffer<sp/>gift)</highlight></codeline>
<codeline lineno="186"><highlight class="normal"><sp/><sp/><sp/><sp/><sp/><sp/><sp/><sp/>{</highlight></codeline>
<codeline lineno="187"><highlight class="normal"><sp/><sp/><sp/><sp/><sp/><sp/><sp/><sp/><sp/><sp/><sp/><sp/>Share::Remove(share);</highlight></codeline>
<codeline lineno="188"><highlight class="normal"><sp/><sp/><sp/><sp/><sp/><sp/><sp/><sp/><sp/><sp/><sp/><sp/>share<sp/>=<sp/>Share::Create(gift);</highlight></codeline>
<codeline lineno="189"><highlight class="normal"><sp/><sp/><sp/><sp/><sp/><sp/><sp/><sp/><sp/><sp/><sp/><sp/></highlight><highlight class="keywordflow">return</highlight><highlight class="normal"><sp/>*</highlight><highlight class="keyword">this</highlight><highlight class="normal">;</highlight></codeline>
<codeline lineno="190"><highlight class="normal"><sp/><sp/><sp/><sp/><sp/><sp/><sp/><sp/>}</highlight></codeline>
<codeline lineno="191"><highlight class="normal"></highlight></codeline>
<codeline lineno="192"><highlight class="normal"><sp/><sp/><sp/><sp/><sp/><sp/><sp/><sp/>TYPE*<sp/>operator-&gt;()</highlight></codeline>
<codeline lineno="193"><highlight class="normal"><sp/><sp/><sp/><sp/><sp/><sp/><sp/><sp/>{</highlight></codeline>
<codeline lineno="194"><highlight class="normal"><sp/><sp/><sp/><sp/><sp/><sp/><sp/><sp/><sp/><sp/><sp/><sp/>PX_ASSERT(</highlight><highlight class="stringliteral">&quot;빈<sp/>객체입니다&quot;</highlight><highlight class="normal">,<sp/>share);</highlight></codeline>
<codeline lineno="195"><highlight class="normal"><sp/><sp/><sp/><sp/><sp/><sp/><sp/><sp/><sp/><sp/><sp/><sp/></highlight><highlight class="keywordflow">return</highlight><highlight class="normal"><sp/>ptr();</highlight></codeline>
<codeline lineno="196"><highlight class="normal"><sp/><sp/><sp/><sp/><sp/><sp/><sp/><sp/>}</highlight></codeline>
<codeline lineno="197"><highlight class="normal"></highlight></codeline>
<codeline lineno="198"><highlight class="normal"><sp/><sp/><sp/><sp/><sp/><sp/><sp/><sp/>TYPE<sp/></highlight><highlight class="keyword">const</highlight><highlight class="normal">*<sp/>operator-&gt;()</highlight><highlight class="keyword"><sp/>const</highlight></codeline>
<codeline lineno="199"><highlight class="keyword"><sp/><sp/><sp/><sp/><sp/><sp/><sp/><sp/></highlight><highlight class="normal">{</highlight></codeline>
<codeline lineno="200"><highlight class="normal"><sp/><sp/><sp/><sp/><sp/><sp/><sp/><sp/><sp/><sp/><sp/><sp/>PX_ASSERT(</highlight><highlight class="stringliteral">&quot;빈<sp/>객체입니다&quot;</highlight><highlight class="normal">,<sp/>share);</highlight></codeline>
<codeline lineno="201"><highlight class="normal"><sp/><sp/><sp/><sp/><sp/><sp/><sp/><sp/><sp/><sp/><sp/><sp/></highlight><highlight class="keywordflow">return</highlight><highlight class="normal"><sp/>ptr_const();</highlight></codeline>
<codeline lineno="202"><highlight class="normal"><sp/><sp/><sp/><sp/><sp/><sp/><sp/><sp/>}</highlight></codeline>
<codeline lineno="203"><highlight class="normal"></highlight></codeline>
<codeline lineno="204"><highlight class="normal"><sp/><sp/><sp/><sp/><sp/><sp/><sp/><sp/>TYPE*<sp/>ptr()</highlight></codeline>
<codeline lineno="205"><highlight class="normal"><sp/><sp/><sp/><sp/><sp/><sp/><sp/><sp/>{</highlight></codeline>
<codeline lineno="206"><highlight class="normal"><sp/><sp/><sp/><sp/><sp/><sp/><sp/><sp/><sp/><sp/><sp/><sp/></highlight><highlight class="keywordflow">if</highlight><highlight class="normal">(!share)<sp/></highlight><highlight class="keywordflow">return</highlight><highlight class="normal"><sp/></highlight><highlight class="keyword">nullptr</highlight><highlight class="normal">;</highlight></codeline>
<codeline lineno="207"><highlight class="normal"><sp/><sp/><sp/><sp/><sp/><sp/><sp/><sp/><sp/><sp/><sp/><sp/></highlight><highlight class="keywordflow">return</highlight><highlight class="normal"><sp/>&amp;share-&gt;At&lt;TYPE&gt;(0);</highlight></codeline>
<codeline lineno="208"><highlight class="normal"><sp/><sp/><sp/><sp/><sp/><sp/><sp/><sp/>}</highlight></codeline>
<codeline lineno="209"><highlight class="normal"></highlight></codeline>
<codeline lineno="210"><highlight class="normal"><sp/><sp/><sp/><sp/><sp/><sp/><sp/><sp/>TYPE<sp/></highlight><highlight class="keyword">const</highlight><highlight class="normal">*<sp/>ptr_const()</highlight><highlight class="keyword"><sp/>const</highlight></codeline>
<codeline lineno="211"><highlight class="keyword"><sp/><sp/><sp/><sp/><sp/><sp/><sp/><sp/></highlight><highlight class="normal">{</highlight></codeline>
<codeline lineno="212"><highlight class="normal"><sp/><sp/><sp/><sp/><sp/><sp/><sp/><sp/><sp/><sp/><sp/><sp/></highlight><highlight class="keywordflow">if</highlight><highlight class="normal">(!share)<sp/></highlight><highlight class="keywordflow">return</highlight><highlight class="normal"><sp/></highlight><highlight class="keyword">nullptr</highlight><highlight class="normal">;</highlight></codeline>
<codeline lineno="213"><highlight class="normal"><sp/><sp/><sp/><sp/><sp/><sp/><sp/><sp/><sp/><sp/><sp/><sp/></highlight><highlight class="keywordflow">return</highlight><highlight class="normal"><sp/>&amp;share-&gt;At&lt;TYPE&gt;(0);</highlight></codeline>
<codeline lineno="214"><highlight class="normal"><sp/><sp/><sp/><sp/><sp/><sp/><sp/><sp/>}</highlight></codeline>
<codeline lineno="215"><highlight class="normal"></highlight></codeline>
<codeline lineno="216"><highlight class="normal"><sp/><sp/><sp/><sp/><sp/><sp/><sp/><sp/>buffer<sp/>copied_buffer()</highlight><highlight class="keyword"><sp/>const</highlight></codeline>
<codeline lineno="217"><highlight class="keyword"><sp/><sp/><sp/><sp/><sp/><sp/><sp/><sp/></highlight><highlight class="normal">{</highlight></codeline>
<codeline lineno="218"><highlight class="normal"><sp/><sp/><sp/><sp/><sp/><sp/><sp/><sp/><sp/><sp/><sp/><sp/>PX_ASSERT(</highlight><highlight class="stringliteral">&quot;빈<sp/>객체의<sp/>버퍼복사를<sp/>시도합니다&quot;</highlight><highlight class="normal">,<sp/>share);</highlight></codeline>
<codeline lineno="219"><highlight class="normal"><sp/><sp/><sp/><sp/><sp/><sp/><sp/><sp/><sp/><sp/><sp/><sp/></highlight><highlight class="keywordflow">return</highlight><highlight class="normal"><sp/>share-&gt;CopiedBuffer();</highlight></codeline>
<codeline lineno="220"><highlight class="normal"><sp/><sp/><sp/><sp/><sp/><sp/><sp/><sp/>}</highlight></codeline>
<codeline lineno="221"><highlight class="normal"></highlight></codeline>
<codeline lineno="222"><highlight class="normal"><sp/><sp/><sp/><sp/></highlight><highlight class="keyword">private</highlight><highlight class="normal">:</highlight></codeline>
<codeline lineno="223"><highlight class="normal"><sp/><sp/><sp/><sp/><sp/><sp/><sp/><sp/></highlight><highlight class="keyword">const</highlight><highlight class="normal"><sp/><ref refid="class_px_1_1_share" kindref="compound">Share</ref>*<sp/>share;</highlight></codeline>
<codeline lineno="224"><highlight class="normal"><sp/><sp/><sp/><sp/>};</highlight></codeline>
<codeline lineno="225"><highlight class="normal">}</highlight></codeline>
    </programlisting>
    <location file="C:/BonexData/BxProject/PlatyVG/source/px/array.hpp"/>
  </compounddef>
</doxygen>
