<?xml version='1.0' encoding='UTF-8' standalone='no'?>
<doxygen xmlns:xsi="http://www.w3.org/2001/XMLSchema-instance" xsi:noNamespaceSchemaLocation="compound.xsd" version="1.8.9.1">
  <compounddef id="buffer_8hpp" kind="file" language="C++">
    <compoundname>buffer.hpp</compoundname>
    <includes refid="memory_8hpp" local="yes">../px/memory.hpp</includes>
    <includedby refid="share_8hpp" local="yes">share.hpp</includedby>
    <includedby refid="platyvg_8hpp" local="yes">platyvg.hpp</includedby>
    <includedby refid="buffer_8cpp" local="yes">buffer.cpp</includedby>
    <incdepgraph>
      <node id="135">
        <label>buffer.hpp</label>
        <link refid="buffer.hpp"/>
        <childnode refid="136" relation="include">
        </childnode>
      </node>
      <node id="137">
        <label>../px/px.hpp</label>
        <link refid="px_8hpp_source"/>
      </node>
      <node id="136">
        <label>../px/memory.hpp</label>
        <link refid="memory_8hpp_source"/>
        <childnode refid="137" relation="include">
        </childnode>
      </node>
    </incdepgraph>
    <invincdepgraph>
      <node id="157">
        <label>point.hpp</label>
        <link refid="point_8hpp_source"/>
        <childnode refid="158" relation="include">
        </childnode>
        <childnode refid="153" relation="include">
        </childnode>
        <childnode refid="160" relation="include">
        </childnode>
        <childnode refid="143" relation="include">
        </childnode>
        <childnode refid="154" relation="include">
        </childnode>
        <childnode refid="159" relation="include">
        </childnode>
        <childnode refid="149" relation="include">
        </childnode>
        <childnode refid="146" relation="include">
        </childnode>
      </node>
      <node id="141">
        <label>platyvg.hpp</label>
        <link refid="platyvg_8hpp_source"/>
        <childnode refid="142" relation="include">
        </childnode>
        <childnode refid="147" relation="include">
        </childnode>
        <childnode refid="152" relation="include">
        </childnode>
        <childnode refid="156" relation="include">
        </childnode>
        <childnode refid="161" relation="include">
        </childnode>
        <childnode refid="158" relation="include">
        </childnode>
        <childnode refid="157" relation="include">
        </childnode>
        <childnode refid="146" relation="include">
        </childnode>
        <childnode refid="153" relation="include">
        </childnode>
        <childnode refid="145" relation="include">
        </childnode>
        <childnode refid="144" relation="include">
        </childnode>
        <childnode refid="143" relation="include">
        </childnode>
        <childnode refid="148" relation="include">
        </childnode>
        <childnode refid="160" relation="include">
        </childnode>
        <childnode refid="154" relation="include">
        </childnode>
        <childnode refid="159" relation="include">
        </childnode>
        <childnode refid="162" relation="include">
        </childnode>
        <childnode refid="163" relation="include">
        </childnode>
        <childnode refid="150" relation="include">
        </childnode>
        <childnode refid="149" relation="include">
        </childnode>
        <childnode refid="151" relation="include">
        </childnode>
        <childnode refid="164" relation="include">
        </childnode>
        <childnode refid="155" relation="include">
        </childnode>
        <childnode refid="165" relation="include">
        </childnode>
      </node>
      <node id="150">
        <label>record.hpp</label>
        <link refid="record_8hpp_source"/>
        <childnode refid="145" relation="include">
        </childnode>
      </node>
      <node id="147">
        <label>color.hpp</label>
        <link refid="color_8hpp_source"/>
        <childnode refid="142" relation="include">
        </childnode>
        <childnode refid="148" relation="include">
        </childnode>
        <childnode refid="149" relation="include">
        </childnode>
        <childnode refid="151" relation="include">
        </childnode>
      </node>
      <node id="164">
        <label>export.hpp</label>
        <link refid="export_8hpp_source"/>
      </node>
      <node id="167">
        <label>parser.hpp</label>
        <link refid="parser_8hpp_source"/>
        <childnode refid="141" relation="include">
        </childnode>
      </node>
      <node id="149">
        <label>action.hpp</label>
        <link refid="action_8hpp_source"/>
        <childnode refid="150" relation="include">
        </childnode>
      </node>
      <node id="148">
        <label>context.hpp</label>
        <link refid="context_8hpp_source"/>
        <childnode refid="143" relation="include">
        </childnode>
        <childnode refid="146" relation="include">
        </childnode>
      </node>
      <node id="158">
        <label>zoom.hpp</label>
        <link refid="zoom_8hpp_source"/>
        <childnode refid="142" relation="include">
        </childnode>
        <childnode refid="159" relation="include">
        </childnode>
        <childnode refid="143" relation="include">
        </childnode>
        <childnode refid="144" relation="include">
        </childnode>
        <childnode refid="145" relation="include">
        </childnode>
        <childnode refid="151" relation="include">
        </childnode>
      </node>
      <node id="161">
        <label>mesh.hpp</label>
        <link refid="mesh_8hpp_source"/>
        <childnode refid="142" relation="include">
        </childnode>
        <childnode refid="143" relation="include">
        </childnode>
      </node>
      <node id="138">
        <label>buffer.hpp</label>
        <link refid="buffer.hpp"/>
        <childnode refid="139" relation="include">
        </childnode>
        <childnode refid="141" relation="include">
        </childnode>
      </node>
      <node id="153">
        <label>device.hpp</label>
        <link refid="device_8hpp_source"/>
        <childnode refid="146" relation="include">
        </childnode>
      </node>
      <node id="154">
        <label>selector.hpp</label>
        <link refid="selector_8hpp_source"/>
        <childnode refid="143" relation="include">
        </childnode>
      </node>
      <node id="159">
        <label>rect.hpp</label>
        <link refid="rect_8hpp_source"/>
        <childnode refid="154" relation="include">
        </childnode>
        <childnode refid="145" relation="include">
        </childnode>
        <childnode refid="151" relation="include">
        </childnode>
      </node>
      <node id="156">
        <label>matrix.hpp</label>
        <link refid="matrix_8hpp_source"/>
        <childnode refid="142" relation="include">
        </childnode>
        <childnode refid="157" relation="include">
        </childnode>
        <childnode refid="143" relation="include">
        </childnode>
      </node>
      <node id="143">
        <label>shape.hpp</label>
        <link refid="shape_8hpp_source"/>
        <childnode refid="144" relation="include">
        </childnode>
        <childnode refid="146" relation="include">
        </childnode>
      </node>
      <node id="144">
        <label>layer.hpp</label>
        <link refid="layer_8hpp_source"/>
        <childnode refid="145" relation="include">
        </childnode>
      </node>
      <node id="142">
        <label>adapter.hpp</label>
        <link refid="adapter_8hpp_source"/>
        <childnode refid="143" relation="include">
        </childnode>
      </node>
      <node id="146">
        <label>view.hpp</label>
        <link refid="view_8hpp_source"/>
      </node>
      <node id="166">
        <label>string.hpp</label>
        <link refid="string_8hpp_source"/>
        <childnode refid="167" relation="include">
        </childnode>
        <childnode refid="141" relation="include">
        </childnode>
      </node>
      <node id="151">
        <label>command.hpp</label>
        <link refid="command_8hpp_source"/>
      </node>
      <node id="140">
        <label>array.hpp</label>
        <link refid="array_8hpp_source"/>
        <childnode refid="141" relation="include">
        </childnode>
        <childnode refid="166" relation="include">
        </childnode>
      </node>
      <node id="152">
        <label>coord.hpp</label>
        <link refid="coord_8hpp_source"/>
        <childnode refid="142" relation="include">
        </childnode>
        <childnode refid="153" relation="include">
        </childnode>
        <childnode refid="143" relation="include">
        </childnode>
        <childnode refid="154" relation="include">
        </childnode>
        <childnode refid="146" relation="include">
        </childnode>
        <childnode refid="155" relation="include">
        </childnode>
      </node>
      <node id="162">
        <label>size.hpp</label>
        <link refid="size_8hpp_source"/>
        <childnode refid="159" relation="include">
        </childnode>
        <childnode refid="143" relation="include">
        </childnode>
        <childnode refid="146" relation="include">
        </childnode>
        <childnode refid="151" relation="include">
        </childnode>
      </node>
      <node id="155">
        <label>input.hpp</label>
        <link refid="input_8hpp_source"/>
      </node>
      <node id="165">
        <label>listener.hpp</label>
        <link refid="listener_8hpp_source"/>
      </node>
      <node id="145">
        <label>document.hpp</label>
        <link refid="document_8hpp_source"/>
        <childnode refid="146" relation="include">
        </childnode>
      </node>
      <node id="163">
        <label>table.hpp</label>
        <link refid="table_8hpp_source"/>
        <childnode refid="154" relation="include">
        </childnode>
      </node>
      <node id="160">
        <label>edge.hpp</label>
        <link refid="edge_8hpp_source"/>
        <childnode refid="143" relation="include">
        </childnode>
      </node>
      <node id="139">
        <label>share.hpp</label>
        <link refid="share_8hpp_source"/>
        <childnode refid="140" relation="include">
        </childnode>
        <childnode refid="141" relation="include">
        </childnode>
      </node>
    </invincdepgraph>
    <innerclass refid="class_px_1_1_buffer" prot="public">Px::Buffer</innerclass>
    <innernamespace refid="namespace_px">Px</innernamespace>
    <briefdescription>
    </briefdescription>
    <detaileddescription>
    </detaileddescription>
    <programlisting>
<codeline lineno="1"><highlight class="preprocessor">#pragma<sp/>once</highlight><highlight class="normal"></highlight></codeline>
<codeline lineno="2"><highlight class="normal"></highlight><highlight class="preprocessor">#include<sp/>&quot;../px/memory.hpp&quot;</highlight><highlight class="normal"></highlight></codeline>
<codeline lineno="3"><highlight class="normal"></highlight></codeline>
<codeline lineno="4"><highlight class="normal"></highlight><highlight class="keyword">namespace<sp/></highlight><highlight class="normal"><ref refid="namespace_px" kindref="compound">Px</ref></highlight></codeline>
<codeline lineno="5"><highlight class="normal">{</highlight></codeline>
<codeline lineno="7" refid="class_px_1_1_buffer" refkind="compound"><highlight class="normal"><sp/><sp/><sp/><sp/></highlight><highlight class="keyword">class<sp/></highlight><highlight class="normal"><ref refid="class_px_1_1_buffer" kindref="compound">Buffer</ref></highlight></codeline>
<codeline lineno="8"><highlight class="normal"><sp/><sp/><sp/><sp/>{</highlight></codeline>
<codeline lineno="9"><highlight class="normal"><sp/><sp/><sp/><sp/></highlight><highlight class="keyword">public</highlight><highlight class="normal">:</highlight></codeline>
<codeline lineno="17"><highlight class="normal"><sp/><sp/><sp/><sp/><sp/><sp/><sp/><sp/></highlight><highlight class="keyword">template</highlight><highlight class="normal">&lt;</highlight><highlight class="keyword">typename</highlight><highlight class="normal"><sp/>TYPE<sp/>=<sp/>u</highlight><highlight class="keywordtype">int</highlight><highlight class="normal">08&gt;</highlight></codeline>
<codeline lineno="18" refid="class_px_1_1_buffer_1a706cc5f11ce53c7c78d0dec9bf7622c2" refkind="member"><highlight class="normal"><sp/><sp/><sp/><sp/><sp/><sp/><sp/><sp/></highlight><highlight class="keyword">static</highlight><highlight class="normal"><sp/>buffer<sp/><ref refid="class_px_1_1_buffer_1a706cc5f11ce53c7c78d0dec9bf7622c2" kindref="member">Alloc</ref>(NEEDS_DBG_PRM<sp/>sint32<sp/>count,<sp/></highlight><highlight class="keywordtype">bool</highlight><highlight class="normal"><sp/>canCopy<sp/>=<sp/></highlight><highlight class="keyword">false</highlight><highlight class="normal">)</highlight></codeline>
<codeline lineno="19"><highlight class="normal"><sp/><sp/><sp/><sp/><sp/><sp/><sp/><sp/>{</highlight><highlight class="keywordflow">return</highlight><highlight class="normal"><sp/>_Alloc(NEEDS_DBG_ARG<sp/>count,<sp/>_Assignor&lt;TYPE&gt;,<sp/>canCopy);}</highlight></codeline>
<codeline lineno="20"><highlight class="normal"></highlight></codeline>
<codeline lineno="28"><highlight class="normal"><sp/><sp/><sp/><sp/><sp/><sp/><sp/><sp/></highlight><highlight class="keyword">static</highlight><highlight class="normal"><sp/>buffer<sp/><ref refid="class_px_1_1_buffer_1a569634f9d7c5899741487662669be869" kindref="member">AllocBySample</ref>(NEEDS_DBG_PRM<sp/>sint32<sp/>count,<sp/></highlight><highlight class="keyword">const</highlight><highlight class="normal"><sp/>buffer<sp/>sample);</highlight></codeline>
<codeline lineno="29"><highlight class="normal"></highlight></codeline>
<codeline lineno="37"><highlight class="normal"><sp/><sp/><sp/><sp/><sp/><sp/><sp/><sp/></highlight><highlight class="keyword">static</highlight><highlight class="normal"><sp/>buffer<sp/><ref refid="class_px_1_1_buffer_1a5729c012b7491be06ad6dba8a6ed6b8c" kindref="member">Realloc</ref>(NEEDS_DBG_PRM<sp/>buffer<sp/>buf,<sp/>sint32<sp/>count);</highlight></codeline>
<codeline lineno="38"><highlight class="normal"></highlight></codeline>
<codeline lineno="44"><highlight class="normal"><sp/><sp/><sp/><sp/><sp/><sp/><sp/><sp/></highlight><highlight class="keyword">static</highlight><highlight class="normal"><sp/></highlight><highlight class="keywordtype">void</highlight><highlight class="normal"><sp/><ref refid="class_px_1_1_buffer_1acd05ebbf9dd44cb5806e270d9d83c4ab" kindref="member">Free</ref>(</highlight><highlight class="keyword">const</highlight><highlight class="normal"><sp/>buffer<sp/>buf);</highlight></codeline>
<codeline lineno="45"><highlight class="normal"></highlight></codeline>
<codeline lineno="54"><highlight class="normal"><sp/><sp/><sp/><sp/><sp/><sp/><sp/><sp/></highlight><highlight class="keyword">static</highlight><highlight class="normal"><sp/></highlight><highlight class="keywordtype">void</highlight><highlight class="normal"><sp/><ref refid="class_px_1_1_buffer_1a453d7995686842cd386096297af82712" kindref="member">Copy</ref>(buffer<sp/>dstBuf,<sp/>sint32<sp/>dstOff,<sp/></highlight><highlight class="keyword">const</highlight><highlight class="normal"><sp/>buffer<sp/>srcBuf,<sp/>sint32<sp/>srcOff,<sp/>sint32<sp/>count);</highlight></codeline>
<codeline lineno="55"><highlight class="normal"></highlight></codeline>
<codeline lineno="62"><highlight class="normal"><sp/><sp/><sp/><sp/><sp/><sp/><sp/><sp/></highlight><highlight class="keyword">static</highlight><highlight class="normal"><sp/>sint32<sp/><ref refid="class_px_1_1_buffer_1afe6bd86527d6d9fe6365ea09243c9bb6" kindref="member">CountOf</ref>(</highlight><highlight class="keyword">const</highlight><highlight class="normal"><sp/>buffer<sp/>buf);</highlight></codeline>
<codeline lineno="63"><highlight class="normal"></highlight></codeline>
<codeline lineno="70"><highlight class="normal"><sp/><sp/><sp/><sp/><sp/><sp/><sp/><sp/></highlight><highlight class="keyword">static</highlight><highlight class="normal"><sp/>sint32<sp/><ref refid="class_px_1_1_buffer_1ad0e1f7aaea5896955df0217bb4c7267d" kindref="member">SizeOf</ref>(</highlight><highlight class="keyword">const</highlight><highlight class="normal"><sp/>buffer<sp/>buf);</highlight></codeline>
<codeline lineno="71"><highlight class="normal"></highlight></codeline>
<codeline lineno="78"><highlight class="normal"><sp/><sp/><sp/><sp/><sp/><sp/><sp/><sp/></highlight><highlight class="keyword">static</highlight><highlight class="normal"><sp/>sblock<sp/><ref refid="class_px_1_1_buffer_1af0325801ad185aa83670d1d231b25bc0" kindref="member">TypeOf</ref>(</highlight><highlight class="keyword">const</highlight><highlight class="normal"><sp/>buffer<sp/>buf);</highlight></codeline>
<codeline lineno="79"><highlight class="normal"></highlight></codeline>
<codeline lineno="86"><highlight class="normal"><sp/><sp/><sp/><sp/><sp/><sp/><sp/><sp/></highlight><highlight class="keyword">static</highlight><highlight class="normal"><sp/>chars<sp/><ref refid="class_px_1_1_buffer_1a108775f2c98457691287088fd159e926" kindref="member">NameOf</ref>(</highlight><highlight class="keyword">const</highlight><highlight class="normal"><sp/>buffer<sp/>buf);</highlight></codeline>
<codeline lineno="87"><highlight class="normal"></highlight></codeline>
<codeline lineno="94"><highlight class="normal"><sp/><sp/><sp/><sp/><sp/><sp/><sp/><sp/></highlight><highlight class="keyword">template</highlight><highlight class="normal">&lt;</highlight><highlight class="keyword">typename</highlight><highlight class="normal"><sp/>TYPE<sp/>=<sp/>u</highlight><highlight class="keywordtype">int</highlight><highlight class="normal">08&gt;</highlight></codeline>
<codeline lineno="95" refid="class_px_1_1_buffer_1ac1ab6da2b7284d5fbbc1a6f9d77b04ea" refkind="member"><highlight class="normal"><sp/><sp/><sp/><sp/><sp/><sp/><sp/><sp/></highlight><highlight class="keyword">static</highlight><highlight class="normal"><sp/>TYPE&amp;<sp/><ref refid="class_px_1_1_buffer_1ac1ab6da2b7284d5fbbc1a6f9d77b04ea" kindref="member">At</ref>(</highlight><highlight class="keyword">const</highlight><highlight class="normal"><sp/>buffer<sp/>buf,<sp/>sint32<sp/>index)</highlight></codeline>
<codeline lineno="96"><highlight class="normal"><sp/><sp/><sp/><sp/><sp/><sp/><sp/><sp/>{</highlight><highlight class="keywordflow">return</highlight><highlight class="normal"><sp/>*((TYPE*)<sp/>_At(buf,<sp/>index,<sp/>_Assignor&lt;TYPE&gt;));}</highlight></codeline>
<codeline lineno="97"><highlight class="normal"></highlight></codeline>
<codeline lineno="103"><highlight class="normal"><sp/><sp/><sp/><sp/><sp/><sp/><sp/><sp/></highlight><highlight class="keyword">static</highlight><highlight class="normal"><sp/></highlight><highlight class="keywordtype">void</highlight><highlight class="normal"><sp/><ref refid="class_px_1_1_buffer_1afa4ac0013039eac758ae07c73978e831" kindref="member">Reset</ref>(buffer<sp/>buf,<sp/>sint32<sp/>index);</highlight></codeline>
<codeline lineno="104"><highlight class="normal"></highlight></codeline>
<codeline lineno="108"><highlight class="normal"><sp/><sp/><sp/><sp/><sp/><sp/><sp/><sp/></highlight><highlight class="keyword">static</highlight><highlight class="normal"><sp/></highlight><highlight class="keywordtype">void</highlight><highlight class="normal"><sp/><ref refid="class_px_1_1_buffer_1a45a991bfb7492d8bdb538f8ef2f05ee7" kindref="member">DebugPrint</ref>();</highlight></codeline>
<codeline lineno="109"><highlight class="normal"></highlight></codeline>
<codeline lineno="110"><highlight class="normal"><sp/><sp/><sp/><sp/></highlight><highlight class="keyword">private</highlight><highlight class="normal">:</highlight></codeline>
<codeline lineno="111"><highlight class="normal"><sp/><sp/><sp/><sp/><sp/><sp/><sp/><sp/></highlight><highlight class="keyword">typedef</highlight><highlight class="normal"><sp/>void<sp/>(*_AssignorCB)(buffer,<sp/>sblock*);</highlight></codeline>
<codeline lineno="112"><highlight class="normal"><sp/><sp/><sp/><sp/><sp/><sp/><sp/><sp/></highlight><highlight class="keyword">template</highlight><highlight class="normal">&lt;</highlight><highlight class="keyword">typename</highlight><highlight class="normal"><sp/>TYPE&gt;</highlight></codeline>
<codeline lineno="113"><highlight class="normal"><sp/><sp/><sp/><sp/><sp/><sp/><sp/><sp/></highlight><highlight class="keyword">static</highlight><highlight class="normal"><sp/></highlight><highlight class="keywordtype">void</highlight><highlight class="normal"><sp/>_Assignor(buffer<sp/>buf,<sp/>sblock*<sp/>cmd)</highlight></codeline>
<codeline lineno="114"><highlight class="normal"><sp/><sp/><sp/><sp/><sp/><sp/><sp/><sp/>{</highlight></codeline>
<codeline lineno="115"><highlight class="normal"><sp/><sp/><sp/><sp/><sp/><sp/><sp/><sp/><sp/><sp/><sp/><sp/></highlight><highlight class="keyword">enum</highlight><highlight class="normal"><sp/>{TypeNameLengthMax<sp/>=<sp/>63};</highlight></codeline>
<codeline lineno="116"><highlight class="normal"><sp/><sp/><sp/><sp/><sp/><sp/><sp/><sp/><sp/><sp/><sp/><sp/></highlight><highlight class="keyword">static</highlight><highlight class="normal"><sp/>sint08<sp/>TypeName[TypeNameLengthMax<sp/>+<sp/>1]<sp/>=<sp/>{</highlight><highlight class="charliteral">&apos;\0&apos;</highlight><highlight class="normal">};</highlight></codeline>
<codeline lineno="117"><highlight class="normal"><sp/><sp/><sp/><sp/><sp/><sp/><sp/><sp/><sp/><sp/><sp/><sp/></highlight><highlight class="keyword">static</highlight><highlight class="normal"><sp/></highlight><highlight class="keywordtype">bool</highlight><highlight class="normal"><sp/>CanCopy<sp/>=<sp/></highlight><highlight class="keyword">false</highlight><highlight class="normal">;</highlight></codeline>
<codeline lineno="118"><highlight class="normal"><sp/><sp/><sp/><sp/><sp/><sp/><sp/><sp/><sp/><sp/><sp/><sp/></highlight><highlight class="keywordflow">if</highlight><highlight class="normal">(buf<sp/>&amp;&amp;<sp/>cmd)</highlight></codeline>
<codeline lineno="119"><highlight class="normal"><sp/><sp/><sp/><sp/><sp/><sp/><sp/><sp/><sp/><sp/><sp/><sp/>{</highlight></codeline>
<codeline lineno="120"><highlight class="normal"><sp/><sp/><sp/><sp/><sp/><sp/><sp/><sp/><sp/><sp/><sp/><sp/><sp/><sp/><sp/><sp/></highlight><highlight class="keywordflow">if</highlight><highlight class="normal">(cmd[1])<sp/></highlight><highlight class="comment">//<sp/>복사</highlight><highlight class="normal"></highlight></codeline>
<codeline lineno="121"><highlight class="normal"><sp/><sp/><sp/><sp/><sp/><sp/><sp/><sp/><sp/><sp/><sp/><sp/><sp/><sp/><sp/><sp/>{</highlight></codeline>
<codeline lineno="122"><highlight class="normal"><sp/><sp/><sp/><sp/><sp/><sp/><sp/><sp/><sp/><sp/><sp/><sp/><sp/><sp/><sp/><sp/><sp/><sp/><sp/><sp/>TYPE*<sp/>DstData<sp/>=<sp/>(TYPE*)<sp/>buf;</highlight></codeline>
<codeline lineno="123"><highlight class="normal"><sp/><sp/><sp/><sp/><sp/><sp/><sp/><sp/><sp/><sp/><sp/><sp/><sp/><sp/><sp/><sp/><sp/><sp/><sp/><sp/></highlight><highlight class="keyword">const</highlight><highlight class="normal"><sp/>TYPE*<sp/>SrcData<sp/>=<sp/>(TYPE*)<sp/>cmd[0];</highlight></codeline>
<codeline lineno="124"><highlight class="normal"><sp/><sp/><sp/><sp/><sp/><sp/><sp/><sp/><sp/><sp/><sp/><sp/><sp/><sp/><sp/><sp/><sp/><sp/><sp/><sp/></highlight><highlight class="keyword">const</highlight><highlight class="normal"><sp/>sint32<sp/>Count<sp/>=<sp/>(sint32)<sp/>cmd[1];</highlight></codeline>
<codeline lineno="125"><highlight class="normal"><sp/><sp/><sp/><sp/><sp/><sp/><sp/><sp/><sp/><sp/><sp/><sp/><sp/><sp/><sp/><sp/><sp/><sp/><sp/><sp/></highlight><highlight class="keywordflow">if</highlight><highlight class="normal">(CanCopy)</highlight></codeline>
<codeline lineno="126"><highlight class="normal"><sp/><sp/><sp/><sp/><sp/><sp/><sp/><sp/><sp/><sp/><sp/><sp/><sp/><sp/><sp/><sp/><sp/><sp/><sp/><sp/><sp/><sp/><sp/><sp/><ref refid="class_px_1_1_memory_1af9691b1a34d8e8e4d5bfe312a19de938" kindref="member">Memory::Copy</ref>(DstData,<sp/>SrcData,<sp/></highlight><highlight class="keyword">sizeof</highlight><highlight class="normal">(TYPE)<sp/>*<sp/>Count);</highlight></codeline>
<codeline lineno="127"><highlight class="normal"><sp/><sp/><sp/><sp/><sp/><sp/><sp/><sp/><sp/><sp/><sp/><sp/><sp/><sp/><sp/><sp/><sp/><sp/><sp/><sp/></highlight><highlight class="keywordflow">else</highlight><highlight class="normal"><sp/></highlight><highlight class="keywordflow">for</highlight><highlight class="normal">(sint32<sp/>i<sp/>=<sp/>0;<sp/>i<sp/>&lt;<sp/>Count;<sp/>++i)</highlight></codeline>
<codeline lineno="128"><highlight class="normal"><sp/><sp/><sp/><sp/><sp/><sp/><sp/><sp/><sp/><sp/><sp/><sp/><sp/><sp/><sp/><sp/><sp/><sp/><sp/><sp/><sp/><sp/><sp/><sp/>DstData[i]<sp/>=<sp/>SrcData[i];</highlight></codeline>
<codeline lineno="129"><highlight class="normal"><sp/><sp/><sp/><sp/><sp/><sp/><sp/><sp/><sp/><sp/><sp/><sp/><sp/><sp/><sp/><sp/>}</highlight></codeline>
<codeline lineno="130"><highlight class="normal"><sp/><sp/><sp/><sp/><sp/><sp/><sp/><sp/><sp/><sp/><sp/><sp/><sp/><sp/><sp/><sp/></highlight><highlight class="keywordflow">else</highlight><highlight class="normal"><sp/></highlight><highlight class="comment">//<sp/>초기화</highlight><highlight class="normal"></highlight></codeline>
<codeline lineno="131"><highlight class="normal"><sp/><sp/><sp/><sp/><sp/><sp/><sp/><sp/><sp/><sp/><sp/><sp/><sp/><sp/><sp/><sp/>{</highlight></codeline>
<codeline lineno="132"><highlight class="normal"><sp/><sp/><sp/><sp/><sp/><sp/><sp/><sp/><sp/><sp/><sp/><sp/><sp/><sp/><sp/><sp/><sp/><sp/><sp/><sp/>TYPE*<sp/>DstData<sp/>=<sp/>(TYPE*)<sp/>buf;</highlight></codeline>
<codeline lineno="133"><highlight class="normal"><sp/><sp/><sp/><sp/><sp/><sp/><sp/><sp/><sp/><sp/><sp/><sp/><sp/><sp/><sp/><sp/><sp/><sp/><sp/><sp/></highlight><highlight class="keyword">const</highlight><highlight class="normal"><sp/>sint32<sp/>Index<sp/>=<sp/>(sint32)<sp/>cmd[0];</highlight></codeline>
<codeline lineno="134"><highlight class="normal"><sp/><sp/><sp/><sp/><sp/><sp/><sp/><sp/><sp/><sp/><sp/><sp/><sp/><sp/><sp/><sp/><sp/><sp/><sp/><sp/>DstData[Index].~TYPE();</highlight></codeline>
<codeline lineno="135"><highlight class="normal"><sp/><sp/><sp/><sp/><sp/><sp/><sp/><sp/><sp/><sp/><sp/><sp/><sp/><sp/><sp/><sp/><sp/><sp/><sp/><sp/></highlight><highlight class="keyword">new</highlight><highlight class="normal">(PTR_TO_SBLOCK(&amp;DstData[Index]))<sp/>TYPE;</highlight></codeline>
<codeline lineno="136"><highlight class="normal"><sp/><sp/><sp/><sp/><sp/><sp/><sp/><sp/><sp/><sp/><sp/><sp/><sp/><sp/><sp/><sp/>}</highlight></codeline>
<codeline lineno="137"><highlight class="normal"><sp/><sp/><sp/><sp/><sp/><sp/><sp/><sp/><sp/><sp/><sp/><sp/>}</highlight></codeline>
<codeline lineno="138"><highlight class="normal"><sp/><sp/><sp/><sp/><sp/><sp/><sp/><sp/><sp/><sp/><sp/><sp/></highlight><highlight class="keywordflow">else</highlight><highlight class="normal"><sp/></highlight><highlight class="keywordflow">if</highlight><highlight class="normal">(buf)</highlight></codeline>
<codeline lineno="139"><highlight class="normal"><sp/><sp/><sp/><sp/><sp/><sp/><sp/><sp/><sp/><sp/><sp/><sp/>{</highlight></codeline>
<codeline lineno="140"><highlight class="normal"><sp/><sp/><sp/><sp/><sp/><sp/><sp/><sp/><sp/><sp/><sp/><sp/><sp/><sp/><sp/><sp/>TYPE*<sp/>Data<sp/>=<sp/>(TYPE*)<sp/>buf;</highlight></codeline>
<codeline lineno="141"><highlight class="normal"><sp/><sp/><sp/><sp/><sp/><sp/><sp/><sp/><sp/><sp/><sp/><sp/><sp/><sp/><sp/><sp/></highlight><highlight class="keyword">const</highlight><highlight class="normal"><sp/>sint32<sp/>Count<sp/>=<sp/>(sint32)<sp/>buf[-2];</highlight></codeline>
<codeline lineno="142"><highlight class="normal"><sp/><sp/><sp/><sp/><sp/><sp/><sp/><sp/><sp/><sp/><sp/><sp/><sp/><sp/><sp/><sp/></highlight><highlight class="keywordflow">if</highlight><highlight class="normal">(buf[-1])<sp/></highlight><highlight class="comment">//<sp/>소멸</highlight><highlight class="normal"></highlight></codeline>
<codeline lineno="143"><highlight class="normal"><sp/><sp/><sp/><sp/><sp/><sp/><sp/><sp/><sp/><sp/><sp/><sp/><sp/><sp/><sp/><sp/>{</highlight></codeline>
<codeline lineno="144"><highlight class="normal"><sp/><sp/><sp/><sp/><sp/><sp/><sp/><sp/><sp/><sp/><sp/><sp/><sp/><sp/><sp/><sp/><sp/><sp/><sp/><sp/></highlight><highlight class="keywordflow">for</highlight><highlight class="normal">(sint32<sp/>i<sp/>=<sp/>0;<sp/>i<sp/>&lt;<sp/>Count;<sp/>++i)</highlight></codeline>
<codeline lineno="145"><highlight class="normal"><sp/><sp/><sp/><sp/><sp/><sp/><sp/><sp/><sp/><sp/><sp/><sp/><sp/><sp/><sp/><sp/><sp/><sp/><sp/><sp/><sp/><sp/><sp/><sp/>Data[i].~TYPE();</highlight></codeline>
<codeline lineno="146"><highlight class="normal"><sp/><sp/><sp/><sp/><sp/><sp/><sp/><sp/><sp/><sp/><sp/><sp/><sp/><sp/><sp/><sp/><sp/><sp/><sp/><sp/>_Free(buf);</highlight></codeline>
<codeline lineno="147"><highlight class="normal"><sp/><sp/><sp/><sp/><sp/><sp/><sp/><sp/><sp/><sp/><sp/><sp/><sp/><sp/><sp/><sp/>}</highlight></codeline>
<codeline lineno="148"><highlight class="normal"><sp/><sp/><sp/><sp/><sp/><sp/><sp/><sp/><sp/><sp/><sp/><sp/><sp/><sp/><sp/><sp/></highlight><highlight class="keywordflow">else</highlight><highlight class="normal"><sp/></highlight><highlight class="comment">//<sp/>생성</highlight><highlight class="normal"></highlight></codeline>
<codeline lineno="149"><highlight class="normal"><sp/><sp/><sp/><sp/><sp/><sp/><sp/><sp/><sp/><sp/><sp/><sp/><sp/><sp/><sp/><sp/><sp/><sp/><sp/><sp/></highlight><highlight class="keywordflow">for</highlight><highlight class="normal">(sint32<sp/>i<sp/>=<sp/>0;<sp/>i<sp/>&lt;<sp/>Count;<sp/>++i)</highlight></codeline>
<codeline lineno="150"><highlight class="normal"><sp/><sp/><sp/><sp/><sp/><sp/><sp/><sp/><sp/><sp/><sp/><sp/><sp/><sp/><sp/><sp/><sp/><sp/><sp/><sp/><sp/><sp/><sp/><sp/></highlight><highlight class="keyword">new</highlight><highlight class="normal">(PTR_TO_SBLOCK(&amp;Data[i]))<sp/>TYPE;</highlight></codeline>
<codeline lineno="151"><highlight class="normal"><sp/><sp/><sp/><sp/><sp/><sp/><sp/><sp/><sp/><sp/><sp/><sp/>}</highlight></codeline>
<codeline lineno="152"><highlight class="normal"><sp/><sp/><sp/><sp/><sp/><sp/><sp/><sp/><sp/><sp/><sp/><sp/></highlight><highlight class="keywordflow">else</highlight><highlight class="normal"><sp/></highlight><highlight class="keywordflow">if</highlight><highlight class="normal">(cmd)</highlight></codeline>
<codeline lineno="153"><highlight class="normal"><sp/><sp/><sp/><sp/><sp/><sp/><sp/><sp/><sp/><sp/><sp/><sp/>{</highlight></codeline>
<codeline lineno="154"><highlight class="normal"><sp/><sp/><sp/><sp/><sp/><sp/><sp/><sp/><sp/><sp/><sp/><sp/><sp/><sp/><sp/><sp/></highlight><highlight class="comment">//<sp/>타입사이즈</highlight><highlight class="normal"></highlight></codeline>
<codeline lineno="155"><highlight class="normal"><sp/><sp/><sp/><sp/><sp/><sp/><sp/><sp/><sp/><sp/><sp/><sp/><sp/><sp/><sp/><sp/>cmd[0]<sp/>=<sp/>(sblock)<sp/></highlight><highlight class="keyword">sizeof</highlight><highlight class="normal">(TYPE);</highlight></codeline>
<codeline lineno="156"><highlight class="normal"><sp/><sp/><sp/><sp/><sp/><sp/><sp/><sp/><sp/><sp/><sp/><sp/><sp/><sp/><sp/><sp/></highlight><highlight class="comment">//<sp/>Memcpy사용가능<sp/>여부</highlight><highlight class="normal"></highlight></codeline>
<codeline lineno="157"><highlight class="normal"><sp/><sp/><sp/><sp/><sp/><sp/><sp/><sp/><sp/><sp/><sp/><sp/><sp/><sp/><sp/><sp/></highlight><highlight class="keywordflow">if</highlight><highlight class="normal">(cmd[1])<sp/>CanCopy<sp/>=<sp/></highlight><highlight class="keyword">true</highlight><highlight class="normal">;</highlight></codeline>
<codeline lineno="158"><highlight class="normal"><sp/><sp/><sp/><sp/><sp/><sp/><sp/><sp/><sp/><sp/><sp/><sp/><sp/><sp/><sp/><sp/></highlight><highlight class="comment">//<sp/>타입명</highlight><highlight class="normal"></highlight></codeline>
<codeline lineno="159"><highlight class="normal"><sp/><sp/><sp/><sp/><sp/><sp/><sp/><sp/><sp/><sp/><sp/><sp/><sp/><sp/><sp/><sp/></highlight><highlight class="keywordflow">if</highlight><highlight class="normal">(cmd[2])</highlight></codeline>
<codeline lineno="160"><highlight class="normal"><sp/><sp/><sp/><sp/><sp/><sp/><sp/><sp/><sp/><sp/><sp/><sp/><sp/><sp/><sp/><sp/>{</highlight></codeline>
<codeline lineno="161"><highlight class="normal"><sp/><sp/><sp/><sp/><sp/><sp/><sp/><sp/><sp/><sp/><sp/><sp/><sp/><sp/><sp/><sp/><sp/><sp/><sp/><sp/></highlight><highlight class="keywordflow">if</highlight><highlight class="normal">(TypeName[0]<sp/>==<sp/></highlight><highlight class="charliteral">&apos;\0&apos;</highlight><highlight class="normal">)</highlight></codeline>
<codeline lineno="162"><highlight class="normal"><sp/><sp/><sp/><sp/><sp/><sp/><sp/><sp/><sp/><sp/><sp/><sp/><sp/><sp/><sp/><sp/><sp/><sp/><sp/><sp/>{</highlight></codeline>
<codeline lineno="163"><highlight class="normal"><sp/><sp/><sp/><sp/><sp/><sp/><sp/><sp/><sp/><sp/><sp/><sp/><sp/><sp/><sp/><sp/><sp/><sp/><sp/><sp/><sp/><sp/><sp/><sp/>chars<sp/>FuncFocus<sp/>=<sp/></highlight><highlight class="keyword">nullptr</highlight><highlight class="normal">;</highlight></codeline>
<codeline lineno="164"><highlight class="normal"><sp/><sp/><sp/><sp/><sp/><sp/><sp/><sp/><sp/><sp/><sp/><sp/><sp/><sp/><sp/><sp/><sp/><sp/><sp/><sp/><sp/><sp/><sp/><sp/>chars<sp/>TypeNameBegin<sp/>=<sp/></highlight><highlight class="keyword">nullptr</highlight><highlight class="normal">;</highlight></codeline>
<codeline lineno="165"><highlight class="normal"><sp/><sp/><sp/><sp/><sp/><sp/><sp/><sp/><sp/><sp/><sp/><sp/><sp/><sp/><sp/><sp/><sp/><sp/><sp/><sp/><sp/><sp/><sp/><sp/>chars<sp/>TypeNameEnd<sp/>=<sp/></highlight><highlight class="keyword">nullptr</highlight><highlight class="normal">;</highlight></codeline>
<codeline lineno="166"><highlight class="normal"></highlight><highlight class="preprocessor"><sp/><sp/><sp/><sp/><sp/><sp/><sp/><sp/><sp/><sp/><sp/><sp/><sp/><sp/><sp/><sp/><sp/><sp/><sp/><sp/><sp/><sp/><sp/><sp/>#ifdef<sp/>WIN32</highlight><highlight class="normal"></highlight></codeline>
<codeline lineno="167"><highlight class="normal"><sp/><sp/><sp/><sp/><sp/><sp/><sp/><sp/><sp/><sp/><sp/><sp/><sp/><sp/><sp/><sp/><sp/><sp/><sp/><sp/><sp/><sp/><sp/><sp/><sp/><sp/><sp/><sp/>FuncFocus<sp/>=<sp/>__FUNCSIG__;</highlight></codeline>
<codeline lineno="168"><highlight class="normal"><sp/><sp/><sp/><sp/><sp/><sp/><sp/><sp/><sp/><sp/><sp/><sp/><sp/><sp/><sp/><sp/><sp/><sp/><sp/><sp/><sp/><sp/><sp/><sp/><sp/><sp/><sp/><sp/></highlight><highlight class="keywordflow">while</highlight><highlight class="normal">(*FuncFocus<sp/>!=<sp/></highlight><highlight class="charliteral">&apos;&lt;&apos;</highlight><highlight class="normal">)<sp/>++FuncFocus;</highlight></codeline>
<codeline lineno="169"><highlight class="normal"><sp/><sp/><sp/><sp/><sp/><sp/><sp/><sp/><sp/><sp/><sp/><sp/><sp/><sp/><sp/><sp/><sp/><sp/><sp/><sp/><sp/><sp/><sp/><sp/><sp/><sp/><sp/><sp/>TypeNameBegin<sp/>=<sp/>++FuncFocus;</highlight></codeline>
<codeline lineno="170"><highlight class="normal"><sp/><sp/><sp/><sp/><sp/><sp/><sp/><sp/><sp/><sp/><sp/><sp/><sp/><sp/><sp/><sp/><sp/><sp/><sp/><sp/><sp/><sp/><sp/><sp/><sp/><sp/><sp/><sp/></highlight><highlight class="keywordflow">while</highlight><highlight class="normal">(*FuncFocus<sp/>!=<sp/></highlight><highlight class="charliteral">&apos;&gt;&apos;</highlight><highlight class="normal">)<sp/>++FuncFocus;</highlight></codeline>
<codeline lineno="171"><highlight class="normal"><sp/><sp/><sp/><sp/><sp/><sp/><sp/><sp/><sp/><sp/><sp/><sp/><sp/><sp/><sp/><sp/><sp/><sp/><sp/><sp/><sp/><sp/><sp/><sp/><sp/><sp/><sp/><sp/>TypeNameEnd<sp/>=<sp/>FuncFocus;</highlight></codeline>
<codeline lineno="172"><highlight class="normal"></highlight><highlight class="preprocessor"><sp/><sp/><sp/><sp/><sp/><sp/><sp/><sp/><sp/><sp/><sp/><sp/><sp/><sp/><sp/><sp/><sp/><sp/><sp/><sp/><sp/><sp/><sp/><sp/>#else</highlight><highlight class="normal"></highlight></codeline>
<codeline lineno="173"><highlight class="normal"><sp/><sp/><sp/><sp/><sp/><sp/><sp/><sp/><sp/><sp/><sp/><sp/><sp/><sp/><sp/><sp/><sp/><sp/><sp/><sp/><sp/><sp/><sp/><sp/><sp/><sp/><sp/><sp/>FuncFocus<sp/>=<sp/>__PRETTY_FUNCTION__;</highlight></codeline>
<codeline lineno="174"><highlight class="normal"><sp/><sp/><sp/><sp/><sp/><sp/><sp/><sp/><sp/><sp/><sp/><sp/><sp/><sp/><sp/><sp/><sp/><sp/><sp/><sp/><sp/><sp/><sp/><sp/><sp/><sp/><sp/><sp/></highlight><highlight class="keywordflow">while</highlight><highlight class="normal">(*FuncFocus<sp/>!=<sp/></highlight><highlight class="charliteral">&apos;[&apos;</highlight><highlight class="normal">)<sp/>++FuncFocus;</highlight></codeline>
<codeline lineno="175"><highlight class="normal"><sp/><sp/><sp/><sp/><sp/><sp/><sp/><sp/><sp/><sp/><sp/><sp/><sp/><sp/><sp/><sp/><sp/><sp/><sp/><sp/><sp/><sp/><sp/><sp/><sp/><sp/><sp/><sp/>TypeNameBegin<sp/>=<sp/>++FuncFocus;</highlight></codeline>
<codeline lineno="176"><highlight class="normal"><sp/><sp/><sp/><sp/><sp/><sp/><sp/><sp/><sp/><sp/><sp/><sp/><sp/><sp/><sp/><sp/><sp/><sp/><sp/><sp/><sp/><sp/><sp/><sp/><sp/><sp/><sp/><sp/></highlight><highlight class="keywordflow">while</highlight><highlight class="normal">(*FuncFocus<sp/>!=<sp/></highlight><highlight class="charliteral">&apos;]&apos;</highlight><highlight class="normal"><sp/>&amp;&amp;<sp/>*FuncFocus<sp/>!=<sp/></highlight><highlight class="charliteral">&apos;;&apos;</highlight><highlight class="normal">)<sp/>++FuncFocus;</highlight></codeline>
<codeline lineno="177"><highlight class="normal"><sp/><sp/><sp/><sp/><sp/><sp/><sp/><sp/><sp/><sp/><sp/><sp/><sp/><sp/><sp/><sp/><sp/><sp/><sp/><sp/><sp/><sp/><sp/><sp/><sp/><sp/><sp/><sp/>TypeNameEnd<sp/>=<sp/>FuncFocus;</highlight></codeline>
<codeline lineno="178"><highlight class="normal"></highlight><highlight class="preprocessor"><sp/><sp/><sp/><sp/><sp/><sp/><sp/><sp/><sp/><sp/><sp/><sp/><sp/><sp/><sp/><sp/><sp/><sp/><sp/><sp/><sp/><sp/><sp/><sp/>#endif</highlight><highlight class="normal"></highlight></codeline>
<codeline lineno="179"><highlight class="normal"><sp/><sp/><sp/><sp/><sp/><sp/><sp/><sp/><sp/><sp/><sp/><sp/><sp/><sp/><sp/><sp/><sp/><sp/><sp/><sp/><sp/><sp/><sp/><sp/>FuncFocus<sp/>=<sp/>TypeNameBegin;</highlight></codeline>
<codeline lineno="180"><highlight class="normal"><sp/><sp/><sp/><sp/><sp/><sp/><sp/><sp/><sp/><sp/><sp/><sp/><sp/><sp/><sp/><sp/><sp/><sp/><sp/><sp/><sp/><sp/><sp/><sp/></highlight><highlight class="keywordflow">while</highlight><highlight class="normal">(++FuncFocus<sp/>&lt;<sp/>TypeNameEnd)</highlight></codeline>
<codeline lineno="181"><highlight class="normal"><sp/><sp/><sp/><sp/><sp/><sp/><sp/><sp/><sp/><sp/><sp/><sp/><sp/><sp/><sp/><sp/><sp/><sp/><sp/><sp/><sp/><sp/><sp/><sp/><sp/><sp/><sp/><sp/></highlight><highlight class="keywordflow">if</highlight><highlight class="normal">(*FuncFocus<sp/>==<sp/></highlight><highlight class="charliteral">&apos;<sp/>&apos;</highlight><highlight class="normal">)<sp/>TypeNameBegin<sp/>=<sp/>FuncFocus<sp/>+<sp/>1;</highlight></codeline>
<codeline lineno="182"><highlight class="normal"><sp/><sp/><sp/><sp/><sp/><sp/><sp/><sp/><sp/><sp/><sp/><sp/><sp/><sp/><sp/><sp/><sp/><sp/><sp/><sp/><sp/><sp/><sp/><sp/></highlight><highlight class="keyword">const</highlight><highlight class="normal"><sp/>sint32<sp/>TypeNameLength<sp/>=<sp/>TypeNameEnd<sp/>-<sp/>TypeNameBegin;</highlight></codeline>
<codeline lineno="183"><highlight class="normal"><sp/><sp/><sp/><sp/><sp/><sp/><sp/><sp/><sp/><sp/><sp/><sp/><sp/><sp/><sp/><sp/><sp/><sp/><sp/><sp/><sp/><sp/><sp/><sp/>PX_ASSERT(</highlight><highlight class="stringliteral">&quot;타입명이<sp/>너무<sp/>깁니다&quot;</highlight><highlight class="normal">,<sp/>TypeNameLength<sp/>&lt;=<sp/>TypeNameLengthMax);</highlight></codeline>
<codeline lineno="184"><highlight class="normal"><sp/><sp/><sp/><sp/><sp/><sp/><sp/><sp/><sp/><sp/><sp/><sp/><sp/><sp/><sp/><sp/><sp/><sp/><sp/><sp/><sp/><sp/><sp/><sp/><ref refid="class_px_1_1_memory_1af9691b1a34d8e8e4d5bfe312a19de938" kindref="member">Memory::Copy</ref>(TypeName,<sp/>TypeNameBegin,<sp/>TypeNameLength);</highlight></codeline>
<codeline lineno="185"><highlight class="normal"><sp/><sp/><sp/><sp/><sp/><sp/><sp/><sp/><sp/><sp/><sp/><sp/><sp/><sp/><sp/><sp/><sp/><sp/><sp/><sp/><sp/><sp/><sp/><sp/>TypeName[TypeNameLength]<sp/>=<sp/></highlight><highlight class="charliteral">&apos;\0&apos;</highlight><highlight class="normal">;</highlight></codeline>
<codeline lineno="186"><highlight class="normal"><sp/><sp/><sp/><sp/><sp/><sp/><sp/><sp/><sp/><sp/><sp/><sp/><sp/><sp/><sp/><sp/><sp/><sp/><sp/><sp/>}</highlight></codeline>
<codeline lineno="187"><highlight class="normal"><sp/><sp/><sp/><sp/><sp/><sp/><sp/><sp/><sp/><sp/><sp/><sp/><sp/><sp/><sp/><sp/><sp/><sp/><sp/><sp/>cmd[2]<sp/>=<sp/>PTR_TO_SBLOCK(TypeName);</highlight></codeline>
<codeline lineno="188"><highlight class="normal"><sp/><sp/><sp/><sp/><sp/><sp/><sp/><sp/><sp/><sp/><sp/><sp/><sp/><sp/><sp/><sp/>}</highlight></codeline>
<codeline lineno="189"><highlight class="normal"><sp/><sp/><sp/><sp/><sp/><sp/><sp/><sp/><sp/><sp/><sp/><sp/>}</highlight></codeline>
<codeline lineno="190"><highlight class="normal"><sp/><sp/><sp/><sp/><sp/><sp/><sp/><sp/>}</highlight></codeline>
<codeline lineno="191"><highlight class="normal"><sp/><sp/><sp/><sp/><sp/><sp/><sp/><sp/></highlight><highlight class="keyword">static</highlight><highlight class="normal"><sp/>buffer<sp/>_Alloc(NEEDS_DBG_PRM<sp/>sint32<sp/>count,<sp/>_AssignorCB<sp/>cb,<sp/></highlight><highlight class="keywordtype">bool</highlight><highlight class="normal"><sp/>canCopy);</highlight></codeline>
<codeline lineno="192"><highlight class="normal"><sp/><sp/><sp/><sp/><sp/><sp/><sp/><sp/></highlight><highlight class="keyword">static</highlight><highlight class="normal"><sp/></highlight><highlight class="keywordtype">void</highlight><highlight class="normal"><sp/>_Free(</highlight><highlight class="keyword">const</highlight><highlight class="normal"><sp/>buffer<sp/>buf);</highlight></codeline>
<codeline lineno="193"><highlight class="normal"><sp/><sp/><sp/><sp/><sp/><sp/><sp/><sp/></highlight><highlight class="keyword">static</highlight><highlight class="normal"><sp/></highlight><highlight class="keyword">const</highlight><highlight class="normal"><sp/>nakedbuffer<sp/>_Convert(</highlight><highlight class="keyword">const</highlight><highlight class="normal"><sp/>buffer<sp/>buf);</highlight></codeline>
<codeline lineno="194"><highlight class="normal"><sp/><sp/><sp/><sp/><sp/><sp/><sp/><sp/></highlight><highlight class="keyword">static</highlight><highlight class="normal"><sp/>sint32<sp/>_SizeOf(</highlight><highlight class="keyword">const</highlight><highlight class="normal"><sp/>nakedbuffer<sp/>naked);</highlight></codeline>
<codeline lineno="195"><highlight class="normal"><sp/><sp/><sp/><sp/><sp/><sp/><sp/><sp/></highlight><highlight class="keyword">static</highlight><highlight class="normal"><sp/>chars<sp/>_NameOf(_AssignorCB<sp/>cb);</highlight></codeline>
<codeline lineno="196"><highlight class="normal"><sp/><sp/><sp/><sp/><sp/><sp/><sp/><sp/></highlight><highlight class="keyword">static</highlight><highlight class="normal"><sp/></highlight><highlight class="keywordtype">void</highlight><highlight class="normal">*<sp/>_At(</highlight><highlight class="keyword">const</highlight><highlight class="normal"><sp/>buffer<sp/>buf,<sp/>sint32<sp/>index,<sp/>_AssignorCB<sp/>cb);</highlight></codeline>
<codeline lineno="197"><highlight class="normal"><sp/><sp/><sp/><sp/><sp/><sp/><sp/><sp/></highlight><highlight class="keyword">static</highlight><highlight class="normal"><sp/></highlight><highlight class="keywordtype">void</highlight><highlight class="normal"><sp/>_Mutex(</highlight><highlight class="keywordtype">bool</highlight><highlight class="normal"><sp/>lock);</highlight></codeline>
<codeline lineno="198"><highlight class="normal"><sp/><sp/><sp/><sp/><sp/><sp/><sp/><sp/></highlight><highlight class="keyword">static</highlight><highlight class="normal"><sp/></highlight><highlight class="keywordtype">void</highlight><highlight class="normal"><sp/>_DebugAttach(NEEDS_DBG_PRM<sp/></highlight><highlight class="keyword">const</highlight><highlight class="normal"><sp/>nakedbuffer<sp/>naked,<sp/>sint32<sp/>blocklen,<sp/>sint32<sp/>reallen);</highlight></codeline>
<codeline lineno="199"><highlight class="normal"><sp/><sp/><sp/><sp/><sp/><sp/><sp/><sp/></highlight><highlight class="keyword">static</highlight><highlight class="normal"><sp/></highlight><highlight class="keywordtype">void</highlight><highlight class="normal"><sp/>_DebugDetach(</highlight><highlight class="keyword">const</highlight><highlight class="normal"><sp/>nakedbuffer<sp/>naked);</highlight></codeline>
<codeline lineno="200"><highlight class="normal"><sp/><sp/><sp/><sp/><sp/><sp/><sp/><sp/></highlight><highlight class="keyword">static</highlight><highlight class="normal"><sp/>sblock*<sp/>_DebugLink();</highlight></codeline>
<codeline lineno="201"><highlight class="normal"><sp/><sp/><sp/><sp/>};</highlight></codeline>
<codeline lineno="202"><highlight class="normal">}</highlight></codeline>
    </programlisting>
    <location file="C:/BonexData/BxProject/PlatyVG/source/px/buffer.hpp"/>
  </compounddef>
</doxygen>
