<?xml version='1.0' encoding='UTF-8' standalone='no'?>
<doxygen xmlns:xsi="http://www.w3.org/2001/XMLSchema-instance" xsi:noNamespaceSchemaLocation="compound.xsd" version="1.8.9.1">
  <compounddef id="class_platy_v_g_element_1_1_action" kind="class" language="C++" prot="public">
    <compoundname>PlatyVGElement::Action</compoundname>
    <derivedcompoundref refid="class_platy_v_g_element_1_1_action_color" prot="public" virt="non-virtual">PlatyVGElement::ActionColor</derivedcompoundref>
    <derivedcompoundref refid="class_platy_v_g_element_1_1_action_create" prot="public" virt="non-virtual">PlatyVGElement::ActionCreate</derivedcompoundref>
    <derivedcompoundref refid="class_platy_v_g_element_1_1_action_matrix" prot="public" virt="non-virtual">PlatyVGElement::ActionMatrix</derivedcompoundref>
    <derivedcompoundref refid="class_platy_v_g_element_1_1_action_remove" prot="public" virt="non-virtual">PlatyVGElement::ActionRemove</derivedcompoundref>
    <derivedcompoundref refid="class_platy_v_g_element_1_1_action_thick" prot="public" virt="non-virtual">PlatyVGElement::ActionThick</derivedcompoundref>
    <includes refid="action_8hpp" local="no">action.hpp</includes>
      <sectiondef kind="public-func">
      <memberdef kind="function" id="class_platy_v_g_element_1_1_action_1a47e62996cde156a807c4326fb77bdbe6" prot="public" static="no" const="no" explicit="no" inline="no" virt="non-virtual">
        <type></type>
        <definition>PlatyVGElement::Action::Action</definition>
        <argsstring>()</argsstring>
        <name>Action</name>
        <briefdescription>
        </briefdescription>
        <detaileddescription>
        </detaileddescription>
        <inbodydescription>
        </inbodydescription>
        <location file="C:/BonexData/BxProject/PlatyVG/source/element/action.hpp" line="12" column="1" bodyfile="C:/BonexData/BxProject/PlatyVG/source/element/action.cpp" bodystart="6" bodyend="8"/>
      </memberdef>
      <memberdef kind="function" id="class_platy_v_g_element_1_1_action_1a578800451cf4d6fc707aa285b28c4482" prot="public" static="no" const="no" explicit="no" inline="no" virt="non-virtual">
        <type></type>
        <definition>PlatyVGElement::Action::Action</definition>
        <argsstring>(const Action &amp;rhs)</argsstring>
        <name>Action</name>
        <param>
          <type>const <ref refid="class_platy_v_g_element_1_1_action" kindref="compound">Action</ref> &amp;</type>
          <declname>rhs</declname>
        </param>
        <briefdescription>
        </briefdescription>
        <detaileddescription>
        </detaileddescription>
        <inbodydescription>
        </inbodydescription>
        <location file="C:/BonexData/BxProject/PlatyVG/source/element/action.hpp" line="13" column="1" bodyfile="C:/BonexData/BxProject/PlatyVG/source/element/action.cpp" bodystart="10" bodyend="13"/>
      </memberdef>
      <memberdef kind="function" id="class_platy_v_g_element_1_1_action_1aec18f8a6f73fa152421a1f933c4d32b3" prot="public" static="no" const="no" explicit="no" inline="no" virt="virtual">
        <type></type>
        <definition>PlatyVGElement::Action::~Action</definition>
        <argsstring>()</argsstring>
        <name>~Action</name>
        <briefdescription>
        </briefdescription>
        <detaileddescription>
        </detaileddescription>
        <inbodydescription>
        </inbodydescription>
        <location file="C:/BonexData/BxProject/PlatyVG/source/element/action.hpp" line="14" column="1" bodyfile="C:/BonexData/BxProject/PlatyVG/source/element/action.cpp" bodystart="15" bodyend="17"/>
      </memberdef>
      <memberdef kind="function" id="class_platy_v_g_element_1_1_action_1a7d2be3f48a3e546723ff459b87f3b2f2" prot="public" static="no" const="no" explicit="no" inline="no" virt="non-virtual">
        <type><ref refid="class_platy_v_g_element_1_1_action" kindref="compound">Action</ref> &amp;</type>
        <definition>Action &amp; PlatyVGElement::Action::operator=</definition>
        <argsstring>(const Action &amp;rhs)</argsstring>
        <name>operator=</name>
        <param>
          <type>const <ref refid="class_platy_v_g_element_1_1_action" kindref="compound">Action</ref> &amp;</type>
          <declname>rhs</declname>
        </param>
        <briefdescription>
        </briefdescription>
        <detaileddescription>
        </detaileddescription>
        <inbodydescription>
        </inbodydescription>
        <location file="C:/BonexData/BxProject/PlatyVG/source/element/action.hpp" line="15" column="1" bodyfile="C:/BonexData/BxProject/PlatyVG/source/element/action.cpp" bodystart="19" bodyend="22"/>
      </memberdef>
      </sectiondef>
    <briefdescription>
<para>작업내역 </para>    </briefdescription>
    <detaileddescription>
    </detaileddescription>
    <inheritancegraph>
      <node id="2">
        <label>PlatyVGElement::Action</label>
        <link refid="class_platy_v_g_element_1_1_action"/>
      </node>
      <node id="5">
        <label>PlatyVGElement::ActionMatrix</label>
        <link refid="class_platy_v_g_element_1_1_action_matrix"/>
        <childnode refid="2" relation="public-inheritance">
        </childnode>
      </node>
      <node id="4">
        <label>PlatyVGElement::ActionCreate</label>
        <link refid="class_platy_v_g_element_1_1_action_create"/>
        <childnode refid="2" relation="public-inheritance">
        </childnode>
      </node>
      <node id="6">
        <label>PlatyVGElement::ActionRemove</label>
        <link refid="class_platy_v_g_element_1_1_action_remove"/>
        <childnode refid="2" relation="public-inheritance">
        </childnode>
      </node>
      <node id="3">
        <label>PlatyVGElement::ActionColor</label>
        <link refid="class_platy_v_g_element_1_1_action_color"/>
        <childnode refid="2" relation="public-inheritance">
        </childnode>
      </node>
      <node id="7">
        <label>PlatyVGElement::ActionThick</label>
        <link refid="class_platy_v_g_element_1_1_action_thick"/>
        <childnode refid="2" relation="public-inheritance">
        </childnode>
      </node>
    </inheritancegraph>
    <location file="C:/BonexData/BxProject/PlatyVG/source/element/action.hpp" line="10" column="1" bodyfile="C:/BonexData/BxProject/PlatyVG/source/element/action.hpp" bodystart="9" bodyend="16"/>
    <listofallmembers>
      <member refid="class_platy_v_g_element_1_1_action_1a47e62996cde156a807c4326fb77bdbe6" prot="public" virt="non-virtual"><scope>PlatyVGElement::Action</scope><name>Action</name></member>
      <member refid="class_platy_v_g_element_1_1_action_1a578800451cf4d6fc707aa285b28c4482" prot="public" virt="non-virtual"><scope>PlatyVGElement::Action</scope><name>Action</name></member>
      <member refid="class_platy_v_g_element_1_1_action_1a7d2be3f48a3e546723ff459b87f3b2f2" prot="public" virt="non-virtual"><scope>PlatyVGElement::Action</scope><name>operator=</name></member>
      <member refid="class_platy_v_g_element_1_1_action_1aec18f8a6f73fa152421a1f933c4d32b3" prot="public" virt="virtual"><scope>PlatyVGElement::Action</scope><name>~Action</name></member>
    </listofallmembers>
  </compounddef>
</doxygen>
