<?xml version='1.0' encoding='UTF-8' standalone='no'?>
<doxygen xmlns:xsi="http://www.w3.org/2001/XMLSchema-instance" xsi:noNamespaceSchemaLocation="compound.xsd" version="1.8.9.1">
  <compounddef id="class_platy_v_g_element_1_1_action_create" kind="class" language="C++" prot="public">
    <compoundname>PlatyVGElement::ActionCreate</compoundname>
    <basecompoundref refid="class_platy_v_g_element_1_1_action" prot="public" virt="non-virtual">PlatyVGElement::Action</basecompoundref>
    <includes refid="action_8hpp" local="no">action.hpp</includes>
      <sectiondef kind="public-attrib">
      <memberdef kind="variable" id="class_platy_v_g_element_1_1_action_create_1a7ae0e64cdf1f3daf7673d8720d6c9cc1" prot="public" static="no" mutable="no">
        <type>sint32</type>
        <definition>sint32 PlatyVGElement::ActionCreate::saved_shapeid</definition>
        <argsstring></argsstring>
        <name>saved_shapeid</name>
        <briefdescription>
        </briefdescription>
        <detaileddescription>
        </detaileddescription>
        <inbodydescription>
        </inbodydescription>
        <location file="C:/BonexData/BxProject/PlatyVG/source/element/action.hpp" line="31" column="1" bodyfile="C:/BonexData/BxProject/PlatyVG/source/element/action.hpp" bodystart="31" bodyend="-1"/>
      </memberdef>
      </sectiondef>
      <sectiondef kind="public-func">
      <memberdef kind="function" id="class_platy_v_g_element_1_1_action_create_1abe149eb8d694fecc09ce080545ba791f" prot="public" static="no" const="no" explicit="no" inline="no" virt="non-virtual">
        <type></type>
        <definition>PlatyVGElement::ActionCreate::ActionCreate</definition>
        <argsstring>()</argsstring>
        <name>ActionCreate</name>
        <briefdescription>
        </briefdescription>
        <detaileddescription>
        </detaileddescription>
        <inbodydescription>
        </inbodydescription>
        <location file="C:/BonexData/BxProject/PlatyVG/source/element/action.hpp" line="24" column="1" bodyfile="C:/BonexData/BxProject/PlatyVG/source/element/action.cpp" bodystart="25" bodyend="27"/>
      </memberdef>
      <memberdef kind="function" id="class_platy_v_g_element_1_1_action_create_1a1725fa0148d9e186a4aadc60284f3f50" prot="public" static="no" const="no" explicit="no" inline="no" virt="non-virtual">
        <type></type>
        <definition>PlatyVGElement::ActionCreate::ActionCreate</definition>
        <argsstring>(const ActionCreate &amp;rhs)</argsstring>
        <name>ActionCreate</name>
        <param>
          <type>const <ref refid="class_platy_v_g_element_1_1_action_create" kindref="compound">ActionCreate</ref> &amp;</type>
          <declname>rhs</declname>
        </param>
        <briefdescription>
        </briefdescription>
        <detaileddescription>
        </detaileddescription>
        <inbodydescription>
        </inbodydescription>
        <location file="C:/BonexData/BxProject/PlatyVG/source/element/action.hpp" line="25" column="1" bodyfile="C:/BonexData/BxProject/PlatyVG/source/element/action.cpp" bodystart="29" bodyend="32"/>
      </memberdef>
      <memberdef kind="function" id="class_platy_v_g_element_1_1_action_create_1a0c227ea2c1c2187d87fac200d8960c45" prot="public" static="no" const="no" explicit="no" inline="no" virt="non-virtual">
        <type></type>
        <definition>PlatyVGElement::ActionCreate::ActionCreate</definition>
        <argsstring>(const sint32 shapeid)</argsstring>
        <name>ActionCreate</name>
        <param>
          <type>const sint32</type>
          <declname>shapeid</declname>
        </param>
        <briefdescription>
        </briefdescription>
        <detaileddescription>
        </detaileddescription>
        <inbodydescription>
        </inbodydescription>
        <location file="C:/BonexData/BxProject/PlatyVG/source/element/action.hpp" line="26" column="1" bodyfile="C:/BonexData/BxProject/PlatyVG/source/element/action.cpp" bodystart="34" bodyend="37"/>
      </memberdef>
      <memberdef kind="function" id="class_platy_v_g_element_1_1_action_create_1a3882d533d4916df6aeae60774918d93d" prot="public" static="no" const="no" explicit="no" inline="no" virt="virtual">
        <type></type>
        <definition>PlatyVGElement::ActionCreate::~ActionCreate</definition>
        <argsstring>()</argsstring>
        <name>~ActionCreate</name>
        <briefdescription>
        </briefdescription>
        <detaileddescription>
        </detaileddescription>
        <inbodydescription>
        </inbodydescription>
        <location file="C:/BonexData/BxProject/PlatyVG/source/element/action.hpp" line="27" column="1" bodyfile="C:/BonexData/BxProject/PlatyVG/source/element/action.cpp" bodystart="39" bodyend="41"/>
      </memberdef>
      <memberdef kind="function" id="class_platy_v_g_element_1_1_action_create_1aee31f8c6b6ca0ac67b6295b553a82d3f" prot="public" static="no" const="no" explicit="no" inline="no" virt="non-virtual">
        <type><ref refid="class_platy_v_g_element_1_1_action_create" kindref="compound">ActionCreate</ref> &amp;</type>
        <definition>ActionCreate &amp; PlatyVGElement::ActionCreate::operator=</definition>
        <argsstring>(const ActionCreate &amp;rhs)</argsstring>
        <name>operator=</name>
        <param>
          <type>const <ref refid="class_platy_v_g_element_1_1_action_create" kindref="compound">ActionCreate</ref> &amp;</type>
          <declname>rhs</declname>
        </param>
        <briefdescription>
        </briefdescription>
        <detaileddescription>
        </detaileddescription>
        <inbodydescription>
        </inbodydescription>
        <location file="C:/BonexData/BxProject/PlatyVG/source/element/action.hpp" line="28" column="1" bodyfile="C:/BonexData/BxProject/PlatyVG/source/element/action.cpp" bodystart="43" bodyend="47"/>
      </memberdef>
      </sectiondef>
    <briefdescription>
<para>작업내역(생성) </para>    </briefdescription>
    <detaileddescription>
    </detaileddescription>
    <inheritancegraph>
      <node id="15">
        <label>PlatyVGElement::Action</label>
        <link refid="class_platy_v_g_element_1_1_action"/>
      </node>
      <node id="14">
        <label>PlatyVGElement::ActionCreate</label>
        <link refid="class_platy_v_g_element_1_1_action_create"/>
        <childnode refid="15" relation="public-inheritance">
        </childnode>
      </node>
    </inheritancegraph>
    <collaborationgraph>
      <node id="17">
        <label>PlatyVGElement::Action</label>
        <link refid="class_platy_v_g_element_1_1_action"/>
      </node>
      <node id="16">
        <label>PlatyVGElement::ActionCreate</label>
        <link refid="class_platy_v_g_element_1_1_action_create"/>
        <childnode refid="17" relation="public-inheritance">
        </childnode>
      </node>
    </collaborationgraph>
    <location file="C:/BonexData/BxProject/PlatyVG/source/element/action.hpp" line="22" column="1" bodyfile="C:/BonexData/BxProject/PlatyVG/source/element/action.hpp" bodystart="21" bodyend="32"/>
    <listofallmembers>
      <member refid="class_platy_v_g_element_1_1_action_1a47e62996cde156a807c4326fb77bdbe6" prot="public" virt="non-virtual"><scope>PlatyVGElement::ActionCreate</scope><name>Action</name></member>
      <member refid="class_platy_v_g_element_1_1_action_1a578800451cf4d6fc707aa285b28c4482" prot="public" virt="non-virtual"><scope>PlatyVGElement::ActionCreate</scope><name>Action</name></member>
      <member refid="class_platy_v_g_element_1_1_action_create_1abe149eb8d694fecc09ce080545ba791f" prot="public" virt="non-virtual"><scope>PlatyVGElement::ActionCreate</scope><name>ActionCreate</name></member>
      <member refid="class_platy_v_g_element_1_1_action_create_1a1725fa0148d9e186a4aadc60284f3f50" prot="public" virt="non-virtual"><scope>PlatyVGElement::ActionCreate</scope><name>ActionCreate</name></member>
      <member refid="class_platy_v_g_element_1_1_action_create_1a0c227ea2c1c2187d87fac200d8960c45" prot="public" virt="non-virtual"><scope>PlatyVGElement::ActionCreate</scope><name>ActionCreate</name></member>
      <member refid="class_platy_v_g_element_1_1_action_create_1aee31f8c6b6ca0ac67b6295b553a82d3f" prot="public" virt="non-virtual"><scope>PlatyVGElement::ActionCreate</scope><name>operator=</name></member>
      <member refid="class_platy_v_g_element_1_1_action_1a7d2be3f48a3e546723ff459b87f3b2f2" prot="public" virt="non-virtual" ambiguityscope="PlatyVGElement::Action::"><scope>PlatyVGElement::ActionCreate</scope><name>operator=</name></member>
      <member refid="class_platy_v_g_element_1_1_action_create_1a7ae0e64cdf1f3daf7673d8720d6c9cc1" prot="public" virt="non-virtual"><scope>PlatyVGElement::ActionCreate</scope><name>saved_shapeid</name></member>
      <member refid="class_platy_v_g_element_1_1_action_1aec18f8a6f73fa152421a1f933c4d32b3" prot="public" virt="virtual"><scope>PlatyVGElement::ActionCreate</scope><name>~Action</name></member>
      <member refid="class_platy_v_g_element_1_1_action_create_1a3882d533d4916df6aeae60774918d93d" prot="public" virt="virtual"><scope>PlatyVGElement::ActionCreate</scope><name>~ActionCreate</name></member>
    </listofallmembers>
  </compounddef>
</doxygen>
