<?xml version='1.0' encoding='UTF-8' standalone='no'?>
<doxygen xmlns:xsi="http://www.w3.org/2001/XMLSchema-instance" xsi:noNamespaceSchemaLocation="compound.xsd" version="1.8.9.1">
  <compounddef id="class_px_1_1_buffer" kind="class" language="C++" prot="public">
    <compoundname>Px::Buffer</compoundname>
    <includes refid="buffer_8hpp" local="no">buffer.hpp</includes>
      <sectiondef kind="private-type">
      <memberdef kind="typedef" id="class_px_1_1_buffer_1a5173a21ad0371ba490e1c710e5cc2d0b" prot="private" static="no">
        <type>void(*</type>
        <definition>typedef void(* Px::Buffer::_AssignorCB) (buffer, sblock *)</definition>
        <argsstring>)(buffer, sblock *)</argsstring>
        <name>_AssignorCB</name>
        <briefdescription>
        </briefdescription>
        <detaileddescription>
        </detaileddescription>
        <inbodydescription>
        </inbodydescription>
        <location file="C:/BonexData/BxProject/PlatyVG/source/px/buffer.hpp" line="111" column="1" bodyfile="C:/BonexData/BxProject/PlatyVG/source/px/buffer.hpp" bodystart="111" bodyend="-1"/>
      </memberdef>
      </sectiondef>
      <sectiondef kind="public-static-func">
      <memberdef kind="function" id="class_px_1_1_buffer_1a706cc5f11ce53c7c78d0dec9bf7622c2" prot="public" static="yes" const="no" explicit="no" inline="yes" virt="non-virtual">
        <templateparamlist>
          <param>
            <type>typename TYPE</type>
            <defval>uint08</defval>
          </param>
        </templateparamlist>
        <type>buffer</type>
        <definition>static buffer Px::Buffer::Alloc</definition>
        <argsstring>(NEEDS_DBG_PRM sint32 count, bool canCopy=false)</argsstring>
        <name>Alloc</name>
        <param>
          <type>NEEDS_DBG_PRM sint32</type>
          <declname>count</declname>
        </param>
        <param>
          <type>bool</type>
          <declname>canCopy</declname>
          <defval>false</defval>
        </param>
        <briefdescription>
<para>할당 </para>        </briefdescription>
        <detaileddescription>
<para><parameterlist kind="param"><parameteritem>
<parameternamelist>
<parametername>count</parametername>
</parameternamelist>
<parameterdescription>
<para>: 배열수량 </para></parameterdescription>
</parameteritem>
<parameteritem>
<parameternamelist>
<parametername>canCopy</parametername>
</parameternamelist>
<parameterdescription>
<para>: Memcpy사용가능 여부 </para></parameterdescription>
</parameteritem>
</parameterlist>
<simplesect kind="return"><para>할당된 버퍼주소(형변환됨) </para></simplesect>
<simplesect kind="see"><para><ref refid="class_px_1_1_buffer_1a569634f9d7c5899741487662669be869" kindref="member">AllocBySample</ref>, <ref refid="class_px_1_1_buffer_1a5729c012b7491be06ad6dba8a6ed6b8c" kindref="member">Realloc</ref>, <ref refid="class_px_1_1_buffer_1acd05ebbf9dd44cb5806e270d9d83c4ab" kindref="member">Free</ref> </para></simplesect>
</para>        </detaileddescription>
        <inbodydescription>
        </inbodydescription>
        <location file="C:/BonexData/BxProject/PlatyVG/source/px/buffer.hpp" line="18" column="1" bodyfile="C:/BonexData/BxProject/PlatyVG/source/px/buffer.hpp" bodystart="18" bodyend="19"/>
      </memberdef>
      <memberdef kind="function" id="class_px_1_1_buffer_1a569634f9d7c5899741487662669be869" prot="public" static="yes" const="no" explicit="no" inline="no" virt="non-virtual">
        <type>buffer</type>
        <definition>buffer Px::Buffer::AllocBySample</definition>
        <argsstring>(NEEDS_DBG_PRM sint32 count, const buffer sample)</argsstring>
        <name>AllocBySample</name>
        <param>
          <type>NEEDS_DBG_PRM sint32</type>
          <declname>count</declname>
        </param>
        <param>
          <type>const buffer</type>
          <declname>sample</declname>
        </param>
        <briefdescription>
<para>참고할당(샘플과 동일한 타입으로) </para>        </briefdescription>
        <detaileddescription>
<para><parameterlist kind="param"><parameteritem>
<parameternamelist>
<parametername>count</parametername>
</parameternamelist>
<parameterdescription>
<para>: 배열수량 </para></parameterdescription>
</parameteritem>
<parameteritem>
<parameternamelist>
<parametername>sample</parametername>
</parameternamelist>
<parameterdescription>
<para>: 참고되는 버퍼주소 </para></parameterdescription>
</parameteritem>
</parameterlist>
<simplesect kind="return"><para>할당된 버퍼주소 </para></simplesect>
<simplesect kind="see"><para><ref refid="class_px_1_1_buffer_1a706cc5f11ce53c7c78d0dec9bf7622c2" kindref="member">Alloc</ref>, <ref refid="class_px_1_1_buffer_1a5729c012b7491be06ad6dba8a6ed6b8c" kindref="member">Realloc</ref>, <ref refid="class_px_1_1_buffer_1acd05ebbf9dd44cb5806e270d9d83c4ab" kindref="member">Free</ref> </para></simplesect>
</para>        </detaileddescription>
        <inbodydescription>
        </inbodydescription>
        <location file="C:/BonexData/BxProject/PlatyVG/source/px/buffer.hpp" line="28" column="1" bodyfile="C:/BonexData/BxProject/PlatyVG/source/px/buffer.cpp" bodystart="39" bodyend="44"/>
      </memberdef>
      <memberdef kind="function" id="class_px_1_1_buffer_1a5729c012b7491be06ad6dba8a6ed6b8c" prot="public" static="yes" const="no" explicit="no" inline="no" virt="non-virtual">
        <type>buffer</type>
        <definition>buffer Px::Buffer::Realloc</definition>
        <argsstring>(NEEDS_DBG_PRM buffer buf, sint32 count)</argsstring>
        <name>Realloc</name>
        <param>
          <type>NEEDS_DBG_PRM buffer</type>
          <declname>buf</declname>
        </param>
        <param>
          <type>sint32</type>
          <declname>count</declname>
        </param>
        <briefdescription>
<para>재할당(배열수량이 변경되었을 때만) </para>        </briefdescription>
        <detaileddescription>
<para><parameterlist kind="param"><parameteritem>
<parameternamelist>
<parametername>buf</parametername>
</parameternamelist>
<parameterdescription>
<para>: 버퍼주소 </para></parameterdescription>
</parameteritem>
<parameteritem>
<parameternamelist>
<parametername>count</parametername>
</parameternamelist>
<parameterdescription>
<para>: 재할당할 배열수량 </para></parameterdescription>
</parameteritem>
</parameterlist>
<simplesect kind="return"><para>재할당된 버퍼주소 </para></simplesect>
<simplesect kind="see"><para><ref refid="class_px_1_1_buffer_1a706cc5f11ce53c7c78d0dec9bf7622c2" kindref="member">Alloc</ref>, <ref refid="class_px_1_1_buffer_1a569634f9d7c5899741487662669be869" kindref="member">AllocBySample</ref>, <ref refid="class_px_1_1_buffer_1acd05ebbf9dd44cb5806e270d9d83c4ab" kindref="member">Free</ref> </para></simplesect>
</para>        </detaileddescription>
        <inbodydescription>
        </inbodydescription>
        <location file="C:/BonexData/BxProject/PlatyVG/source/px/buffer.hpp" line="37" column="1" bodyfile="C:/BonexData/BxProject/PlatyVG/source/px/buffer.cpp" bodystart="46" bodyend="60"/>
      </memberdef>
      <memberdef kind="function" id="class_px_1_1_buffer_1acd05ebbf9dd44cb5806e270d9d83c4ab" prot="public" static="yes" const="no" explicit="no" inline="no" virt="non-virtual">
        <type>void</type>
        <definition>void Px::Buffer::Free</definition>
        <argsstring>(const buffer buf)</argsstring>
        <name>Free</name>
        <param>
          <type>const buffer</type>
          <declname>buf</declname>
        </param>
        <briefdescription>
<para>해제 </para>        </briefdescription>
        <detaileddescription>
<para><parameterlist kind="param"><parameteritem>
<parameternamelist>
<parametername>buf</parametername>
</parameternamelist>
<parameterdescription>
<para>: 버퍼주소 </para></parameterdescription>
</parameteritem>
</parameterlist>
<simplesect kind="see"><para><ref refid="class_px_1_1_buffer_1a706cc5f11ce53c7c78d0dec9bf7622c2" kindref="member">Alloc</ref>, <ref refid="class_px_1_1_buffer_1a569634f9d7c5899741487662669be869" kindref="member">AllocBySample</ref>, <ref refid="class_px_1_1_buffer_1a5729c012b7491be06ad6dba8a6ed6b8c" kindref="member">Realloc</ref> </para></simplesect>
</para>        </detaileddescription>
        <inbodydescription>
        </inbodydescription>
        <location file="C:/BonexData/BxProject/PlatyVG/source/px/buffer.hpp" line="44" column="1" bodyfile="C:/BonexData/BxProject/PlatyVG/source/px/buffer.cpp" bodystart="62" bodyend="67"/>
      </memberdef>
      <memberdef kind="function" id="class_px_1_1_buffer_1a453d7995686842cd386096297af82712" prot="public" static="yes" const="no" explicit="no" inline="no" virt="non-virtual">
        <type>void</type>
        <definition>void Px::Buffer::Copy</definition>
        <argsstring>(buffer dstBuf, sint32 dstOff, const buffer srcBuf, sint32 srcOff, sint32 count)</argsstring>
        <name>Copy</name>
        <param>
          <type>buffer</type>
          <declname>dstBuf</declname>
        </param>
        <param>
          <type>sint32</type>
          <declname>dstOff</declname>
        </param>
        <param>
          <type>const buffer</type>
          <declname>srcBuf</declname>
        </param>
        <param>
          <type>sint32</type>
          <declname>srcOff</declname>
        </param>
        <param>
          <type>sint32</type>
          <declname>count</declname>
        </param>
        <briefdescription>
<para>복사 </para>        </briefdescription>
        <detaileddescription>
<para><parameterlist kind="param"><parameteritem>
<parameternamelist>
<parametername>dstBuf</parametername>
</parameternamelist>
<parameterdescription>
<para>: 붙여넣을 버퍼 </para></parameterdescription>
</parameteritem>
<parameteritem>
<parameternamelist>
<parametername>dstOff</parametername>
</parameternamelist>
<parameterdescription>
<para>: 붙여넣을 오프셋 </para></parameterdescription>
</parameteritem>
<parameteritem>
<parameternamelist>
<parametername>srcBuf</parametername>
</parameternamelist>
<parameterdescription>
<para>: 복사할 버퍼 </para></parameterdescription>
</parameteritem>
<parameteritem>
<parameternamelist>
<parametername>srcOff</parametername>
</parameternamelist>
<parameterdescription>
<para>: 복사할 오프셋 </para></parameterdescription>
</parameteritem>
<parameteritem>
<parameternamelist>
<parametername>count</parametername>
</parameternamelist>
<parameterdescription>
<para>: 복사할 배열수량 </para></parameterdescription>
</parameteritem>
</parameterlist>
</para>        </detaileddescription>
        <inbodydescription>
        </inbodydescription>
        <location file="C:/BonexData/BxProject/PlatyVG/source/px/buffer.hpp" line="54" column="1" bodyfile="C:/BonexData/BxProject/PlatyVG/source/px/buffer.cpp" bodystart="69" bodyend="80"/>
      </memberdef>
      <memberdef kind="function" id="class_px_1_1_buffer_1afe6bd86527d6d9fe6365ea09243c9bb6" prot="public" static="yes" const="no" explicit="no" inline="no" virt="non-virtual">
        <type>sint32</type>
        <definition>sint32 Px::Buffer::CountOf</definition>
        <argsstring>(const buffer buf)</argsstring>
        <name>CountOf</name>
        <param>
          <type>const buffer</type>
          <declname>buf</declname>
        </param>
        <briefdescription>
<para>배열수량 구하기 </para>        </briefdescription>
        <detaileddescription>
<para><parameterlist kind="param"><parameteritem>
<parameternamelist>
<parametername>buf</parametername>
</parameternamelist>
<parameterdescription>
<para>: 버퍼주소 </para></parameterdescription>
</parameteritem>
</parameterlist>
<simplesect kind="return"><para>배열수량 </para></simplesect>
<simplesect kind="see"><para><ref refid="class_px_1_1_buffer_1ad0e1f7aaea5896955df0217bb4c7267d" kindref="member">SizeOf</ref>, <ref refid="class_px_1_1_buffer_1af0325801ad185aa83670d1d231b25bc0" kindref="member">TypeOf</ref>, <ref refid="class_px_1_1_buffer_1a108775f2c98457691287088fd159e926" kindref="member">NameOf</ref> </para></simplesect>
</para>        </detaileddescription>
        <inbodydescription>
        </inbodydescription>
        <location file="C:/BonexData/BxProject/PlatyVG/source/px/buffer.hpp" line="62" column="1" bodyfile="C:/BonexData/BxProject/PlatyVG/source/px/buffer.cpp" bodystart="82" bodyend="86"/>
      </memberdef>
      <memberdef kind="function" id="class_px_1_1_buffer_1ad0e1f7aaea5896955df0217bb4c7267d" prot="public" static="yes" const="no" explicit="no" inline="no" virt="non-virtual">
        <type>sint32</type>
        <definition>sint32 Px::Buffer::SizeOf</definition>
        <argsstring>(const buffer buf)</argsstring>
        <name>SizeOf</name>
        <param>
          <type>const buffer</type>
          <declname>buf</declname>
        </param>
        <briefdescription>
<para>객체사이즈 구하기 </para>        </briefdescription>
        <detaileddescription>
<para><parameterlist kind="param"><parameteritem>
<parameternamelist>
<parametername>buf</parametername>
</parameternamelist>
<parameterdescription>
<para>: 버퍼주소 </para></parameterdescription>
</parameteritem>
</parameterlist>
<simplesect kind="return"><para>객체사이즈 </para></simplesect>
<simplesect kind="see"><para><ref refid="class_px_1_1_buffer_1afe6bd86527d6d9fe6365ea09243c9bb6" kindref="member">CountOf</ref>, <ref refid="class_px_1_1_buffer_1af0325801ad185aa83670d1d231b25bc0" kindref="member">TypeOf</ref>, <ref refid="class_px_1_1_buffer_1a108775f2c98457691287088fd159e926" kindref="member">NameOf</ref> </para></simplesect>
</para>        </detaileddescription>
        <inbodydescription>
        </inbodydescription>
        <location file="C:/BonexData/BxProject/PlatyVG/source/px/buffer.hpp" line="70" column="1" bodyfile="C:/BonexData/BxProject/PlatyVG/source/px/buffer.cpp" bodystart="88" bodyend="91"/>
      </memberdef>
      <memberdef kind="function" id="class_px_1_1_buffer_1af0325801ad185aa83670d1d231b25bc0" prot="public" static="yes" const="no" explicit="no" inline="no" virt="non-virtual">
        <type>sblock</type>
        <definition>sblock Px::Buffer::TypeOf</definition>
        <argsstring>(const buffer buf)</argsstring>
        <name>TypeOf</name>
        <param>
          <type>const buffer</type>
          <declname>buf</declname>
        </param>
        <briefdescription>
<para>객체타입 구하기 </para>        </briefdescription>
        <detaileddescription>
<para><parameterlist kind="param"><parameteritem>
<parameternamelist>
<parametername>buf</parametername>
</parameternamelist>
<parameterdescription>
<para>: 버퍼주소 </para></parameterdescription>
</parameteritem>
</parameterlist>
<simplesect kind="return"><para>객체타입(해당 _Assignor함수의 주소) </para></simplesect>
<simplesect kind="see"><para><ref refid="class_px_1_1_buffer_1afe6bd86527d6d9fe6365ea09243c9bb6" kindref="member">CountOf</ref>, <ref refid="class_px_1_1_buffer_1ad0e1f7aaea5896955df0217bb4c7267d" kindref="member">SizeOf</ref>, <ref refid="class_px_1_1_buffer_1a108775f2c98457691287088fd159e926" kindref="member">NameOf</ref> </para></simplesect>
</para>        </detaileddescription>
        <inbodydescription>
        </inbodydescription>
        <location file="C:/BonexData/BxProject/PlatyVG/source/px/buffer.hpp" line="78" column="1" bodyfile="C:/BonexData/BxProject/PlatyVG/source/px/buffer.cpp" bodystart="93" bodyend="97"/>
      </memberdef>
      <memberdef kind="function" id="class_px_1_1_buffer_1a108775f2c98457691287088fd159e926" prot="public" static="yes" const="no" explicit="no" inline="no" virt="non-virtual">
        <type>chars</type>
        <definition>chars Px::Buffer::NameOf</definition>
        <argsstring>(const buffer buf)</argsstring>
        <name>NameOf</name>
        <param>
          <type>const buffer</type>
          <declname>buf</declname>
        </param>
        <briefdescription>
<para>객체이름 구하기 </para>        </briefdescription>
        <detaileddescription>
<para><parameterlist kind="param"><parameteritem>
<parameternamelist>
<parametername>buf</parametername>
</parameternamelist>
<parameterdescription>
<para>: 버퍼주소 </para></parameterdescription>
</parameteritem>
</parameterlist>
<simplesect kind="return"><para>객체이름 </para></simplesect>
<simplesect kind="see"><para><ref refid="class_px_1_1_buffer_1afe6bd86527d6d9fe6365ea09243c9bb6" kindref="member">CountOf</ref>, <ref refid="class_px_1_1_buffer_1ad0e1f7aaea5896955df0217bb4c7267d" kindref="member">SizeOf</ref>, <ref refid="class_px_1_1_buffer_1af0325801ad185aa83670d1d231b25bc0" kindref="member">TypeOf</ref> </para></simplesect>
</para>        </detaileddescription>
        <inbodydescription>
        </inbodydescription>
        <location file="C:/BonexData/BxProject/PlatyVG/source/px/buffer.hpp" line="86" column="1" bodyfile="C:/BonexData/BxProject/PlatyVG/source/px/buffer.cpp" bodystart="99" bodyend="103"/>
      </memberdef>
      <memberdef kind="function" id="class_px_1_1_buffer_1ac1ab6da2b7284d5fbbc1a6f9d77b04ea" prot="public" static="yes" const="no" explicit="no" inline="yes" virt="non-virtual">
        <templateparamlist>
          <param>
            <type>typename TYPE</type>
            <defval>uint08</defval>
          </param>
        </templateparamlist>
        <type>TYPE &amp;</type>
        <definition>static TYPE&amp; Px::Buffer::At</definition>
        <argsstring>(const buffer buf, sint32 index)</argsstring>
        <name>At</name>
        <param>
          <type>const buffer</type>
          <declname>buf</declname>
        </param>
        <param>
          <type>sint32</type>
          <declname>index</declname>
        </param>
        <briefdescription>
<para>쓰기접근 </para>        </briefdescription>
        <detaileddescription>
<para><parameterlist kind="param"><parameteritem>
<parameternamelist>
<parametername>buf</parametername>
</parameternamelist>
<parameterdescription>
<para>: 버퍼주소 </para></parameterdescription>
</parameteritem>
<parameteritem>
<parameternamelist>
<parametername>index</parametername>
</parameternamelist>
<parameterdescription>
<para>: 인덱스 </para></parameterdescription>
</parameteritem>
</parameterlist>
<simplesect kind="return"><para>해당 객체 </para></simplesect>
</para>        </detaileddescription>
        <inbodydescription>
        </inbodydescription>
        <location file="C:/BonexData/BxProject/PlatyVG/source/px/buffer.hpp" line="95" column="1" bodyfile="C:/BonexData/BxProject/PlatyVG/source/px/buffer.hpp" bodystart="95" bodyend="96"/>
      </memberdef>
      <memberdef kind="function" id="class_px_1_1_buffer_1afa4ac0013039eac758ae07c73978e831" prot="public" static="yes" const="no" explicit="no" inline="no" virt="non-virtual">
        <type>void</type>
        <definition>void Px::Buffer::Reset</definition>
        <argsstring>(buffer buf, sint32 index)</argsstring>
        <name>Reset</name>
        <param>
          <type>buffer</type>
          <declname>buf</declname>
        </param>
        <param>
          <type>sint32</type>
          <declname>index</declname>
        </param>
        <briefdescription>
<para>초기화 </para>        </briefdescription>
        <detaileddescription>
<para><parameterlist kind="param"><parameteritem>
<parameternamelist>
<parametername>buf</parametername>
</parameternamelist>
<parameterdescription>
<para>: 버퍼주소 </para></parameterdescription>
</parameteritem>
<parameteritem>
<parameternamelist>
<parametername>index</parametername>
</parameternamelist>
<parameterdescription>
<para>: 초기화할 인덱스 </para></parameterdescription>
</parameteritem>
</parameterlist>
</para>        </detaileddescription>
        <inbodydescription>
        </inbodydescription>
        <location file="C:/BonexData/BxProject/PlatyVG/source/px/buffer.hpp" line="103" column="1" bodyfile="C:/BonexData/BxProject/PlatyVG/source/px/buffer.cpp" bodystart="105" bodyend="111"/>
      </memberdef>
      <memberdef kind="function" id="class_px_1_1_buffer_1a45a991bfb7492d8bdb538f8ef2f05ee7" prot="public" static="yes" const="no" explicit="no" inline="no" virt="non-virtual">
        <type>void</type>
        <definition>void Px::Buffer::DebugPrint</definition>
        <argsstring>()</argsstring>
        <name>DebugPrint</name>
        <briefdescription>
<para>잔존메모리 현황보고 </para>        </briefdescription>
        <detaileddescription>
        </detaileddescription>
        <inbodydescription>
        </inbodydescription>
        <location file="C:/BonexData/BxProject/PlatyVG/source/px/buffer.hpp" line="108" column="1" bodyfile="C:/BonexData/BxProject/PlatyVG/source/px/buffer.cpp" bodystart="113" bodyend="133"/>
      </memberdef>
      </sectiondef>
      <sectiondef kind="private-static-func">
      <memberdef kind="function" id="class_px_1_1_buffer_1a0d74665754f9dd2ac45418e18e572221" prot="private" static="yes" const="no" explicit="no" inline="yes" virt="non-virtual">
        <templateparamlist>
          <param>
            <type>typename TYPE</type>
          </param>
        </templateparamlist>
        <type>void</type>
        <definition>static void Px::Buffer::_Assignor</definition>
        <argsstring>(buffer buf, sblock *cmd)</argsstring>
        <name>_Assignor</name>
        <param>
          <type>buffer</type>
          <declname>buf</declname>
        </param>
        <param>
          <type>sblock *</type>
          <declname>cmd</declname>
        </param>
        <briefdescription>
        </briefdescription>
        <detaileddescription>
        </detaileddescription>
        <inbodydescription>
        </inbodydescription>
        <location file="C:/BonexData/BxProject/PlatyVG/source/px/buffer.hpp" line="113" column="1" bodyfile="C:/BonexData/BxProject/PlatyVG/source/px/buffer.hpp" bodystart="113" bodyend="190"/>
      </memberdef>
      <memberdef kind="function" id="class_px_1_1_buffer_1a5f93d90889703ad3301e2ed53298b1cb" prot="private" static="yes" const="no" explicit="no" inline="no" virt="non-virtual">
        <type>buffer</type>
        <definition>buffer Px::Buffer::_Alloc</definition>
        <argsstring>(NEEDS_DBG_PRM sint32 count, _AssignorCB cb, bool canCopy)</argsstring>
        <name>_Alloc</name>
        <param>
          <type>NEEDS_DBG_PRM sint32</type>
          <declname>count</declname>
        </param>
        <param>
          <type>_AssignorCB</type>
          <declname>cb</declname>
        </param>
        <param>
          <type>bool</type>
          <declname>canCopy</declname>
        </param>
        <briefdescription>
        </briefdescription>
        <detaileddescription>
        </detaileddescription>
        <inbodydescription>
        </inbodydescription>
        <location file="C:/BonexData/BxProject/PlatyVG/source/px/buffer.hpp" line="191" column="1" bodyfile="C:/BonexData/BxProject/PlatyVG/source/px/buffer.cpp" bodystart="135" bodyend="149"/>
      </memberdef>
      <memberdef kind="function" id="class_px_1_1_buffer_1a8040872b583a243747a9c6efc9211184" prot="private" static="yes" const="no" explicit="no" inline="no" virt="non-virtual">
        <type>void</type>
        <definition>void Px::Buffer::_Free</definition>
        <argsstring>(const buffer buf)</argsstring>
        <name>_Free</name>
        <param>
          <type>const buffer</type>
          <declname>buf</declname>
        </param>
        <briefdescription>
        </briefdescription>
        <detaileddescription>
        </detaileddescription>
        <inbodydescription>
        </inbodydescription>
        <location file="C:/BonexData/BxProject/PlatyVG/source/px/buffer.hpp" line="192" column="1" bodyfile="C:/BonexData/BxProject/PlatyVG/source/px/buffer.cpp" bodystart="151" bodyend="156"/>
      </memberdef>
      <memberdef kind="function" id="class_px_1_1_buffer_1a4260149cb52664809a5a5b8c611656eb" prot="private" static="yes" const="no" explicit="no" inline="no" virt="non-virtual">
        <type>const nakedbuffer</type>
        <definition>const nakedbuffer Px::Buffer::_Convert</definition>
        <argsstring>(const buffer buf)</argsstring>
        <name>_Convert</name>
        <param>
          <type>const buffer</type>
          <declname>buf</declname>
        </param>
        <briefdescription>
        </briefdescription>
        <detaileddescription>
        </detaileddescription>
        <inbodydescription>
        </inbodydescription>
        <location file="C:/BonexData/BxProject/PlatyVG/source/px/buffer.hpp" line="193" column="1" bodyfile="C:/BonexData/BxProject/PlatyVG/source/px/buffer.cpp" bodystart="158" bodyend="166"/>
      </memberdef>
      <memberdef kind="function" id="class_px_1_1_buffer_1af2f8a29b746cb73441a8cf723e889fc6" prot="private" static="yes" const="no" explicit="no" inline="no" virt="non-virtual">
        <type>sint32</type>
        <definition>sint32 Px::Buffer::_SizeOf</definition>
        <argsstring>(const nakedbuffer naked)</argsstring>
        <name>_SizeOf</name>
        <param>
          <type>const nakedbuffer</type>
          <declname>naked</declname>
        </param>
        <briefdescription>
        </briefdescription>
        <detaileddescription>
        </detaileddescription>
        <inbodydescription>
        </inbodydescription>
        <location file="C:/BonexData/BxProject/PlatyVG/source/px/buffer.hpp" line="194" column="1" bodyfile="C:/BonexData/BxProject/PlatyVG/source/px/buffer.cpp" bodystart="168" bodyend="174"/>
      </memberdef>
      <memberdef kind="function" id="class_px_1_1_buffer_1abda9344a551b0c487a60f3df3fed0e34" prot="private" static="yes" const="no" explicit="no" inline="no" virt="non-virtual">
        <type>chars</type>
        <definition>chars Px::Buffer::_NameOf</definition>
        <argsstring>(_AssignorCB cb)</argsstring>
        <name>_NameOf</name>
        <param>
          <type>_AssignorCB</type>
          <declname>cb</declname>
        </param>
        <briefdescription>
        </briefdescription>
        <detaileddescription>
        </detaileddescription>
        <inbodydescription>
        </inbodydescription>
        <location file="C:/BonexData/BxProject/PlatyVG/source/px/buffer.hpp" line="195" column="1" bodyfile="C:/BonexData/BxProject/PlatyVG/source/px/buffer.cpp" bodystart="176" bodyend="181"/>
      </memberdef>
      <memberdef kind="function" id="class_px_1_1_buffer_1a0ff1b050eab4f15bfc500d2a4c52f926" prot="private" static="yes" const="no" explicit="no" inline="no" virt="non-virtual">
        <type>void *</type>
        <definition>void * Px::Buffer::_At</definition>
        <argsstring>(const buffer buf, sint32 index, _AssignorCB cb)</argsstring>
        <name>_At</name>
        <param>
          <type>const buffer</type>
          <declname>buf</declname>
        </param>
        <param>
          <type>sint32</type>
          <declname>index</declname>
        </param>
        <param>
          <type>_AssignorCB</type>
          <declname>cb</declname>
        </param>
        <briefdescription>
        </briefdescription>
        <detaileddescription>
        </detaileddescription>
        <inbodydescription>
        </inbodydescription>
        <location file="C:/BonexData/BxProject/PlatyVG/source/px/buffer.hpp" line="196" column="1" bodyfile="C:/BonexData/BxProject/PlatyVG/source/px/buffer.cpp" bodystart="183" bodyend="198"/>
      </memberdef>
      <memberdef kind="function" id="class_px_1_1_buffer_1a6dcee501d1653fe943b75e6e8129f588" prot="private" static="yes" const="no" explicit="no" inline="no" virt="non-virtual">
        <type>void</type>
        <definition>void Px::Buffer::_Mutex</definition>
        <argsstring>(bool lock)</argsstring>
        <name>_Mutex</name>
        <param>
          <type>bool</type>
          <declname>lock</declname>
        </param>
        <briefdescription>
        </briefdescription>
        <detaileddescription>
        </detaileddescription>
        <inbodydescription>
        </inbodydescription>
        <location file="C:/BonexData/BxProject/PlatyVG/source/px/buffer.hpp" line="197" column="1" bodyfile="C:/BonexData/BxProject/PlatyVG/source/px/buffer.cpp" bodystart="200" bodyend="205"/>
      </memberdef>
      <memberdef kind="function" id="class_px_1_1_buffer_1a0b6ad0be4dac682bffbcb29e50b4abe6" prot="private" static="yes" const="no" explicit="no" inline="no" virt="non-virtual">
        <type>void</type>
        <definition>void Px::Buffer::_DebugAttach</definition>
        <argsstring>(NEEDS_DBG_PRM const nakedbuffer naked, sint32 blocklen, sint32 reallen)</argsstring>
        <name>_DebugAttach</name>
        <param>
          <type>NEEDS_DBG_PRM const nakedbuffer</type>
          <declname>naked</declname>
        </param>
        <param>
          <type>sint32</type>
          <declname>blocklen</declname>
        </param>
        <param>
          <type>sint32</type>
          <declname>reallen</declname>
        </param>
        <briefdescription>
        </briefdescription>
        <detaileddescription>
        </detaileddescription>
        <inbodydescription>
        </inbodydescription>
        <location file="C:/BonexData/BxProject/PlatyVG/source/px/buffer.hpp" line="198" column="1" bodyfile="C:/BonexData/BxProject/PlatyVG/source/px/buffer.cpp" bodystart="207" bodyend="223"/>
      </memberdef>
      <memberdef kind="function" id="class_px_1_1_buffer_1ab53214d53394af7d42b76c0f7812e50e" prot="private" static="yes" const="no" explicit="no" inline="no" virt="non-virtual">
        <type>void</type>
        <definition>void Px::Buffer::_DebugDetach</definition>
        <argsstring>(const nakedbuffer naked)</argsstring>
        <name>_DebugDetach</name>
        <param>
          <type>const nakedbuffer</type>
          <declname>naked</declname>
        </param>
        <briefdescription>
        </briefdescription>
        <detaileddescription>
        </detaileddescription>
        <inbodydescription>
        </inbodydescription>
        <location file="C:/BonexData/BxProject/PlatyVG/source/px/buffer.hpp" line="199" column="1" bodyfile="C:/BonexData/BxProject/PlatyVG/source/px/buffer.cpp" bodystart="225" bodyend="235"/>
      </memberdef>
      <memberdef kind="function" id="class_px_1_1_buffer_1a580c428d9c9aa7af450b6bab65552671" prot="private" static="yes" const="no" explicit="no" inline="no" virt="non-virtual">
        <type>sblock *</type>
        <definition>sblock * Px::Buffer::_DebugLink</definition>
        <argsstring>()</argsstring>
        <name>_DebugLink</name>
        <briefdescription>
        </briefdescription>
        <detaileddescription>
        </detaileddescription>
        <inbodydescription>
        </inbodydescription>
        <location file="C:/BonexData/BxProject/PlatyVG/source/px/buffer.hpp" line="200" column="1" bodyfile="C:/BonexData/BxProject/PlatyVG/source/px/buffer.cpp" bodystart="237" bodyend="246"/>
      </memberdef>
      </sectiondef>
    <briefdescription>
<para>버퍼지원 </para>    </briefdescription>
    <detaileddescription>
    </detaileddescription>
    <location file="C:/BonexData/BxProject/PlatyVG/source/px/buffer.hpp" line="8" column="1" bodyfile="C:/BonexData/BxProject/PlatyVG/source/px/buffer.hpp" bodystart="7" bodyend="201"/>
    <listofallmembers>
      <member refid="class_px_1_1_buffer_1a5f93d90889703ad3301e2ed53298b1cb" prot="private" virt="non-virtual"><scope>Px::Buffer</scope><name>_Alloc</name></member>
      <member refid="class_px_1_1_buffer_1a0d74665754f9dd2ac45418e18e572221" prot="private" virt="non-virtual"><scope>Px::Buffer</scope><name>_Assignor</name></member>
      <member refid="class_px_1_1_buffer_1a5173a21ad0371ba490e1c710e5cc2d0b" prot="private" virt="non-virtual"><scope>Px::Buffer</scope><name>_AssignorCB</name></member>
      <member refid="class_px_1_1_buffer_1a0ff1b050eab4f15bfc500d2a4c52f926" prot="private" virt="non-virtual"><scope>Px::Buffer</scope><name>_At</name></member>
      <member refid="class_px_1_1_buffer_1a4260149cb52664809a5a5b8c611656eb" prot="private" virt="non-virtual"><scope>Px::Buffer</scope><name>_Convert</name></member>
      <member refid="class_px_1_1_buffer_1a0b6ad0be4dac682bffbcb29e50b4abe6" prot="private" virt="non-virtual"><scope>Px::Buffer</scope><name>_DebugAttach</name></member>
      <member refid="class_px_1_1_buffer_1ab53214d53394af7d42b76c0f7812e50e" prot="private" virt="non-virtual"><scope>Px::Buffer</scope><name>_DebugDetach</name></member>
      <member refid="class_px_1_1_buffer_1a580c428d9c9aa7af450b6bab65552671" prot="private" virt="non-virtual"><scope>Px::Buffer</scope><name>_DebugLink</name></member>
      <member refid="class_px_1_1_buffer_1a8040872b583a243747a9c6efc9211184" prot="private" virt="non-virtual"><scope>Px::Buffer</scope><name>_Free</name></member>
      <member refid="class_px_1_1_buffer_1a6dcee501d1653fe943b75e6e8129f588" prot="private" virt="non-virtual"><scope>Px::Buffer</scope><name>_Mutex</name></member>
      <member refid="class_px_1_1_buffer_1abda9344a551b0c487a60f3df3fed0e34" prot="private" virt="non-virtual"><scope>Px::Buffer</scope><name>_NameOf</name></member>
      <member refid="class_px_1_1_buffer_1af2f8a29b746cb73441a8cf723e889fc6" prot="private" virt="non-virtual"><scope>Px::Buffer</scope><name>_SizeOf</name></member>
      <member refid="class_px_1_1_buffer_1a706cc5f11ce53c7c78d0dec9bf7622c2" prot="public" virt="non-virtual"><scope>Px::Buffer</scope><name>Alloc</name></member>
      <member refid="class_px_1_1_buffer_1a569634f9d7c5899741487662669be869" prot="public" virt="non-virtual"><scope>Px::Buffer</scope><name>AllocBySample</name></member>
      <member refid="class_px_1_1_buffer_1ac1ab6da2b7284d5fbbc1a6f9d77b04ea" prot="public" virt="non-virtual"><scope>Px::Buffer</scope><name>At</name></member>
      <member refid="class_px_1_1_buffer_1a453d7995686842cd386096297af82712" prot="public" virt="non-virtual"><scope>Px::Buffer</scope><name>Copy</name></member>
      <member refid="class_px_1_1_buffer_1afe6bd86527d6d9fe6365ea09243c9bb6" prot="public" virt="non-virtual"><scope>Px::Buffer</scope><name>CountOf</name></member>
      <member refid="class_px_1_1_buffer_1a45a991bfb7492d8bdb538f8ef2f05ee7" prot="public" virt="non-virtual"><scope>Px::Buffer</scope><name>DebugPrint</name></member>
      <member refid="class_px_1_1_buffer_1acd05ebbf9dd44cb5806e270d9d83c4ab" prot="public" virt="non-virtual"><scope>Px::Buffer</scope><name>Free</name></member>
      <member refid="class_px_1_1_buffer_1a108775f2c98457691287088fd159e926" prot="public" virt="non-virtual"><scope>Px::Buffer</scope><name>NameOf</name></member>
      <member refid="class_px_1_1_buffer_1a5729c012b7491be06ad6dba8a6ed6b8c" prot="public" virt="non-virtual"><scope>Px::Buffer</scope><name>Realloc</name></member>
      <member refid="class_px_1_1_buffer_1afa4ac0013039eac758ae07c73978e831" prot="public" virt="non-virtual"><scope>Px::Buffer</scope><name>Reset</name></member>
      <member refid="class_px_1_1_buffer_1ad0e1f7aaea5896955df0217bb4c7267d" prot="public" virt="non-virtual"><scope>Px::Buffer</scope><name>SizeOf</name></member>
      <member refid="class_px_1_1_buffer_1af0325801ad185aa83670d1d231b25bc0" prot="public" virt="non-virtual"><scope>Px::Buffer</scope><name>TypeOf</name></member>
    </listofallmembers>
  </compounddef>
</doxygen>
