<?xml version='1.0' encoding='UTF-8' standalone='no'?>
<doxygen xmlns:xsi="http://www.w3.org/2001/XMLSchema-instance" xsi:noNamespaceSchemaLocation="compound.xsd" version="1.8.9.1">
  <compounddef id="class_platy_v_g_element_1_1_coord" kind="class" language="C++" prot="public">
    <compoundname>PlatyVGElement::Coord</compoundname>
    <includes refid="coord_8hpp" local="no">coord.hpp</includes>
      <sectiondef kind="public-attrib">
      <memberdef kind="variable" id="class_platy_v_g_element_1_1_coord_1ae34145dfa274d8daaaa402a0fc26bd67" prot="public" static="no" mutable="no">
        <type>float</type>
        <definition>float PlatyVGElement::Coord::x</definition>
        <argsstring></argsstring>
        <name>x</name>
        <briefdescription>
        </briefdescription>
        <detaileddescription>
        </detaileddescription>
        <inbodydescription>
        </inbodydescription>
        <location file="C:/BonexData/BxProject/PlatyVG/source/element/coord.hpp" line="17" column="1" bodyfile="C:/BonexData/BxProject/PlatyVG/source/element/coord.hpp" bodystart="17" bodyend="-1"/>
      </memberdef>
      <memberdef kind="variable" id="class_platy_v_g_element_1_1_coord_1a31c9414fded2adec486c212bb8ad1e9e" prot="public" static="no" mutable="no">
        <type>float</type>
        <definition>float PlatyVGElement::Coord::y</definition>
        <argsstring></argsstring>
        <name>y</name>
        <briefdescription>
        </briefdescription>
        <detaileddescription>
        </detaileddescription>
        <inbodydescription>
        </inbodydescription>
        <location file="C:/BonexData/BxProject/PlatyVG/source/element/coord.hpp" line="18" column="1" bodyfile="C:/BonexData/BxProject/PlatyVG/source/element/coord.hpp" bodystart="18" bodyend="-1"/>
      </memberdef>
      <memberdef kind="variable" id="class_platy_v_g_element_1_1_coord_1a3a9635e0b5d4b718ea284a93f067d808" prot="public" static="no" mutable="no">
        <type>float</type>
        <definition>float PlatyVGElement::Coord::force</definition>
        <argsstring></argsstring>
        <name>force</name>
        <briefdescription>
        </briefdescription>
        <detaileddescription>
        </detaileddescription>
        <inbodydescription>
        </inbodydescription>
        <location file="C:/BonexData/BxProject/PlatyVG/source/element/coord.hpp" line="19" column="1" bodyfile="C:/BonexData/BxProject/PlatyVG/source/element/coord.hpp" bodystart="19" bodyend="-1"/>
      </memberdef>
      </sectiondef>
      <sectiondef kind="public-func">
      <memberdef kind="function" id="class_platy_v_g_element_1_1_coord_1a28b05e465ec0beecbea6c9d5221a693e" prot="public" static="no" const="no" explicit="no" inline="no" virt="non-virtual">
        <type></type>
        <definition>PlatyVGElement::Coord::Coord</definition>
        <argsstring>()</argsstring>
        <name>Coord</name>
        <briefdescription>
        </briefdescription>
        <detaileddescription>
        </detaileddescription>
        <inbodydescription>
        </inbodydescription>
        <location file="C:/BonexData/BxProject/PlatyVG/source/element/coord.hpp" line="10" column="1" bodyfile="C:/BonexData/BxProject/PlatyVG/source/element/coord.cpp" bodystart="6" bodyend="11"/>
      </memberdef>
      <memberdef kind="function" id="class_platy_v_g_element_1_1_coord_1a354005f7974236fc37d32144e009d548" prot="public" static="no" const="no" explicit="no" inline="no" virt="non-virtual">
        <type></type>
        <definition>PlatyVGElement::Coord::Coord</definition>
        <argsstring>(const Coord &amp;rhs)</argsstring>
        <name>Coord</name>
        <param>
          <type>const <ref refid="class_platy_v_g_element_1_1_coord" kindref="compound">Coord</ref> &amp;</type>
          <declname>rhs</declname>
        </param>
        <briefdescription>
        </briefdescription>
        <detaileddescription>
        </detaileddescription>
        <inbodydescription>
        </inbodydescription>
        <location file="C:/BonexData/BxProject/PlatyVG/source/element/coord.hpp" line="11" column="1" bodyfile="C:/BonexData/BxProject/PlatyVG/source/element/coord.cpp" bodystart="13" bodyend="16"/>
      </memberdef>
      <memberdef kind="function" id="class_platy_v_g_element_1_1_coord_1abad869f2e47f8f638d3d9c71ca5b2da6" prot="public" static="no" const="no" explicit="no" inline="no" virt="non-virtual">
        <type></type>
        <definition>PlatyVGElement::Coord::Coord</definition>
        <argsstring>(float x, float y, float force)</argsstring>
        <name>Coord</name>
        <param>
          <type>float</type>
          <declname>x</declname>
        </param>
        <param>
          <type>float</type>
          <declname>y</declname>
        </param>
        <param>
          <type>float</type>
          <declname>force</declname>
        </param>
        <briefdescription>
        </briefdescription>
        <detaileddescription>
        </detaileddescription>
        <inbodydescription>
        </inbodydescription>
        <location file="C:/BonexData/BxProject/PlatyVG/source/element/coord.hpp" line="12" column="1" bodyfile="C:/BonexData/BxProject/PlatyVG/source/element/coord.cpp" bodystart="18" bodyend="23"/>
      </memberdef>
      <memberdef kind="function" id="class_platy_v_g_element_1_1_coord_1ac09435ce3ca169ea20c6fc78cd2910fc" prot="public" static="no" const="no" explicit="no" inline="no" virt="non-virtual">
        <type></type>
        <definition>PlatyVGElement::Coord::~Coord</definition>
        <argsstring>()</argsstring>
        <name>~Coord</name>
        <briefdescription>
        </briefdescription>
        <detaileddescription>
        </detaileddescription>
        <inbodydescription>
        </inbodydescription>
        <location file="C:/BonexData/BxProject/PlatyVG/source/element/coord.hpp" line="13" column="1" bodyfile="C:/BonexData/BxProject/PlatyVG/source/element/coord.cpp" bodystart="25" bodyend="27"/>
      </memberdef>
      <memberdef kind="function" id="class_platy_v_g_element_1_1_coord_1a8e7f03c333d13f1c5e9a6c5c500ae3be" prot="public" static="no" const="no" explicit="no" inline="no" virt="non-virtual">
        <type><ref refid="class_platy_v_g_element_1_1_coord" kindref="compound">Coord</ref> &amp;</type>
        <definition>Coord &amp; PlatyVGElement::Coord::operator=</definition>
        <argsstring>(const Coord &amp;rhs)</argsstring>
        <name>operator=</name>
        <param>
          <type>const <ref refid="class_platy_v_g_element_1_1_coord" kindref="compound">Coord</ref> &amp;</type>
          <declname>rhs</declname>
        </param>
        <briefdescription>
        </briefdescription>
        <detaileddescription>
        </detaileddescription>
        <inbodydescription>
        </inbodydescription>
        <location file="C:/BonexData/BxProject/PlatyVG/source/element/coord.hpp" line="14" column="1" bodyfile="C:/BonexData/BxProject/PlatyVG/source/element/coord.cpp" bodystart="29" bodyend="35"/>
      </memberdef>
      </sectiondef>
    <briefdescription>
<para>터치좌표 </para>    </briefdescription>
    <detaileddescription>
    </detaileddescription>
    <location file="C:/BonexData/BxProject/PlatyVG/source/element/coord.hpp" line="8" column="1" bodyfile="C:/BonexData/BxProject/PlatyVG/source/element/coord.hpp" bodystart="7" bodyend="20"/>
    <listofallmembers>
      <member refid="class_platy_v_g_element_1_1_coord_1a28b05e465ec0beecbea6c9d5221a693e" prot="public" virt="non-virtual"><scope>PlatyVGElement::Coord</scope><name>Coord</name></member>
      <member refid="class_platy_v_g_element_1_1_coord_1a354005f7974236fc37d32144e009d548" prot="public" virt="non-virtual"><scope>PlatyVGElement::Coord</scope><name>Coord</name></member>
      <member refid="class_platy_v_g_element_1_1_coord_1abad869f2e47f8f638d3d9c71ca5b2da6" prot="public" virt="non-virtual"><scope>PlatyVGElement::Coord</scope><name>Coord</name></member>
      <member refid="class_platy_v_g_element_1_1_coord_1a3a9635e0b5d4b718ea284a93f067d808" prot="public" virt="non-virtual"><scope>PlatyVGElement::Coord</scope><name>force</name></member>
      <member refid="class_platy_v_g_element_1_1_coord_1a8e7f03c333d13f1c5e9a6c5c500ae3be" prot="public" virt="non-virtual"><scope>PlatyVGElement::Coord</scope><name>operator=</name></member>
      <member refid="class_platy_v_g_element_1_1_coord_1ae34145dfa274d8daaaa402a0fc26bd67" prot="public" virt="non-virtual"><scope>PlatyVGElement::Coord</scope><name>x</name></member>
      <member refid="class_platy_v_g_element_1_1_coord_1a31c9414fded2adec486c212bb8ad1e9e" prot="public" virt="non-virtual"><scope>PlatyVGElement::Coord</scope><name>y</name></member>
      <member refid="class_platy_v_g_element_1_1_coord_1ac09435ce3ca169ea20c6fc78cd2910fc" prot="public" virt="non-virtual"><scope>PlatyVGElement::Coord</scope><name>~Coord</name></member>
    </listofallmembers>
  </compounddef>
</doxygen>
