<?xml version='1.0' encoding='UTF-8' standalone='no'?>
<doxygen xmlns:xsi="http://www.w3.org/2001/XMLSchema-instance" xsi:noNamespaceSchemaLocation="compound.xsd" version="1.8.9.1">
  <compounddef id="class_platy_v_g_element_1_1_action_color" kind="class" language="C++" prot="public">
    <compoundname>PlatyVGElement::ActionColor</compoundname>
    <basecompoundref refid="class_platy_v_g_element_1_1_action" prot="public" virt="non-virtual">PlatyVGElement::Action</basecompoundref>
    <includes refid="action_8hpp" local="no">action.hpp</includes>
      <sectiondef kind="public-attrib">
      <memberdef kind="variable" id="class_platy_v_g_element_1_1_action_color_1a153041db064e10e1ab4b7f3281925a00" prot="public" static="no" mutable="no">
        <type>sint32</type>
        <definition>sint32 PlatyVGElement::ActionColor::saved_shapeid</definition>
        <argsstring></argsstring>
        <name>saved_shapeid</name>
        <briefdescription>
        </briefdescription>
        <detaileddescription>
        </detaileddescription>
        <inbodydescription>
        </inbodydescription>
        <location file="C:/BonexData/BxProject/PlatyVG/source/element/action.hpp" line="74" column="1" bodyfile="C:/BonexData/BxProject/PlatyVG/source/element/action.hpp" bodystart="74" bodyend="-1"/>
      </memberdef>
      <memberdef kind="variable" id="class_platy_v_g_element_1_1_action_color_1ad08c93d74e7c9f23bbbb619219186c9f" prot="public" static="no" mutable="no">
        <type><ref refid="class_platy_v_g_element_1_1_color" kindref="compound">Color</ref></type>
        <definition>Color PlatyVGElement::ActionColor::saved_color</definition>
        <argsstring></argsstring>
        <name>saved_color</name>
        <briefdescription>
        </briefdescription>
        <detaileddescription>
        </detaileddescription>
        <inbodydescription>
        </inbodydescription>
        <location file="C:/BonexData/BxProject/PlatyVG/source/element/action.hpp" line="75" column="1" bodyfile="C:/BonexData/BxProject/PlatyVG/source/element/action.hpp" bodystart="75" bodyend="-1"/>
      </memberdef>
      </sectiondef>
      <sectiondef kind="public-func">
      <memberdef kind="function" id="class_platy_v_g_element_1_1_action_color_1a060523613af868d4a0f381ceed421d5f" prot="public" static="no" const="no" explicit="no" inline="no" virt="non-virtual">
        <type></type>
        <definition>PlatyVGElement::ActionColor::ActionColor</definition>
        <argsstring>()</argsstring>
        <name>ActionColor</name>
        <briefdescription>
        </briefdescription>
        <detaileddescription>
        </detaileddescription>
        <inbodydescription>
        </inbodydescription>
        <location file="C:/BonexData/BxProject/PlatyVG/source/element/action.hpp" line="67" column="1" bodyfile="C:/BonexData/BxProject/PlatyVG/source/element/action.cpp" bodystart="102" bodyend="104"/>
      </memberdef>
      <memberdef kind="function" id="class_platy_v_g_element_1_1_action_color_1a226cf6b06a64d077945f8e9f81a43cd5" prot="public" static="no" const="no" explicit="no" inline="no" virt="non-virtual">
        <type></type>
        <definition>PlatyVGElement::ActionColor::ActionColor</definition>
        <argsstring>(const ActionColor &amp;rhs)</argsstring>
        <name>ActionColor</name>
        <param>
          <type>const <ref refid="class_platy_v_g_element_1_1_action_color" kindref="compound">ActionColor</ref> &amp;</type>
          <declname>rhs</declname>
        </param>
        <briefdescription>
        </briefdescription>
        <detaileddescription>
        </detaileddescription>
        <inbodydescription>
        </inbodydescription>
        <location file="C:/BonexData/BxProject/PlatyVG/source/element/action.hpp" line="68" column="1" bodyfile="C:/BonexData/BxProject/PlatyVG/source/element/action.cpp" bodystart="106" bodyend="109"/>
      </memberdef>
      <memberdef kind="function" id="class_platy_v_g_element_1_1_action_color_1a7a887101910856e491ffb86499ae83ba" prot="public" static="no" const="no" explicit="no" inline="no" virt="non-virtual">
        <type></type>
        <definition>PlatyVGElement::ActionColor::ActionColor</definition>
        <argsstring>(const sint32 shapeid, const Color &amp;color)</argsstring>
        <name>ActionColor</name>
        <param>
          <type>const sint32</type>
          <declname>shapeid</declname>
        </param>
        <param>
          <type>const <ref refid="class_platy_v_g_element_1_1_color" kindref="compound">Color</ref> &amp;</type>
          <declname>color</declname>
        </param>
        <briefdescription>
        </briefdescription>
        <detaileddescription>
        </detaileddescription>
        <inbodydescription>
        </inbodydescription>
        <location file="C:/BonexData/BxProject/PlatyVG/source/element/action.hpp" line="69" column="1" bodyfile="C:/BonexData/BxProject/PlatyVG/source/element/action.cpp" bodystart="111" bodyend="115"/>
      </memberdef>
      <memberdef kind="function" id="class_platy_v_g_element_1_1_action_color_1a813f9cc9e72738d405fb0e80b0a8b1cd" prot="public" static="no" const="no" explicit="no" inline="no" virt="virtual">
        <type></type>
        <definition>PlatyVGElement::ActionColor::~ActionColor</definition>
        <argsstring>()</argsstring>
        <name>~ActionColor</name>
        <briefdescription>
        </briefdescription>
        <detaileddescription>
        </detaileddescription>
        <inbodydescription>
        </inbodydescription>
        <location file="C:/BonexData/BxProject/PlatyVG/source/element/action.hpp" line="70" column="1" bodyfile="C:/BonexData/BxProject/PlatyVG/source/element/action.cpp" bodystart="117" bodyend="119"/>
      </memberdef>
      <memberdef kind="function" id="class_platy_v_g_element_1_1_action_color_1ad46cccd58958d899f9922df2044733a5" prot="public" static="no" const="no" explicit="no" inline="no" virt="non-virtual">
        <type><ref refid="class_platy_v_g_element_1_1_action_color" kindref="compound">ActionColor</ref> &amp;</type>
        <definition>ActionColor &amp; PlatyVGElement::ActionColor::operator=</definition>
        <argsstring>(const ActionColor &amp;rhs)</argsstring>
        <name>operator=</name>
        <param>
          <type>const <ref refid="class_platy_v_g_element_1_1_action_color" kindref="compound">ActionColor</ref> &amp;</type>
          <declname>rhs</declname>
        </param>
        <briefdescription>
        </briefdescription>
        <detaileddescription>
        </detaileddescription>
        <inbodydescription>
        </inbodydescription>
        <location file="C:/BonexData/BxProject/PlatyVG/source/element/action.hpp" line="71" column="1" bodyfile="C:/BonexData/BxProject/PlatyVG/source/element/action.cpp" bodystart="121" bodyend="126"/>
      </memberdef>
      </sectiondef>
    <briefdescription>
<para>작업내역(선택-착색) </para>    </briefdescription>
    <detaileddescription>
    </detaileddescription>
    <inheritancegraph>
      <node id="10">
        <label>PlatyVGElement::Action</label>
        <link refid="class_platy_v_g_element_1_1_action"/>
      </node>
      <node id="9">
        <label>PlatyVGElement::ActionColor</label>
        <link refid="class_platy_v_g_element_1_1_action_color"/>
        <childnode refid="10" relation="public-inheritance">
        </childnode>
      </node>
    </inheritancegraph>
    <collaborationgraph>
      <node id="12">
        <label>PlatyVGElement::Action</label>
        <link refid="class_platy_v_g_element_1_1_action"/>
      </node>
      <node id="13">
        <label>PlatyVGElement::Color</label>
        <link refid="class_platy_v_g_element_1_1_color"/>
      </node>
      <node id="11">
        <label>PlatyVGElement::ActionColor</label>
        <link refid="class_platy_v_g_element_1_1_action_color"/>
        <childnode refid="12" relation="public-inheritance">
        </childnode>
        <childnode refid="13" relation="usage">
          <edgelabel>saved_color</edgelabel>
        </childnode>
      </node>
    </collaborationgraph>
    <location file="C:/BonexData/BxProject/PlatyVG/source/element/action.hpp" line="65" column="1" bodyfile="C:/BonexData/BxProject/PlatyVG/source/element/action.hpp" bodystart="64" bodyend="76"/>
    <listofallmembers>
      <member refid="class_platy_v_g_element_1_1_action_1a47e62996cde156a807c4326fb77bdbe6" prot="public" virt="non-virtual"><scope>PlatyVGElement::ActionColor</scope><name>Action</name></member>
      <member refid="class_platy_v_g_element_1_1_action_1a578800451cf4d6fc707aa285b28c4482" prot="public" virt="non-virtual"><scope>PlatyVGElement::ActionColor</scope><name>Action</name></member>
      <member refid="class_platy_v_g_element_1_1_action_color_1a060523613af868d4a0f381ceed421d5f" prot="public" virt="non-virtual"><scope>PlatyVGElement::ActionColor</scope><name>ActionColor</name></member>
      <member refid="class_platy_v_g_element_1_1_action_color_1a226cf6b06a64d077945f8e9f81a43cd5" prot="public" virt="non-virtual"><scope>PlatyVGElement::ActionColor</scope><name>ActionColor</name></member>
      <member refid="class_platy_v_g_element_1_1_action_color_1a7a887101910856e491ffb86499ae83ba" prot="public" virt="non-virtual"><scope>PlatyVGElement::ActionColor</scope><name>ActionColor</name></member>
      <member refid="class_platy_v_g_element_1_1_action_color_1ad46cccd58958d899f9922df2044733a5" prot="public" virt="non-virtual"><scope>PlatyVGElement::ActionColor</scope><name>operator=</name></member>
      <member refid="class_platy_v_g_element_1_1_action_1a7d2be3f48a3e546723ff459b87f3b2f2" prot="public" virt="non-virtual" ambiguityscope="PlatyVGElement::Action::"><scope>PlatyVGElement::ActionColor</scope><name>operator=</name></member>
      <member refid="class_platy_v_g_element_1_1_action_color_1ad08c93d74e7c9f23bbbb619219186c9f" prot="public" virt="non-virtual"><scope>PlatyVGElement::ActionColor</scope><name>saved_color</name></member>
      <member refid="class_platy_v_g_element_1_1_action_color_1a153041db064e10e1ab4b7f3281925a00" prot="public" virt="non-virtual"><scope>PlatyVGElement::ActionColor</scope><name>saved_shapeid</name></member>
      <member refid="class_platy_v_g_element_1_1_action_1aec18f8a6f73fa152421a1f933c4d32b3" prot="public" virt="virtual"><scope>PlatyVGElement::ActionColor</scope><name>~Action</name></member>
      <member refid="class_platy_v_g_element_1_1_action_color_1a813f9cc9e72738d405fb0e80b0a8b1cd" prot="public" virt="virtual"><scope>PlatyVGElement::ActionColor</scope><name>~ActionColor</name></member>
    </listofallmembers>
  </compounddef>
</doxygen>
