<?xml version='1.0' encoding='UTF-8' standalone='no'?>
<doxygen xmlns:xsi="http://www.w3.org/2001/XMLSchema-instance" xsi:noNamespaceSchemaLocation="compound.xsd" version="1.8.9.1">
  <compounddef id="class_platy_v_g_element_1_1_edge_tube" kind="class" language="C++" prot="public">
    <compoundname>PlatyVGElement::EdgeTube</compoundname>
    <basecompoundref refid="class_platy_v_g_element_1_1_edge" prot="public" virt="non-virtual">PlatyVGElement::Edge</basecompoundref>
    <includes refid="edge_8hpp" local="no">edge.hpp</includes>
      <sectiondef kind="public-attrib">
      <memberdef kind="variable" id="class_platy_v_g_element_1_1_edge_tube_1a9b65f3fb28bdc9a87329f1e601bdc45c" prot="public" static="no" mutable="no">
        <type>bool</type>
        <definition>bool PlatyVGElement::EdgeTube::endmark</definition>
        <argsstring></argsstring>
        <name>endmark</name>
        <briefdescription>
        </briefdescription>
        <detaileddescription>
        </detaileddescription>
        <inbodydescription>
        </inbodydescription>
        <location file="C:/BonexData/BxProject/PlatyVG/source/element/edge.hpp" line="70" column="1" bodyfile="C:/BonexData/BxProject/PlatyVG/source/element/edge.hpp" bodystart="70" bodyend="-1"/>
      </memberdef>
      <memberdef kind="variable" id="class_platy_v_g_element_1_1_edge_tube_1a8b57b95cafa69f5618f073110d41318b" prot="public" static="no" mutable="no">
        <type>float</type>
        <definition>float PlatyVGElement::EdgeTube::force</definition>
        <argsstring></argsstring>
        <name>force</name>
        <briefdescription>
        </briefdescription>
        <detaileddescription>
        </detaileddescription>
        <inbodydescription>
        </inbodydescription>
        <location file="C:/BonexData/BxProject/PlatyVG/source/element/edge.hpp" line="71" column="1" bodyfile="C:/BonexData/BxProject/PlatyVG/source/element/edge.hpp" bodystart="71" bodyend="-1"/>
      </memberdef>
      <memberdef kind="variable" id="class_platy_v_g_element_1_1_edge_tube_1acbdeb058c312042f8d95300ff93ba277" prot="public" static="no" mutable="no">
        <type>float</type>
        <definition>float PlatyVGElement::EdgeTube::lx</definition>
        <argsstring></argsstring>
        <name>lx</name>
        <briefdescription>
        </briefdescription>
        <detaileddescription>
        </detaileddescription>
        <inbodydescription>
        </inbodydescription>
        <location file="C:/BonexData/BxProject/PlatyVG/source/element/edge.hpp" line="72" column="1" bodyfile="C:/BonexData/BxProject/PlatyVG/source/element/edge.hpp" bodystart="72" bodyend="-1"/>
      </memberdef>
      <memberdef kind="variable" id="class_platy_v_g_element_1_1_edge_tube_1ab9f1f7f86ae572b4482ca7165c22ab3b" prot="public" static="no" mutable="no">
        <type>float</type>
        <definition>float PlatyVGElement::EdgeTube::ly</definition>
        <argsstring></argsstring>
        <name>ly</name>
        <briefdescription>
        </briefdescription>
        <detaileddescription>
        </detaileddescription>
        <inbodydescription>
        </inbodydescription>
        <location file="C:/BonexData/BxProject/PlatyVG/source/element/edge.hpp" line="73" column="1" bodyfile="C:/BonexData/BxProject/PlatyVG/source/element/edge.hpp" bodystart="73" bodyend="-1"/>
      </memberdef>
      <memberdef kind="variable" id="class_platy_v_g_element_1_1_edge_tube_1a40ebe02e408d6aff6d6b3421b7a63238" prot="public" static="no" mutable="no">
        <type>float</type>
        <definition>float PlatyVGElement::EdgeTube::rx</definition>
        <argsstring></argsstring>
        <name>rx</name>
        <briefdescription>
        </briefdescription>
        <detaileddescription>
        </detaileddescription>
        <inbodydescription>
        </inbodydescription>
        <location file="C:/BonexData/BxProject/PlatyVG/source/element/edge.hpp" line="74" column="1" bodyfile="C:/BonexData/BxProject/PlatyVG/source/element/edge.hpp" bodystart="74" bodyend="-1"/>
      </memberdef>
      <memberdef kind="variable" id="class_platy_v_g_element_1_1_edge_tube_1abcbfd0513876cab7213de486a3a2ac81" prot="public" static="no" mutable="no">
        <type>float</type>
        <definition>float PlatyVGElement::EdgeTube::ry</definition>
        <argsstring></argsstring>
        <name>ry</name>
        <briefdescription>
        </briefdescription>
        <detaileddescription>
        </detaileddescription>
        <inbodydescription>
        </inbodydescription>
        <location file="C:/BonexData/BxProject/PlatyVG/source/element/edge.hpp" line="75" column="1" bodyfile="C:/BonexData/BxProject/PlatyVG/source/element/edge.hpp" bodystart="75" bodyend="-1"/>
      </memberdef>
      </sectiondef>
      <sectiondef kind="public-func">
      <memberdef kind="function" id="class_platy_v_g_element_1_1_edge_tube_1af257618720d22693349dd4ce6d7831cc" prot="public" static="no" const="no" explicit="no" inline="no" virt="non-virtual">
        <type></type>
        <definition>PlatyVGElement::EdgeTube::EdgeTube</definition>
        <argsstring>()</argsstring>
        <name>EdgeTube</name>
        <briefdescription>
        </briefdescription>
        <detaileddescription>
        </detaileddescription>
        <inbodydescription>
        </inbodydescription>
        <location file="C:/BonexData/BxProject/PlatyVG/source/element/edge.hpp" line="54" column="1" bodyfile="C:/BonexData/BxProject/PlatyVG/source/element/edge.cpp" bodystart="98" bodyend="106"/>
      </memberdef>
      <memberdef kind="function" id="class_platy_v_g_element_1_1_edge_tube_1a5db84bc1708b2471ff3306e2bc4fdc81" prot="public" static="no" const="no" explicit="no" inline="no" virt="non-virtual">
        <type></type>
        <definition>PlatyVGElement::EdgeTube::EdgeTube</definition>
        <argsstring>(const EdgeTube &amp;rhs)</argsstring>
        <name>EdgeTube</name>
        <param>
          <type>const <ref refid="class_platy_v_g_element_1_1_edge_tube" kindref="compound">EdgeTube</ref> &amp;</type>
          <declname>rhs</declname>
        </param>
        <briefdescription>
        </briefdescription>
        <detaileddescription>
        </detaileddescription>
        <inbodydescription>
        </inbodydescription>
        <location file="C:/BonexData/BxProject/PlatyVG/source/element/edge.hpp" line="55" column="1" bodyfile="C:/BonexData/BxProject/PlatyVG/source/element/edge.cpp" bodystart="108" bodyend="111"/>
      </memberdef>
      <memberdef kind="function" id="class_platy_v_g_element_1_1_edge_tube_1a4197ef8f1eb2512604dc7f05573a10a8" prot="public" static="no" const="no" explicit="no" inline="no" virt="non-virtual">
        <type></type>
        <definition>PlatyVGElement::EdgeTube::EdgeTube</definition>
        <argsstring>(float force, float lx, float ly, float rx, float ry)</argsstring>
        <name>EdgeTube</name>
        <param>
          <type>float</type>
          <declname>force</declname>
        </param>
        <param>
          <type>float</type>
          <declname>lx</declname>
        </param>
        <param>
          <type>float</type>
          <declname>ly</declname>
        </param>
        <param>
          <type>float</type>
          <declname>rx</declname>
        </param>
        <param>
          <type>float</type>
          <declname>ry</declname>
        </param>
        <briefdescription>
        </briefdescription>
        <detaileddescription>
        </detaileddescription>
        <inbodydescription>
        </inbodydescription>
        <location file="C:/BonexData/BxProject/PlatyVG/source/element/edge.hpp" line="56" column="1" bodyfile="C:/BonexData/BxProject/PlatyVG/source/element/edge.cpp" bodystart="113" bodyend="121"/>
      </memberdef>
      <memberdef kind="function" id="class_platy_v_g_element_1_1_edge_tube_1acb8e242b3ddbfa0c4aa7071719ae2e3a" prot="public" static="no" const="no" explicit="no" inline="no" virt="non-virtual">
        <type></type>
        <definition>PlatyVGElement::EdgeTube::EdgeTube</definition>
        <argsstring>(bytes rhs)</argsstring>
        <name>EdgeTube</name>
        <param>
          <type>bytes</type>
          <declname>rhs</declname>
        </param>
        <briefdescription>
        </briefdescription>
        <detaileddescription>
        </detaileddescription>
        <inbodydescription>
        </inbodydescription>
        <location file="C:/BonexData/BxProject/PlatyVG/source/element/edge.hpp" line="57" column="1" bodyfile="C:/BonexData/BxProject/PlatyVG/source/element/edge.cpp" bodystart="123" bodyend="126"/>
      </memberdef>
      <memberdef kind="function" id="class_platy_v_g_element_1_1_edge_tube_1a39fddc7892bd8c8886f5763911dba055" prot="public" static="no" const="no" explicit="no" inline="no" virt="virtual">
        <type></type>
        <definition>PlatyVGElement::EdgeTube::~EdgeTube</definition>
        <argsstring>()</argsstring>
        <name>~EdgeTube</name>
        <briefdescription>
        </briefdescription>
        <detaileddescription>
        </detaileddescription>
        <inbodydescription>
        </inbodydescription>
        <location file="C:/BonexData/BxProject/PlatyVG/source/element/edge.hpp" line="58" column="1" bodyfile="C:/BonexData/BxProject/PlatyVG/source/element/edge.cpp" bodystart="128" bodyend="130"/>
      </memberdef>
      <memberdef kind="function" id="class_platy_v_g_element_1_1_edge_tube_1a32d944df43e349db0bd8706dc6b5ddc4" prot="public" static="no" const="no" explicit="no" inline="no" virt="non-virtual">
        <type><ref refid="class_platy_v_g_element_1_1_edge_tube" kindref="compound">EdgeTube</ref> &amp;</type>
        <definition>EdgeTube &amp; PlatyVGElement::EdgeTube::operator=</definition>
        <argsstring>(const EdgeTube &amp;rhs)</argsstring>
        <name>operator=</name>
        <param>
          <type>const <ref refid="class_platy_v_g_element_1_1_edge_tube" kindref="compound">EdgeTube</ref> &amp;</type>
          <declname>rhs</declname>
        </param>
        <briefdescription>
        </briefdescription>
        <detaileddescription>
        </detaileddescription>
        <inbodydescription>
        </inbodydescription>
        <location file="C:/BonexData/BxProject/PlatyVG/source/element/edge.hpp" line="59" column="1" bodyfile="C:/BonexData/BxProject/PlatyVG/source/element/edge.cpp" bodystart="132" bodyend="141"/>
      </memberdef>
      <memberdef kind="function" id="class_platy_v_g_element_1_1_edge_tube_1a165a58745d82f6637373c632ffccd235" prot="public" static="no" const="yes" explicit="no" inline="no" virt="virtual">
        <type>bool</type>
        <definition>bool PlatyVGElement::EdgeTube::IsValid</definition>
        <argsstring>() const </argsstring>
        <name>IsValid</name>
        <reimplements refid="class_platy_v_g_element_1_1_edge_1a4776ca32a1af70a283775136ee9c3351">IsValid</reimplements>
        <briefdescription>
        </briefdescription>
        <detaileddescription>
        </detaileddescription>
        <inbodydescription>
        </inbodydescription>
        <location file="C:/BonexData/BxProject/PlatyVG/source/element/edge.hpp" line="62" column="1" bodyfile="C:/BonexData/BxProject/PlatyVG/source/element/edge.cpp" bodystart="143" bodyend="146"/>
      </memberdef>
      <memberdef kind="function" id="class_platy_v_g_element_1_1_edge_tube_1abf9ac08acf095c43ead7a64901fcecbd" prot="public" static="no" const="yes" explicit="no" inline="no" virt="virtual">
        <type>const <ref refid="class_platy_v_g_element_1_1_point" kindref="compound">Point</ref></type>
        <definition>const Point PlatyVGElement::EdgeTube::ValidPoint</definition>
        <argsstring>() const </argsstring>
        <name>ValidPoint</name>
        <reimplements refid="class_platy_v_g_element_1_1_edge_1a959e10f7f1499060ef0165ef491afa74">ValidPoint</reimplements>
        <briefdescription>
        </briefdescription>
        <detaileddescription>
        </detaileddescription>
        <inbodydescription>
        </inbodydescription>
        <location file="C:/BonexData/BxProject/PlatyVG/source/element/edge.hpp" line="63" column="1" bodyfile="C:/BonexData/BxProject/PlatyVG/source/element/edge.cpp" bodystart="148" bodyend="151"/>
      </memberdef>
      <memberdef kind="function" id="class_platy_v_g_element_1_1_edge_tube_1a49536b9e6d2ce57e103fef97bfbcb0c0" prot="public" static="no" const="yes" explicit="no" inline="no" virt="virtual">
        <type>sint32</type>
        <definition>sint32 PlatyVGElement::EdgeTube::LengthOfWrite</definition>
        <argsstring>() const </argsstring>
        <name>LengthOfWrite</name>
        <reimplements refid="class_platy_v_g_element_1_1_edge_1a6a24b2618aa7e326f311f64b9fa6cdb6">LengthOfWrite</reimplements>
        <briefdescription>
        </briefdescription>
        <detaileddescription>
        </detaileddescription>
        <inbodydescription>
        </inbodydescription>
        <location file="C:/BonexData/BxProject/PlatyVG/source/element/edge.hpp" line="66" column="1" bodyfile="C:/BonexData/BxProject/PlatyVG/source/element/edge.cpp" bodystart="153" bodyend="156"/>
      </memberdef>
      <memberdef kind="function" id="class_platy_v_g_element_1_1_edge_tube_1a068d61df52264401bd61b6010856fef7" prot="public" static="no" const="yes" explicit="no" inline="no" virt="virtual">
        <type>void</type>
        <definition>void PlatyVGElement::EdgeTube::Write</definition>
        <argsstring>(uint08 *ptr) const </argsstring>
        <name>Write</name>
        <reimplements refid="class_platy_v_g_element_1_1_edge_1a8829c79e99c561cd3fb2f13bc2bfe120">Write</reimplements>
        <param>
          <type>uint08 *</type>
          <declname>ptr</declname>
        </param>
        <briefdescription>
        </briefdescription>
        <detaileddescription>
        </detaileddescription>
        <inbodydescription>
        </inbodydescription>
        <location file="C:/BonexData/BxProject/PlatyVG/source/element/edge.hpp" line="67" column="1" bodyfile="C:/BonexData/BxProject/PlatyVG/source/element/edge.cpp" bodystart="158" bodyend="161"/>
      </memberdef>
      </sectiondef>
    <briefdescription>
<para>기점좌표(Tube) </para>    </briefdescription>
    <detaileddescription>
    </detaileddescription>
    <inheritancegraph>
      <node id="77">
        <label>PlatyVGElement::EdgeTube</label>
        <link refid="class_platy_v_g_element_1_1_edge_tube"/>
        <childnode refid="78" relation="public-inheritance">
        </childnode>
      </node>
      <node id="78">
        <label>PlatyVGElement::Edge</label>
        <link refid="class_platy_v_g_element_1_1_edge"/>
      </node>
    </inheritancegraph>
    <collaborationgraph>
      <node id="79">
        <label>PlatyVGElement::EdgeTube</label>
        <link refid="class_platy_v_g_element_1_1_edge_tube"/>
        <childnode refid="80" relation="public-inheritance">
        </childnode>
      </node>
      <node id="80">
        <label>PlatyVGElement::Edge</label>
        <link refid="class_platy_v_g_element_1_1_edge"/>
      </node>
    </collaborationgraph>
    <location file="C:/BonexData/BxProject/PlatyVG/source/element/edge.hpp" line="52" column="1" bodyfile="C:/BonexData/BxProject/PlatyVG/source/element/edge.hpp" bodystart="51" bodyend="76"/>
    <listofallmembers>
      <member refid="class_platy_v_g_element_1_1_edge_1a49a2cff7098543cef5faba3130a13699" prot="public" virt="non-virtual"><scope>PlatyVGElement::EdgeTube</scope><name>Edge</name></member>
      <member refid="class_platy_v_g_element_1_1_edge_1a9cf2d03730b1c5a829a7f449bf4643e6" prot="public" virt="non-virtual"><scope>PlatyVGElement::EdgeTube</scope><name>Edge</name></member>
      <member refid="class_platy_v_g_element_1_1_edge_tube_1af257618720d22693349dd4ce6d7831cc" prot="public" virt="non-virtual"><scope>PlatyVGElement::EdgeTube</scope><name>EdgeTube</name></member>
      <member refid="class_platy_v_g_element_1_1_edge_tube_1a5db84bc1708b2471ff3306e2bc4fdc81" prot="public" virt="non-virtual"><scope>PlatyVGElement::EdgeTube</scope><name>EdgeTube</name></member>
      <member refid="class_platy_v_g_element_1_1_edge_tube_1a4197ef8f1eb2512604dc7f05573a10a8" prot="public" virt="non-virtual"><scope>PlatyVGElement::EdgeTube</scope><name>EdgeTube</name></member>
      <member refid="class_platy_v_g_element_1_1_edge_tube_1acb8e242b3ddbfa0c4aa7071719ae2e3a" prot="public" virt="non-virtual"><scope>PlatyVGElement::EdgeTube</scope><name>EdgeTube</name></member>
      <member refid="class_platy_v_g_element_1_1_edge_tube_1a9b65f3fb28bdc9a87329f1e601bdc45c" prot="public" virt="non-virtual"><scope>PlatyVGElement::EdgeTube</scope><name>endmark</name></member>
      <member refid="class_platy_v_g_element_1_1_edge_tube_1a8b57b95cafa69f5618f073110d41318b" prot="public" virt="non-virtual"><scope>PlatyVGElement::EdgeTube</scope><name>force</name></member>
      <member refid="class_platy_v_g_element_1_1_edge_tube_1a165a58745d82f6637373c632ffccd235" prot="public" virt="virtual"><scope>PlatyVGElement::EdgeTube</scope><name>IsValid</name></member>
      <member refid="class_platy_v_g_element_1_1_edge_tube_1a49536b9e6d2ce57e103fef97bfbcb0c0" prot="public" virt="virtual"><scope>PlatyVGElement::EdgeTube</scope><name>LengthOfWrite</name></member>
      <member refid="class_platy_v_g_element_1_1_edge_tube_1acbdeb058c312042f8d95300ff93ba277" prot="public" virt="non-virtual"><scope>PlatyVGElement::EdgeTube</scope><name>lx</name></member>
      <member refid="class_platy_v_g_element_1_1_edge_tube_1ab9f1f7f86ae572b4482ca7165c22ab3b" prot="public" virt="non-virtual"><scope>PlatyVGElement::EdgeTube</scope><name>ly</name></member>
      <member refid="class_platy_v_g_element_1_1_edge_tube_1a32d944df43e349db0bd8706dc6b5ddc4" prot="public" virt="non-virtual"><scope>PlatyVGElement::EdgeTube</scope><name>operator=</name></member>
      <member refid="class_platy_v_g_element_1_1_edge_1a2d3767fde60a2b311f45d0382343165f" prot="public" virt="non-virtual" ambiguityscope="PlatyVGElement::Edge::"><scope>PlatyVGElement::EdgeTube</scope><name>operator=</name></member>
      <member refid="class_platy_v_g_element_1_1_edge_tube_1a40ebe02e408d6aff6d6b3421b7a63238" prot="public" virt="non-virtual"><scope>PlatyVGElement::EdgeTube</scope><name>rx</name></member>
      <member refid="class_platy_v_g_element_1_1_edge_tube_1abcbfd0513876cab7213de486a3a2ac81" prot="public" virt="non-virtual"><scope>PlatyVGElement::EdgeTube</scope><name>ry</name></member>
      <member refid="class_platy_v_g_element_1_1_edge_tube_1abf9ac08acf095c43ead7a64901fcecbd" prot="public" virt="virtual"><scope>PlatyVGElement::EdgeTube</scope><name>ValidPoint</name></member>
      <member refid="class_platy_v_g_element_1_1_edge_tube_1a068d61df52264401bd61b6010856fef7" prot="public" virt="virtual"><scope>PlatyVGElement::EdgeTube</scope><name>Write</name></member>
      <member refid="class_platy_v_g_element_1_1_edge_1aab7ed1b48292f4848614c6e9e237f53a" prot="public" virt="virtual"><scope>PlatyVGElement::EdgeTube</scope><name>~Edge</name></member>
      <member refid="class_platy_v_g_element_1_1_edge_tube_1a39fddc7892bd8c8886f5763911dba055" prot="public" virt="virtual"><scope>PlatyVGElement::EdgeTube</scope><name>~EdgeTube</name></member>
    </listofallmembers>
  </compounddef>
</doxygen>
