<?xml version='1.0' encoding='UTF-8' standalone='no'?>
<doxygen xmlns:xsi="http://www.w3.org/2001/XMLSchema-instance" xsi:noNamespaceSchemaLocation="compound.xsd" version="1.8.9.1">
  <compounddef id="class_platy_v_g_api_1_1_export" kind="class" language="C++" prot="public">
    <compoundname>PlatyVGApi::Export</compoundname>
    <includes refid="export_8hpp" local="no">export.hpp</includes>
      <sectiondef kind="public-static-func">
      <memberdef kind="function" id="class_platy_v_g_api_1_1_export_1a694da5326c3cff7da4c87387704dd70c" prot="public" static="yes" const="no" explicit="no" inline="no" virt="non-virtual">
        <type>bool</type>
        <definition>static bool PlatyVGApi::Export::Load</definition>
        <argsstring>(const sint32 doc, chars filename, const bool usingArea, const bool usingZoom)</argsstring>
        <name>Load</name>
        <param>
          <type>const sint32</type>
          <declname>doc</declname>
        </param>
        <param>
          <type>chars</type>
          <declname>filename</declname>
        </param>
        <param>
          <type>const bool</type>
          <declname>usingArea</declname>
        </param>
        <param>
          <type>const bool</type>
          <declname>usingZoom</declname>
        </param>
        <briefdescription>
<para>해당 자료에 파일 불러오기 </para>        </briefdescription>
        <detaileddescription>
<para><parameterlist kind="param"><parameteritem>
<parameternamelist>
<parametername>doc</parametername>
</parameternamelist>
<parameterdescription>
<para>: 자료의 ID </para></parameterdescription>
</parameteritem>
<parameteritem>
<parameternamelist>
<parametername>filename</parametername>
</parameternamelist>
<parameterdescription>
<para>: 파일명 </para></parameterdescription>
</parameteritem>
<parameteritem>
<parameternamelist>
<parametername>usingArea</parametername>
</parameternamelist>
<parameterdescription>
<para>: Area의 적용여부 </para></parameterdescription>
</parameteritem>
<parameteritem>
<parameternamelist>
<parametername>usingZoom</parametername>
</parameternamelist>
<parameterdescription>
<para>: Zoom의 적용여부 </para></parameterdescription>
</parameteritem>
</parameterlist>
<simplesect kind="return"><para>다음 파일의 필요여부 </para></simplesect>
</para>        </detaileddescription>
        <inbodydescription>
        </inbodydescription>
        <location file="C:/BonexData/BxProject/PlatyVG/source/api/export.hpp" line="18" column="1"/>
      </memberdef>
      <memberdef kind="function" id="class_platy_v_g_api_1_1_export_1ad0ee03db19dce17f43d74dfa8817ba26" prot="public" static="yes" const="no" explicit="no" inline="no" virt="non-virtual">
        <type>bool</type>
        <definition>bool PlatyVGApi::Export::LoadShape</definition>
        <argsstring>(const sint32 doc, const sint32 layer, bytes shapebuffer, sint32 buffersize)</argsstring>
        <name>LoadShape</name>
        <param>
          <type>const sint32</type>
          <declname>doc</declname>
        </param>
        <param>
          <type>const sint32</type>
          <declname>layer</declname>
        </param>
        <param>
          <type>bytes</type>
          <declname>shapebuffer</declname>
        </param>
        <param>
          <type>sint32</type>
          <declname>buffersize</declname>
        </param>
        <briefdescription>
<para>해당 자료에 도형 불러오기 </para>        </briefdescription>
        <detaileddescription>
<para><parameterlist kind="param"><parameteritem>
<parameternamelist>
<parametername>doc</parametername>
</parameternamelist>
<parameterdescription>
<para>: 자료의 ID </para></parameterdescription>
</parameteritem>
<parameteritem>
<parameternamelist>
<parametername>layer</parametername>
</parameternamelist>
<parameterdescription>
<para>: 적용할 레이어번호 </para></parameterdescription>
</parameteritem>
<parameteritem>
<parameternamelist>
<parametername>edgebuffer</parametername>
</parameternamelist>
<parameterdescription>
<para>: 도형버퍼 </para></parameterdescription>
</parameteritem>
<parameteritem>
<parameternamelist>
<parametername>buffersize</parametername>
</parameternamelist>
<parameterdescription>
<para>: 버퍼길이 </para></parameterdescription>
</parameteritem>
</parameterlist>
<simplesect kind="return"><para>성공여부 </para></simplesect>
</para>        </detaileddescription>
        <inbodydescription>
        </inbodydescription>
        <location file="C:/BonexData/BxProject/PlatyVG/source/api/export.hpp" line="28" column="1" bodyfile="C:/BonexData/BxProject/PlatyVG/source/api/export.cpp" bodystart="270" bodyend="304"/>
      </memberdef>
      <memberdef kind="function" id="class_platy_v_g_api_1_1_export_1aa35a347280a09ab944756a72fa32bb86" prot="public" static="yes" const="no" explicit="no" inline="no" virt="non-virtual">
        <type>bool</type>
        <definition>static bool PlatyVGApi::Export::LoadVG</definition>
        <argsstring>(const sint32 doc, const sint32 layer, chars filename)</argsstring>
        <name>LoadVG</name>
        <param>
          <type>const sint32</type>
          <declname>doc</declname>
        </param>
        <param>
          <type>const sint32</type>
          <declname>layer</declname>
        </param>
        <param>
          <type>chars</type>
          <declname>filename</declname>
        </param>
        <briefdescription>
<para>해당 자료에 VG파일 불러오기 </para>        </briefdescription>
        <detaileddescription>
<para><parameterlist kind="param"><parameteritem>
<parameternamelist>
<parametername>doc</parametername>
</parameternamelist>
<parameterdescription>
<para>: 자료의 ID </para></parameterdescription>
</parameteritem>
<parameteritem>
<parameternamelist>
<parametername>layer</parametername>
</parameternamelist>
<parameterdescription>
<para>: 적용할 레이어번호 </para></parameterdescription>
</parameteritem>
<parameteritem>
<parameternamelist>
<parametername>filename</parametername>
</parameternamelist>
<parameterdescription>
<para>: 파일명 </para></parameterdescription>
</parameteritem>
</parameterlist>
<simplesect kind="return"><para>성공여부 </para></simplesect>
</para>        </detaileddescription>
        <inbodydescription>
        </inbodydescription>
        <location file="C:/BonexData/BxProject/PlatyVG/source/api/export.hpp" line="37" column="1"/>
      </memberdef>
      <memberdef kind="function" id="class_platy_v_g_api_1_1_export_1a563cc90cf9c8dc54472ac132ed80e072" prot="public" static="yes" const="no" explicit="no" inline="no" virt="non-virtual">
        <type>sint32</type>
        <definition>static sint32 PlatyVGApi::Export::Save</definition>
        <argsstring>(const sint32 doc, chars filename, const sint32 shapebegin)</argsstring>
        <name>Save</name>
        <param>
          <type>const sint32</type>
          <declname>doc</declname>
        </param>
        <param>
          <type>chars</type>
          <declname>filename</declname>
        </param>
        <param>
          <type>const sint32</type>
          <declname>shapebegin</declname>
        </param>
        <briefdescription>
<para>해당 자료를 파일로 저장 </para>        </briefdescription>
        <detaileddescription>
<para><parameterlist kind="param"><parameteritem>
<parameternamelist>
<parametername>doc</parametername>
</parameternamelist>
<parameterdescription>
<para>: 자료의 ID </para></parameterdescription>
</parameteritem>
<parameteritem>
<parameternamelist>
<parametername>filename</parametername>
</parameternamelist>
<parameterdescription>
<para>: 파일명 </para></parameterdescription>
</parameteritem>
<parameteritem>
<parameternamelist>
<parametername>shapebegin</parametername>
</parameternamelist>
<parameterdescription>
<para>: 도형의 시작번호 </para></parameterdescription>
</parameteritem>
</parameterlist>
<simplesect kind="return"><para>다음 파일의 시작번호(완료된 경우 0) </para></simplesect>
</para>        </detaileddescription>
        <inbodydescription>
        </inbodydescription>
        <location file="C:/BonexData/BxProject/PlatyVG/source/api/export.hpp" line="46" column="1"/>
      </memberdef>
      <memberdef kind="function" id="class_platy_v_g_api_1_1_export_1a0e01590ad5bc6a781e7664e8e5180e9f" prot="public" static="yes" const="no" explicit="no" inline="no" virt="non-virtual">
        <type>bool</type>
        <definition>static bool PlatyVGApi::Export::MergeSkin</definition>
        <argsstring>(chars filename, chars bmpFilename)</argsstring>
        <name>MergeSkin</name>
        <param>
          <type>chars</type>
          <declname>filename</declname>
        </param>
        <param>
          <type>chars</type>
          <declname>bmpFilename</declname>
        </param>
        <briefdescription>
<para>파일에 스키닝첨가 </para>        </briefdescription>
        <detaileddescription>
<para><parameterlist kind="param"><parameteritem>
<parameternamelist>
<parametername>filename</parametername>
</parameternamelist>
<parameterdescription>
<para>: 파일명 </para></parameterdescription>
</parameteritem>
<parameteritem>
<parameternamelist>
<parametername>bmpFilename</parametername>
</parameternamelist>
<parameterdescription>
<para>: 스킨을 입힐 비트맵파일명 </para></parameterdescription>
</parameteritem>
</parameterlist>
<simplesect kind="return"><para>성공여부 </para></simplesect>
</para>        </detaileddescription>
        <inbodydescription>
        </inbodydescription>
        <location file="C:/BonexData/BxProject/PlatyVG/source/api/export.hpp" line="54" column="1"/>
      </memberdef>
      </sectiondef>
    <briefdescription>
<para>자료의 포맷화 </para>    </briefdescription>
    <detaileddescription>
    </detaileddescription>
    <location file="C:/BonexData/BxProject/PlatyVG/source/api/export.hpp" line="8" column="1" bodyfile="C:/BonexData/BxProject/PlatyVG/source/api/export.hpp" bodystart="7" bodyend="55"/>
    <listofallmembers>
      <member refid="class_platy_v_g_api_1_1_export_1a694da5326c3cff7da4c87387704dd70c" prot="public" virt="non-virtual"><scope>PlatyVGApi::Export</scope><name>Load</name></member>
      <member refid="class_platy_v_g_api_1_1_export_1ad0ee03db19dce17f43d74dfa8817ba26" prot="public" virt="non-virtual"><scope>PlatyVGApi::Export</scope><name>LoadShape</name></member>
      <member refid="class_platy_v_g_api_1_1_export_1aa35a347280a09ab944756a72fa32bb86" prot="public" virt="non-virtual"><scope>PlatyVGApi::Export</scope><name>LoadVG</name></member>
      <member refid="class_platy_v_g_api_1_1_export_1a0e01590ad5bc6a781e7664e8e5180e9f" prot="public" virt="non-virtual"><scope>PlatyVGApi::Export</scope><name>MergeSkin</name></member>
      <member refid="class_platy_v_g_api_1_1_export_1a563cc90cf9c8dc54472ac132ed80e072" prot="public" virt="non-virtual"><scope>PlatyVGApi::Export</scope><name>Save</name></member>
    </listofallmembers>
  </compounddef>
</doxygen>
