<?xml version='1.0' encoding='UTF-8' standalone='no'?>
<doxygen xmlns:xsi="http://www.w3.org/2001/XMLSchema-instance" xsi:noNamespaceSchemaLocation="compound.xsd" version="1.8.9.1">
  <compounddef id="class_platy_v_g_element_1_1_edge" kind="class" language="C++" prot="public">
    <compoundname>PlatyVGElement::Edge</compoundname>
    <derivedcompoundref refid="class_platy_v_g_element_1_1_edge_spline" prot="public" virt="non-virtual">PlatyVGElement::EdgeSpline</derivedcompoundref>
    <derivedcompoundref refid="class_platy_v_g_element_1_1_edge_tube" prot="public" virt="non-virtual">PlatyVGElement::EdgeTube</derivedcompoundref>
    <includes refid="edge_8hpp" local="no">edge.hpp</includes>
      <sectiondef kind="public-func">
      <memberdef kind="function" id="class_platy_v_g_element_1_1_edge_1a49a2cff7098543cef5faba3130a13699" prot="public" static="no" const="no" explicit="no" inline="no" virt="non-virtual">
        <type></type>
        <definition>PlatyVGElement::Edge::Edge</definition>
        <argsstring>()</argsstring>
        <name>Edge</name>
        <briefdescription>
        </briefdescription>
        <detaileddescription>
        </detaileddescription>
        <inbodydescription>
        </inbodydescription>
        <location file="C:/BonexData/BxProject/PlatyVG/source/element/edge.hpp" line="11" column="1" bodyfile="C:/BonexData/BxProject/PlatyVG/source/element/edge.cpp" bodystart="6" bodyend="8"/>
      </memberdef>
      <memberdef kind="function" id="class_platy_v_g_element_1_1_edge_1a9cf2d03730b1c5a829a7f449bf4643e6" prot="public" static="no" const="no" explicit="no" inline="no" virt="non-virtual">
        <type></type>
        <definition>PlatyVGElement::Edge::Edge</definition>
        <argsstring>(const Edge &amp;rhs)</argsstring>
        <name>Edge</name>
        <param>
          <type>const <ref refid="class_platy_v_g_element_1_1_edge" kindref="compound">Edge</ref> &amp;</type>
          <declname>rhs</declname>
        </param>
        <briefdescription>
        </briefdescription>
        <detaileddescription>
        </detaileddescription>
        <inbodydescription>
        </inbodydescription>
        <location file="C:/BonexData/BxProject/PlatyVG/source/element/edge.hpp" line="12" column="1" bodyfile="C:/BonexData/BxProject/PlatyVG/source/element/edge.cpp" bodystart="10" bodyend="13"/>
      </memberdef>
      <memberdef kind="function" id="class_platy_v_g_element_1_1_edge_1aab7ed1b48292f4848614c6e9e237f53a" prot="public" static="no" const="no" explicit="no" inline="no" virt="virtual">
        <type></type>
        <definition>PlatyVGElement::Edge::~Edge</definition>
        <argsstring>()</argsstring>
        <name>~Edge</name>
        <briefdescription>
        </briefdescription>
        <detaileddescription>
        </detaileddescription>
        <inbodydescription>
        </inbodydescription>
        <location file="C:/BonexData/BxProject/PlatyVG/source/element/edge.hpp" line="13" column="1" bodyfile="C:/BonexData/BxProject/PlatyVG/source/element/edge.cpp" bodystart="15" bodyend="17"/>
      </memberdef>
      <memberdef kind="function" id="class_platy_v_g_element_1_1_edge_1a2d3767fde60a2b311f45d0382343165f" prot="public" static="no" const="no" explicit="no" inline="no" virt="non-virtual">
        <type><ref refid="class_platy_v_g_element_1_1_edge" kindref="compound">Edge</ref> &amp;</type>
        <definition>Edge &amp; PlatyVGElement::Edge::operator=</definition>
        <argsstring>(const Edge &amp;rhs)</argsstring>
        <name>operator=</name>
        <param>
          <type>const <ref refid="class_platy_v_g_element_1_1_edge" kindref="compound">Edge</ref> &amp;</type>
          <declname>rhs</declname>
        </param>
        <briefdescription>
        </briefdescription>
        <detaileddescription>
        </detaileddescription>
        <inbodydescription>
        </inbodydescription>
        <location file="C:/BonexData/BxProject/PlatyVG/source/element/edge.hpp" line="14" column="1" bodyfile="C:/BonexData/BxProject/PlatyVG/source/element/edge.cpp" bodystart="19" bodyend="22"/>
      </memberdef>
      <memberdef kind="function" id="class_platy_v_g_element_1_1_edge_1a4776ca32a1af70a283775136ee9c3351" prot="public" static="no" const="yes" explicit="no" inline="no" virt="virtual">
        <type>bool</type>
        <definition>bool PlatyVGElement::Edge::IsValid</definition>
        <argsstring>() const </argsstring>
        <name>IsValid</name>
        <reimplementedby refid="class_platy_v_g_element_1_1_edge_spline_1a4af03834754237b16833fbaf2ade6d20">IsValid</reimplementedby>
        <reimplementedby refid="class_platy_v_g_element_1_1_edge_tube_1a165a58745d82f6637373c632ffccd235">IsValid</reimplementedby>
        <briefdescription>
        </briefdescription>
        <detaileddescription>
        </detaileddescription>
        <inbodydescription>
        </inbodydescription>
        <location file="C:/BonexData/BxProject/PlatyVG/source/element/edge.hpp" line="17" column="1" bodyfile="C:/BonexData/BxProject/PlatyVG/source/element/edge.cpp" bodystart="24" bodyend="27"/>
      </memberdef>
      <memberdef kind="function" id="class_platy_v_g_element_1_1_edge_1a959e10f7f1499060ef0165ef491afa74" prot="public" static="no" const="yes" explicit="no" inline="no" virt="virtual">
        <type>const <ref refid="class_platy_v_g_element_1_1_point" kindref="compound">Point</ref></type>
        <definition>const Point PlatyVGElement::Edge::ValidPoint</definition>
        <argsstring>() const </argsstring>
        <name>ValidPoint</name>
        <reimplementedby refid="class_platy_v_g_element_1_1_edge_spline_1a20e5d93fedb524d33b35bf303a9c2efe">ValidPoint</reimplementedby>
        <reimplementedby refid="class_platy_v_g_element_1_1_edge_tube_1abf9ac08acf095c43ead7a64901fcecbd">ValidPoint</reimplementedby>
        <briefdescription>
        </briefdescription>
        <detaileddescription>
        </detaileddescription>
        <inbodydescription>
        </inbodydescription>
        <location file="C:/BonexData/BxProject/PlatyVG/source/element/edge.hpp" line="18" column="1" bodyfile="C:/BonexData/BxProject/PlatyVG/source/element/edge.cpp" bodystart="29" bodyend="32"/>
      </memberdef>
      <memberdef kind="function" id="class_platy_v_g_element_1_1_edge_1a6a24b2618aa7e326f311f64b9fa6cdb6" prot="public" static="no" const="yes" explicit="no" inline="no" virt="virtual">
        <type>sint32</type>
        <definition>sint32 PlatyVGElement::Edge::LengthOfWrite</definition>
        <argsstring>() const </argsstring>
        <name>LengthOfWrite</name>
        <reimplementedby refid="class_platy_v_g_element_1_1_edge_spline_1afd5213ec3f30380539f0e09d1240cb87">LengthOfWrite</reimplementedby>
        <reimplementedby refid="class_platy_v_g_element_1_1_edge_tube_1a49536b9e6d2ce57e103fef97bfbcb0c0">LengthOfWrite</reimplementedby>
        <briefdescription>
        </briefdescription>
        <detaileddescription>
        </detaileddescription>
        <inbodydescription>
        </inbodydescription>
        <location file="C:/BonexData/BxProject/PlatyVG/source/element/edge.hpp" line="21" column="1" bodyfile="C:/BonexData/BxProject/PlatyVG/source/element/edge.cpp" bodystart="34" bodyend="37"/>
      </memberdef>
      <memberdef kind="function" id="class_platy_v_g_element_1_1_edge_1a8829c79e99c561cd3fb2f13bc2bfe120" prot="public" static="no" const="yes" explicit="no" inline="no" virt="virtual">
        <type>void</type>
        <definition>void PlatyVGElement::Edge::Write</definition>
        <argsstring>(uint08 *ptr) const </argsstring>
        <name>Write</name>
        <reimplementedby refid="class_platy_v_g_element_1_1_edge_spline_1aa43949de5cc37892bf5ebbbd1e83e1a0">Write</reimplementedby>
        <reimplementedby refid="class_platy_v_g_element_1_1_edge_tube_1a068d61df52264401bd61b6010856fef7">Write</reimplementedby>
        <param>
          <type>uint08 *</type>
          <declname>ptr</declname>
        </param>
        <briefdescription>
        </briefdescription>
        <detaileddescription>
        </detaileddescription>
        <inbodydescription>
        </inbodydescription>
        <location file="C:/BonexData/BxProject/PlatyVG/source/element/edge.hpp" line="22" column="1" bodyfile="C:/BonexData/BxProject/PlatyVG/source/element/edge.cpp" bodystart="39" bodyend="41"/>
      </memberdef>
      </sectiondef>
    <briefdescription>
<para>기점좌표 </para>    </briefdescription>
    <detaileddescription>
    </detaileddescription>
    <inheritancegraph>
      <node id="71">
        <label>PlatyVGElement::EdgeTube</label>
        <link refid="class_platy_v_g_element_1_1_edge_tube"/>
        <childnode refid="69" relation="public-inheritance">
        </childnode>
      </node>
      <node id="69">
        <label>PlatyVGElement::Edge</label>
        <link refid="class_platy_v_g_element_1_1_edge"/>
      </node>
      <node id="70">
        <label>PlatyVGElement::EdgeSpline</label>
        <link refid="class_platy_v_g_element_1_1_edge_spline"/>
        <childnode refid="69" relation="public-inheritance">
        </childnode>
      </node>
    </inheritancegraph>
    <location file="C:/BonexData/BxProject/PlatyVG/source/element/edge.hpp" line="9" column="1" bodyfile="C:/BonexData/BxProject/PlatyVG/source/element/edge.hpp" bodystart="8" bodyend="23"/>
    <listofallmembers>
      <member refid="class_platy_v_g_element_1_1_edge_1a49a2cff7098543cef5faba3130a13699" prot="public" virt="non-virtual"><scope>PlatyVGElement::Edge</scope><name>Edge</name></member>
      <member refid="class_platy_v_g_element_1_1_edge_1a9cf2d03730b1c5a829a7f449bf4643e6" prot="public" virt="non-virtual"><scope>PlatyVGElement::Edge</scope><name>Edge</name></member>
      <member refid="class_platy_v_g_element_1_1_edge_1a4776ca32a1af70a283775136ee9c3351" prot="public" virt="virtual"><scope>PlatyVGElement::Edge</scope><name>IsValid</name></member>
      <member refid="class_platy_v_g_element_1_1_edge_1a6a24b2618aa7e326f311f64b9fa6cdb6" prot="public" virt="virtual"><scope>PlatyVGElement::Edge</scope><name>LengthOfWrite</name></member>
      <member refid="class_platy_v_g_element_1_1_edge_1a2d3767fde60a2b311f45d0382343165f" prot="public" virt="non-virtual"><scope>PlatyVGElement::Edge</scope><name>operator=</name></member>
      <member refid="class_platy_v_g_element_1_1_edge_1a959e10f7f1499060ef0165ef491afa74" prot="public" virt="virtual"><scope>PlatyVGElement::Edge</scope><name>ValidPoint</name></member>
      <member refid="class_platy_v_g_element_1_1_edge_1a8829c79e99c561cd3fb2f13bc2bfe120" prot="public" virt="virtual"><scope>PlatyVGElement::Edge</scope><name>Write</name></member>
      <member refid="class_platy_v_g_element_1_1_edge_1aab7ed1b48292f4848614c6e9e237f53a" prot="public" virt="virtual"><scope>PlatyVGElement::Edge</scope><name>~Edge</name></member>
    </listofallmembers>
  </compounddef>
</doxygen>
