<?xml version='1.0' encoding='UTF-8' standalone='no'?>
<doxygen xmlns:xsi="http://www.w3.org/2001/XMLSchema-instance" xsi:noNamespaceSchemaLocation="compound.xsd" version="1.8.9.1">
  <compounddef id="class_platy_v_g_element_1_1_point" kind="class" language="C++" prot="public">
    <compoundname>PlatyVGElement::Point</compoundname>
    <includes refid="point_8hpp" local="no">point.hpp</includes>
      <sectiondef kind="public-attrib">
      <memberdef kind="variable" id="class_platy_v_g_element_1_1_point_1a63a90f5b999976f2c1af8e287ea417d7" prot="public" static="no" mutable="no">
        <type>float</type>
        <definition>float PlatyVGElement::Point::x</definition>
        <argsstring></argsstring>
        <name>x</name>
        <briefdescription>
        </briefdescription>
        <detaileddescription>
        </detaileddescription>
        <inbodydescription>
        </inbodydescription>
        <location file="C:/BonexData/BxProject/PlatyVG/source/element/point.hpp" line="25" column="1" bodyfile="C:/BonexData/BxProject/PlatyVG/source/element/point.hpp" bodystart="25" bodyend="-1"/>
      </memberdef>
      <memberdef kind="variable" id="class_platy_v_g_element_1_1_point_1aa9e12a2463d72f879f3ee3fb2575f70e" prot="public" static="no" mutable="no">
        <type>float</type>
        <definition>float PlatyVGElement::Point::y</definition>
        <argsstring></argsstring>
        <name>y</name>
        <briefdescription>
        </briefdescription>
        <detaileddescription>
        </detaileddescription>
        <inbodydescription>
        </inbodydescription>
        <location file="C:/BonexData/BxProject/PlatyVG/source/element/point.hpp" line="26" column="1" bodyfile="C:/BonexData/BxProject/PlatyVG/source/element/point.hpp" bodystart="26" bodyend="-1"/>
      </memberdef>
      </sectiondef>
      <sectiondef kind="public-func">
      <memberdef kind="function" id="class_platy_v_g_element_1_1_point_1a020c29290d2c786f7375feaab415968b" prot="public" static="no" const="no" explicit="no" inline="no" virt="non-virtual">
        <type></type>
        <definition>PlatyVGElement::Point::Point</definition>
        <argsstring>()</argsstring>
        <name>Point</name>
        <briefdescription>
        </briefdescription>
        <detaileddescription>
        </detaileddescription>
        <inbodydescription>
        </inbodydescription>
        <location file="C:/BonexData/BxProject/PlatyVG/source/element/point.hpp" line="11" column="1" bodyfile="C:/BonexData/BxProject/PlatyVG/source/element/point.cpp" bodystart="6" bodyend="10"/>
      </memberdef>
      <memberdef kind="function" id="class_platy_v_g_element_1_1_point_1a9e2a90982017c6a59155c9227c042764" prot="public" static="no" const="no" explicit="no" inline="no" virt="non-virtual">
        <type></type>
        <definition>PlatyVGElement::Point::Point</definition>
        <argsstring>(const Point &amp;rhs)</argsstring>
        <name>Point</name>
        <param>
          <type>const <ref refid="class_platy_v_g_element_1_1_point" kindref="compound">Point</ref> &amp;</type>
          <declname>rhs</declname>
        </param>
        <briefdescription>
        </briefdescription>
        <detaileddescription>
        </detaileddescription>
        <inbodydescription>
        </inbodydescription>
        <location file="C:/BonexData/BxProject/PlatyVG/source/element/point.hpp" line="12" column="1" bodyfile="C:/BonexData/BxProject/PlatyVG/source/element/point.cpp" bodystart="12" bodyend="15"/>
      </memberdef>
      <memberdef kind="function" id="class_platy_v_g_element_1_1_point_1a34f01c2fca7933f2e0917a43fb6e1a72" prot="public" static="no" const="no" explicit="no" inline="no" virt="non-virtual">
        <type></type>
        <definition>PlatyVGElement::Point::Point</definition>
        <argsstring>(float x, float y)</argsstring>
        <name>Point</name>
        <param>
          <type>float</type>
          <declname>x</declname>
        </param>
        <param>
          <type>float</type>
          <declname>y</declname>
        </param>
        <briefdescription>
        </briefdescription>
        <detaileddescription>
        </detaileddescription>
        <inbodydescription>
        </inbodydescription>
        <location file="C:/BonexData/BxProject/PlatyVG/source/element/point.hpp" line="13" column="1" bodyfile="C:/BonexData/BxProject/PlatyVG/source/element/point.cpp" bodystart="17" bodyend="21"/>
      </memberdef>
      <memberdef kind="function" id="class_platy_v_g_element_1_1_point_1a2434a4a11205133f9f0f3d67574cd5d1" prot="public" static="no" const="no" explicit="no" inline="no" virt="non-virtual">
        <type></type>
        <definition>PlatyVGElement::Point::~Point</definition>
        <argsstring>()</argsstring>
        <name>~Point</name>
        <briefdescription>
        </briefdescription>
        <detaileddescription>
        </detaileddescription>
        <inbodydescription>
        </inbodydescription>
        <location file="C:/BonexData/BxProject/PlatyVG/source/element/point.hpp" line="14" column="1" bodyfile="C:/BonexData/BxProject/PlatyVG/source/element/point.cpp" bodystart="23" bodyend="25"/>
      </memberdef>
      <memberdef kind="function" id="class_platy_v_g_element_1_1_point_1a35d87868e93691ac46cad7ee91b0e910" prot="public" static="no" const="no" explicit="no" inline="no" virt="non-virtual">
        <type><ref refid="class_platy_v_g_element_1_1_point" kindref="compound">Point</ref> &amp;</type>
        <definition>Point &amp; PlatyVGElement::Point::operator=</definition>
        <argsstring>(const Point &amp;rhs)</argsstring>
        <name>operator=</name>
        <param>
          <type>const <ref refid="class_platy_v_g_element_1_1_point" kindref="compound">Point</ref> &amp;</type>
          <declname>rhs</declname>
        </param>
        <briefdescription>
        </briefdescription>
        <detaileddescription>
        </detaileddescription>
        <inbodydescription>
        </inbodydescription>
        <location file="C:/BonexData/BxProject/PlatyVG/source/element/point.hpp" line="16" column="1" bodyfile="C:/BonexData/BxProject/PlatyVG/source/element/point.cpp" bodystart="27" bodyend="32"/>
      </memberdef>
      <memberdef kind="function" id="class_platy_v_g_element_1_1_point_1a822d16450301dfe118acb6ef9750af8d" prot="public" static="no" const="no" explicit="no" inline="no" virt="non-virtual">
        <type><ref refid="class_platy_v_g_element_1_1_point" kindref="compound">Point</ref> &amp;</type>
        <definition>Point &amp; PlatyVGElement::Point::operator*=</definition>
        <argsstring>(const Matrix &amp;rhs)</argsstring>
        <name>operator*=</name>
        <param>
          <type>const <ref refid="class_platy_v_g_element_1_1_matrix" kindref="compound">Matrix</ref> &amp;</type>
          <declname>rhs</declname>
        </param>
        <briefdescription>
        </briefdescription>
        <detaileddescription>
        </detaileddescription>
        <inbodydescription>
        </inbodydescription>
        <location file="C:/BonexData/BxProject/PlatyVG/source/element/point.hpp" line="17" column="1" bodyfile="C:/BonexData/BxProject/PlatyVG/source/element/point.cpp" bodystart="34" bodyend="41"/>
      </memberdef>
      <memberdef kind="function" id="class_platy_v_g_element_1_1_point_1a345285a1b2ce5dffdee606d13ceb7a79" prot="public" static="no" const="yes" explicit="no" inline="no" virt="non-virtual">
        <type><ref refid="class_platy_v_g_element_1_1_point" kindref="compound">Point</ref></type>
        <definition>Point PlatyVGElement::Point::operator*</definition>
        <argsstring>(const Matrix &amp;rhs) const </argsstring>
        <name>operator*</name>
        <param>
          <type>const <ref refid="class_platy_v_g_element_1_1_matrix" kindref="compound">Matrix</ref> &amp;</type>
          <declname>rhs</declname>
        </param>
        <briefdescription>
        </briefdescription>
        <detaileddescription>
        </detaileddescription>
        <inbodydescription>
        </inbodydescription>
        <location file="C:/BonexData/BxProject/PlatyVG/source/element/point.hpp" line="18" column="1" bodyfile="C:/BonexData/BxProject/PlatyVG/source/element/point.cpp" bodystart="43" bodyend="46"/>
      </memberdef>
      <memberdef kind="function" id="class_platy_v_g_element_1_1_point_1ab8b88aad66ae0bc77b595f1057e25d70" prot="public" static="no" const="yes" explicit="no" inline="no" virt="non-virtual">
        <type>bool</type>
        <definition>bool PlatyVGElement::Point::operator==</definition>
        <argsstring>(const Point &amp;rhs) const </argsstring>
        <name>operator==</name>
        <param>
          <type>const <ref refid="class_platy_v_g_element_1_1_point" kindref="compound">Point</ref> &amp;</type>
          <declname>rhs</declname>
        </param>
        <briefdescription>
        </briefdescription>
        <detaileddescription>
        </detaileddescription>
        <inbodydescription>
        </inbodydescription>
        <location file="C:/BonexData/BxProject/PlatyVG/source/element/point.hpp" line="19" column="1" bodyfile="C:/BonexData/BxProject/PlatyVG/source/element/point.cpp" bodystart="48" bodyend="51"/>
      </memberdef>
      <memberdef kind="function" id="class_platy_v_g_element_1_1_point_1ac8ae7157e69558e6cbf416ddf6e48820" prot="public" static="no" const="yes" explicit="no" inline="no" virt="non-virtual">
        <type>bool</type>
        <definition>bool PlatyVGElement::Point::operator!=</definition>
        <argsstring>(const Point &amp;rhs) const </argsstring>
        <name>operator!=</name>
        <param>
          <type>const <ref refid="class_platy_v_g_element_1_1_point" kindref="compound">Point</ref> &amp;</type>
          <declname>rhs</declname>
        </param>
        <briefdescription>
        </briefdescription>
        <detaileddescription>
        </detaileddescription>
        <inbodydescription>
        </inbodydescription>
        <location file="C:/BonexData/BxProject/PlatyVG/source/element/point.hpp" line="20" column="1" bodyfile="C:/BonexData/BxProject/PlatyVG/source/element/point.cpp" bodystart="53" bodyend="56"/>
      </memberdef>
      <memberdef kind="function" id="class_platy_v_g_element_1_1_point_1aca92fb57d20cc10c8856e91e5fcad40a" prot="public" static="no" const="yes" explicit="no" inline="no" virt="non-virtual">
        <type>const bool</type>
        <definition>const bool PlatyVGElement::Point::ClockwiseTest</definition>
        <argsstring>(const Point begin, const Point end) const </argsstring>
        <name>ClockwiseTest</name>
        <param>
          <type>const <ref refid="class_platy_v_g_element_1_1_point" kindref="compound">Point</ref></type>
          <declname>begin</declname>
        </param>
        <param>
          <type>const <ref refid="class_platy_v_g_element_1_1_point" kindref="compound">Point</ref></type>
          <declname>end</declname>
        </param>
        <briefdescription>
        </briefdescription>
        <detaileddescription>
        </detaileddescription>
        <inbodydescription>
        </inbodydescription>
        <location file="C:/BonexData/BxProject/PlatyVG/source/element/point.hpp" line="22" column="1" bodyfile="C:/BonexData/BxProject/PlatyVG/source/element/point.cpp" bodystart="58" bodyend="61"/>
      </memberdef>
      </sectiondef>
    <briefdescription>
<para>2D좌표 </para>    </briefdescription>
    <detaileddescription>
    </detaileddescription>
    <location file="C:/BonexData/BxProject/PlatyVG/source/element/point.hpp" line="9" column="1" bodyfile="C:/BonexData/BxProject/PlatyVG/source/element/point.hpp" bodystart="8" bodyend="27"/>
    <listofallmembers>
      <member refid="class_platy_v_g_element_1_1_point_1aca92fb57d20cc10c8856e91e5fcad40a" prot="public" virt="non-virtual"><scope>PlatyVGElement::Point</scope><name>ClockwiseTest</name></member>
      <member refid="class_platy_v_g_element_1_1_point_1ac8ae7157e69558e6cbf416ddf6e48820" prot="public" virt="non-virtual"><scope>PlatyVGElement::Point</scope><name>operator!=</name></member>
      <member refid="class_platy_v_g_element_1_1_point_1a345285a1b2ce5dffdee606d13ceb7a79" prot="public" virt="non-virtual"><scope>PlatyVGElement::Point</scope><name>operator*</name></member>
      <member refid="class_platy_v_g_element_1_1_point_1a822d16450301dfe118acb6ef9750af8d" prot="public" virt="non-virtual"><scope>PlatyVGElement::Point</scope><name>operator*=</name></member>
      <member refid="class_platy_v_g_element_1_1_point_1a35d87868e93691ac46cad7ee91b0e910" prot="public" virt="non-virtual"><scope>PlatyVGElement::Point</scope><name>operator=</name></member>
      <member refid="class_platy_v_g_element_1_1_point_1ab8b88aad66ae0bc77b595f1057e25d70" prot="public" virt="non-virtual"><scope>PlatyVGElement::Point</scope><name>operator==</name></member>
      <member refid="class_platy_v_g_element_1_1_point_1a020c29290d2c786f7375feaab415968b" prot="public" virt="non-virtual"><scope>PlatyVGElement::Point</scope><name>Point</name></member>
      <member refid="class_platy_v_g_element_1_1_point_1a9e2a90982017c6a59155c9227c042764" prot="public" virt="non-virtual"><scope>PlatyVGElement::Point</scope><name>Point</name></member>
      <member refid="class_platy_v_g_element_1_1_point_1a34f01c2fca7933f2e0917a43fb6e1a72" prot="public" virt="non-virtual"><scope>PlatyVGElement::Point</scope><name>Point</name></member>
      <member refid="class_platy_v_g_element_1_1_point_1a63a90f5b999976f2c1af8e287ea417d7" prot="public" virt="non-virtual"><scope>PlatyVGElement::Point</scope><name>x</name></member>
      <member refid="class_platy_v_g_element_1_1_point_1aa9e12a2463d72f879f3ee3fb2575f70e" prot="public" virt="non-virtual"><scope>PlatyVGElement::Point</scope><name>y</name></member>
      <member refid="class_platy_v_g_element_1_1_point_1a2434a4a11205133f9f0f3d67574cd5d1" prot="public" virt="non-virtual"><scope>PlatyVGElement::Point</scope><name>~Point</name></member>
    </listofallmembers>
  </compounddef>
</doxygen>
