<?xml version='1.0' encoding='UTF-8' standalone='no'?>
<doxygen xmlns:xsi="http://www.w3.org/2001/XMLSchema-instance" xsi:noNamespaceSchemaLocation="compound.xsd" version="1.8.9.1">
  <compounddef id="class_platy_v_g_element_1_1_mesh_aqua" kind="class" language="C++" prot="public">
    <compoundname>PlatyVGElement::MeshAqua</compoundname>
    <basecompoundref refid="class_platy_v_g_element_1_1_mesh" prot="public" virt="non-virtual">PlatyVGElement::Mesh</basecompoundref>
    <includes refid="mesh_8hpp" local="no">mesh.hpp</includes>
      <sectiondef kind="public-attrib">
      <memberdef kind="variable" id="class_platy_v_g_element_1_1_mesh_aqua_1a5854bcfdaa3626d76e00ed0dbb4e253c" prot="public" static="no" mutable="no">
        <type>float</type>
        <definition>float PlatyVGElement::MeshAqua::force</definition>
        <argsstring></argsstring>
        <name>force</name>
        <briefdescription>
        </briefdescription>
        <detaileddescription>
        </detaileddescription>
        <inbodydescription>
        </inbodydescription>
        <location file="C:/BonexData/BxProject/PlatyVG/source/element/mesh.hpp" line="65" column="1" bodyfile="C:/BonexData/BxProject/PlatyVG/source/element/mesh.hpp" bodystart="65" bodyend="-1"/>
      </memberdef>
      <memberdef kind="variable" id="class_platy_v_g_element_1_1_mesh_aqua_1a6337e3bd13b6a037d533aecd5c905b71" prot="public" static="no" mutable="no">
        <type>float</type>
        <definition>float PlatyVGElement::MeshAqua::lx</definition>
        <argsstring></argsstring>
        <name>lx</name>
        <briefdescription>
        </briefdescription>
        <detaileddescription>
        </detaileddescription>
        <inbodydescription>
        </inbodydescription>
        <location file="C:/BonexData/BxProject/PlatyVG/source/element/mesh.hpp" line="66" column="1" bodyfile="C:/BonexData/BxProject/PlatyVG/source/element/mesh.hpp" bodystart="66" bodyend="-1"/>
      </memberdef>
      <memberdef kind="variable" id="class_platy_v_g_element_1_1_mesh_aqua_1a52f3ebe5b1e26fc59060e4a772ec0e0e" prot="public" static="no" mutable="no">
        <type>float</type>
        <definition>float PlatyVGElement::MeshAqua::ly</definition>
        <argsstring></argsstring>
        <name>ly</name>
        <briefdescription>
        </briefdescription>
        <detaileddescription>
        </detaileddescription>
        <inbodydescription>
        </inbodydescription>
        <location file="C:/BonexData/BxProject/PlatyVG/source/element/mesh.hpp" line="67" column="1" bodyfile="C:/BonexData/BxProject/PlatyVG/source/element/mesh.hpp" bodystart="67" bodyend="-1"/>
      </memberdef>
      <memberdef kind="variable" id="class_platy_v_g_element_1_1_mesh_aqua_1abfcda91cc102050cab1feb83149fad39" prot="public" static="no" mutable="no">
        <type>float</type>
        <definition>float PlatyVGElement::MeshAqua::rx</definition>
        <argsstring></argsstring>
        <name>rx</name>
        <briefdescription>
        </briefdescription>
        <detaileddescription>
        </detaileddescription>
        <inbodydescription>
        </inbodydescription>
        <location file="C:/BonexData/BxProject/PlatyVG/source/element/mesh.hpp" line="68" column="1" bodyfile="C:/BonexData/BxProject/PlatyVG/source/element/mesh.hpp" bodystart="68" bodyend="-1"/>
      </memberdef>
      <memberdef kind="variable" id="class_platy_v_g_element_1_1_mesh_aqua_1a21d32c1bd92fd84fcf26ace5c29616b5" prot="public" static="no" mutable="no">
        <type>float</type>
        <definition>float PlatyVGElement::MeshAqua::ry</definition>
        <argsstring></argsstring>
        <name>ry</name>
        <briefdescription>
        </briefdescription>
        <detaileddescription>
        </detaileddescription>
        <inbodydescription>
        </inbodydescription>
        <location file="C:/BonexData/BxProject/PlatyVG/source/element/mesh.hpp" line="69" column="1" bodyfile="C:/BonexData/BxProject/PlatyVG/source/element/mesh.hpp" bodystart="69" bodyend="-1"/>
      </memberdef>
      </sectiondef>
      <sectiondef kind="public-func">
      <memberdef kind="function" id="class_platy_v_g_element_1_1_mesh_aqua_1ac7210ad119da8cfff4f0b584aa49ffe5" prot="public" static="no" const="no" explicit="no" inline="no" virt="non-virtual">
        <type></type>
        <definition>PlatyVGElement::MeshAqua::MeshAqua</definition>
        <argsstring>()</argsstring>
        <name>MeshAqua</name>
        <briefdescription>
        </briefdescription>
        <detaileddescription>
        </detaileddescription>
        <inbodydescription>
        </inbodydescription>
        <location file="C:/BonexData/BxProject/PlatyVG/source/element/mesh.hpp" line="58" column="1" bodyfile="C:/BonexData/BxProject/PlatyVG/source/element/mesh.cpp" bodystart="119" bodyend="126"/>
      </memberdef>
      <memberdef kind="function" id="class_platy_v_g_element_1_1_mesh_aqua_1a8854c2ef07980edc270e06e1e7a4f108" prot="public" static="no" const="no" explicit="no" inline="no" virt="non-virtual">
        <type></type>
        <definition>PlatyVGElement::MeshAqua::MeshAqua</definition>
        <argsstring>(const MeshAqua &amp;rhs)</argsstring>
        <name>MeshAqua</name>
        <param>
          <type>const <ref refid="class_platy_v_g_element_1_1_mesh_aqua" kindref="compound">MeshAqua</ref> &amp;</type>
          <declname>rhs</declname>
        </param>
        <briefdescription>
        </briefdescription>
        <detaileddescription>
        </detaileddescription>
        <inbodydescription>
        </inbodydescription>
        <location file="C:/BonexData/BxProject/PlatyVG/source/element/mesh.hpp" line="59" column="1" bodyfile="C:/BonexData/BxProject/PlatyVG/source/element/mesh.cpp" bodystart="128" bodyend="131"/>
      </memberdef>
      <memberdef kind="function" id="class_platy_v_g_element_1_1_mesh_aqua_1ab8b3217391fbb8b5a0dd913f52f699da" prot="public" static="no" const="no" explicit="no" inline="no" virt="non-virtual">
        <type></type>
        <definition>PlatyVGElement::MeshAqua::MeshAqua</definition>
        <argsstring>(const float force, const float lx, const float ly, const float rx, const float ry)</argsstring>
        <name>MeshAqua</name>
        <param>
          <type>const float</type>
          <declname>force</declname>
        </param>
        <param>
          <type>const float</type>
          <declname>lx</declname>
        </param>
        <param>
          <type>const float</type>
          <declname>ly</declname>
        </param>
        <param>
          <type>const float</type>
          <declname>rx</declname>
        </param>
        <param>
          <type>const float</type>
          <declname>ry</declname>
        </param>
        <briefdescription>
        </briefdescription>
        <detaileddescription>
        </detaileddescription>
        <inbodydescription>
        </inbodydescription>
        <location file="C:/BonexData/BxProject/PlatyVG/source/element/mesh.hpp" line="60" column="1" bodyfile="C:/BonexData/BxProject/PlatyVG/source/element/mesh.cpp" bodystart="133" bodyend="140"/>
      </memberdef>
      <memberdef kind="function" id="class_platy_v_g_element_1_1_mesh_aqua_1a279392fffeb0f3c402b7adeae74c774f" prot="public" static="no" const="no" explicit="no" inline="no" virt="non-virtual">
        <type></type>
        <definition>PlatyVGElement::MeshAqua::~MeshAqua</definition>
        <argsstring>()</argsstring>
        <name>~MeshAqua</name>
        <briefdescription>
        </briefdescription>
        <detaileddescription>
        </detaileddescription>
        <inbodydescription>
        </inbodydescription>
        <location file="C:/BonexData/BxProject/PlatyVG/source/element/mesh.hpp" line="61" column="1" bodyfile="C:/BonexData/BxProject/PlatyVG/source/element/mesh.cpp" bodystart="142" bodyend="144"/>
      </memberdef>
      <memberdef kind="function" id="class_platy_v_g_element_1_1_mesh_aqua_1a28a9fdf355a6d367cb4b14f171639a89" prot="public" static="no" const="no" explicit="no" inline="no" virt="non-virtual">
        <type><ref refid="class_platy_v_g_element_1_1_mesh_aqua" kindref="compound">MeshAqua</ref> &amp;</type>
        <definition>MeshAqua &amp; PlatyVGElement::MeshAqua::operator=</definition>
        <argsstring>(const MeshAqua &amp;rhs)</argsstring>
        <name>operator=</name>
        <param>
          <type>const <ref refid="class_platy_v_g_element_1_1_mesh_aqua" kindref="compound">MeshAqua</ref> &amp;</type>
          <declname>rhs</declname>
        </param>
        <briefdescription>
        </briefdescription>
        <detaileddescription>
        </detaileddescription>
        <inbodydescription>
        </inbodydescription>
        <location file="C:/BonexData/BxProject/PlatyVG/source/element/mesh.hpp" line="62" column="1" bodyfile="C:/BonexData/BxProject/PlatyVG/source/element/mesh.cpp" bodystart="146" bodyend="154"/>
      </memberdef>
      </sectiondef>
    <briefdescription>
<para>메시좌표(Aqua) </para>    </briefdescription>
    <detaileddescription>
    </detaileddescription>
    <inheritancegraph>
      <node id="103">
        <label>PlatyVGElement::MeshAqua</label>
        <link refid="class_platy_v_g_element_1_1_mesh_aqua"/>
        <childnode refid="104" relation="public-inheritance">
        </childnode>
      </node>
      <node id="104">
        <label>PlatyVGElement::Mesh</label>
        <link refid="class_platy_v_g_element_1_1_mesh"/>
      </node>
    </inheritancegraph>
    <collaborationgraph>
      <node id="105">
        <label>PlatyVGElement::MeshAqua</label>
        <link refid="class_platy_v_g_element_1_1_mesh_aqua"/>
        <childnode refid="106" relation="public-inheritance">
        </childnode>
      </node>
      <node id="106">
        <label>PlatyVGElement::Mesh</label>
        <link refid="class_platy_v_g_element_1_1_mesh"/>
      </node>
    </collaborationgraph>
    <location file="C:/BonexData/BxProject/PlatyVG/source/element/mesh.hpp" line="56" column="1" bodyfile="C:/BonexData/BxProject/PlatyVG/source/element/mesh.hpp" bodystart="55" bodyend="70"/>
    <listofallmembers>
      <member refid="class_platy_v_g_element_1_1_mesh_aqua_1a5854bcfdaa3626d76e00ed0dbb4e253c" prot="public" virt="non-virtual"><scope>PlatyVGElement::MeshAqua</scope><name>force</name></member>
      <member refid="class_platy_v_g_element_1_1_mesh_aqua_1a6337e3bd13b6a037d533aecd5c905b71" prot="public" virt="non-virtual"><scope>PlatyVGElement::MeshAqua</scope><name>lx</name></member>
      <member refid="class_platy_v_g_element_1_1_mesh_aqua_1a52f3ebe5b1e26fc59060e4a772ec0e0e" prot="public" virt="non-virtual"><scope>PlatyVGElement::MeshAqua</scope><name>ly</name></member>
      <member refid="class_platy_v_g_element_1_1_mesh_1a4512ec0790962c2644d4811c00a8be6c" prot="public" virt="non-virtual"><scope>PlatyVGElement::MeshAqua</scope><name>Mesh</name></member>
      <member refid="class_platy_v_g_element_1_1_mesh_1a58a3b3b234034d89f99497bc889df693" prot="public" virt="non-virtual"><scope>PlatyVGElement::MeshAqua</scope><name>Mesh</name></member>
      <member refid="class_platy_v_g_element_1_1_mesh_aqua_1ac7210ad119da8cfff4f0b584aa49ffe5" prot="public" virt="non-virtual"><scope>PlatyVGElement::MeshAqua</scope><name>MeshAqua</name></member>
      <member refid="class_platy_v_g_element_1_1_mesh_aqua_1a8854c2ef07980edc270e06e1e7a4f108" prot="public" virt="non-virtual"><scope>PlatyVGElement::MeshAqua</scope><name>MeshAqua</name></member>
      <member refid="class_platy_v_g_element_1_1_mesh_aqua_1ab8b3217391fbb8b5a0dd913f52f699da" prot="public" virt="non-virtual"><scope>PlatyVGElement::MeshAqua</scope><name>MeshAqua</name></member>
      <member refid="class_platy_v_g_element_1_1_mesh_aqua_1a28a9fdf355a6d367cb4b14f171639a89" prot="public" virt="non-virtual"><scope>PlatyVGElement::MeshAqua</scope><name>operator=</name></member>
      <member refid="class_platy_v_g_element_1_1_mesh_1a9f845fd2940a20e6092c822f23206289" prot="public" virt="non-virtual" ambiguityscope="PlatyVGElement::Mesh::"><scope>PlatyVGElement::MeshAqua</scope><name>operator=</name></member>
      <member refid="class_platy_v_g_element_1_1_mesh_aqua_1abfcda91cc102050cab1feb83149fad39" prot="public" virt="non-virtual"><scope>PlatyVGElement::MeshAqua</scope><name>rx</name></member>
      <member refid="class_platy_v_g_element_1_1_mesh_aqua_1a21d32c1bd92fd84fcf26ace5c29616b5" prot="public" virt="non-virtual"><scope>PlatyVGElement::MeshAqua</scope><name>ry</name></member>
      <member refid="class_platy_v_g_element_1_1_mesh_1a96b1ad80a1afff1cd6027974a3ed1bed" prot="public" virt="non-virtual"><scope>PlatyVGElement::MeshAqua</scope><name>~Mesh</name></member>
      <member refid="class_platy_v_g_element_1_1_mesh_aqua_1a279392fffeb0f3c402b7adeae74c774f" prot="public" virt="non-virtual"><scope>PlatyVGElement::MeshAqua</scope><name>~MeshAqua</name></member>
    </listofallmembers>
  </compounddef>
</doxygen>
