<?xml version='1.0' encoding='UTF-8' standalone='no'?>
<doxygen xmlns:xsi="http://www.w3.org/2001/XMLSchema-instance" xsi:noNamespaceSchemaLocation="compound.xsd" version="1.8.9.1">
  <compounddef id="class_platy_v_g_api_1_1_listener" kind="class" language="C++" prot="public">
    <compoundname>PlatyVGApi::Listener</compoundname>
    <includes refid="listener_8hpp" local="no">listener.hpp</includes>
    <briefdescription>
<para>이벤트콜 </para>    </briefdescription>
    <detaileddescription>
    </detaileddescription>
    <location file="C:/BonexData/BxProject/PlatyVG/source/api/listener.hpp" line="8" column="1" bodyfile="C:/BonexData/BxProject/PlatyVG/source/api/listener.hpp" bodystart="7" bodyend="9"/>
    <listofallmembers>
    </listofallmembers>
  </compounddef>
</doxygen>
