<?xml version='1.0' encoding='UTF-8' standalone='no'?>
<doxygen xmlns:xsi="http://www.w3.org/2001/XMLSchema-instance" xsi:noNamespaceSchemaLocation="compound.xsd" version="1.8.9.1">
  <compounddef id="class_platy_v_g_element_1_1_action_remove" kind="class" language="C++" prot="public">
    <compoundname>PlatyVGElement::ActionRemove</compoundname>
    <basecompoundref refid="class_platy_v_g_element_1_1_action" prot="public" virt="non-virtual">PlatyVGElement::Action</basecompoundref>
    <includes refid="action_8hpp" local="no">action.hpp</includes>
      <sectiondef kind="public-attrib">
      <memberdef kind="variable" id="class_platy_v_g_element_1_1_action_remove_1a97c71541c36137f75e267c9b405d44a8" prot="public" static="no" mutable="no">
        <type>sint32</type>
        <definition>sint32 PlatyVGElement::ActionRemove::saved_shapeid</definition>
        <argsstring></argsstring>
        <name>saved_shapeid</name>
        <briefdescription>
        </briefdescription>
        <detaileddescription>
        </detaileddescription>
        <inbodydescription>
        </inbodydescription>
        <location file="C:/BonexData/BxProject/PlatyVG/source/element/action.hpp" line="45" column="1" bodyfile="C:/BonexData/BxProject/PlatyVG/source/element/action.hpp" bodystart="45" bodyend="-1"/>
      </memberdef>
      </sectiondef>
      <sectiondef kind="public-func">
      <memberdef kind="function" id="class_platy_v_g_element_1_1_action_remove_1a20d656fa02da3359e7f01d78256b5248" prot="public" static="no" const="no" explicit="no" inline="no" virt="non-virtual">
        <type></type>
        <definition>PlatyVGElement::ActionRemove::ActionRemove</definition>
        <argsstring>()</argsstring>
        <name>ActionRemove</name>
        <briefdescription>
        </briefdescription>
        <detaileddescription>
        </detaileddescription>
        <inbodydescription>
        </inbodydescription>
        <location file="C:/BonexData/BxProject/PlatyVG/source/element/action.hpp" line="38" column="1" bodyfile="C:/BonexData/BxProject/PlatyVG/source/element/action.cpp" bodystart="50" bodyend="52"/>
      </memberdef>
      <memberdef kind="function" id="class_platy_v_g_element_1_1_action_remove_1a0704d9be25b3a79c49c28ca55a14409a" prot="public" static="no" const="no" explicit="no" inline="no" virt="non-virtual">
        <type></type>
        <definition>PlatyVGElement::ActionRemove::ActionRemove</definition>
        <argsstring>(const ActionRemove &amp;rhs)</argsstring>
        <name>ActionRemove</name>
        <param>
          <type>const <ref refid="class_platy_v_g_element_1_1_action_remove" kindref="compound">ActionRemove</ref> &amp;</type>
          <declname>rhs</declname>
        </param>
        <briefdescription>
        </briefdescription>
        <detaileddescription>
        </detaileddescription>
        <inbodydescription>
        </inbodydescription>
        <location file="C:/BonexData/BxProject/PlatyVG/source/element/action.hpp" line="39" column="1" bodyfile="C:/BonexData/BxProject/PlatyVG/source/element/action.cpp" bodystart="54" bodyend="57"/>
      </memberdef>
      <memberdef kind="function" id="class_platy_v_g_element_1_1_action_remove_1aba3e34971ffc3344800cc23d856c4e17" prot="public" static="no" const="no" explicit="no" inline="no" virt="non-virtual">
        <type></type>
        <definition>PlatyVGElement::ActionRemove::ActionRemove</definition>
        <argsstring>(const sint32 shapeid)</argsstring>
        <name>ActionRemove</name>
        <param>
          <type>const sint32</type>
          <declname>shapeid</declname>
        </param>
        <briefdescription>
        </briefdescription>
        <detaileddescription>
        </detaileddescription>
        <inbodydescription>
        </inbodydescription>
        <location file="C:/BonexData/BxProject/PlatyVG/source/element/action.hpp" line="40" column="1" bodyfile="C:/BonexData/BxProject/PlatyVG/source/element/action.cpp" bodystart="59" bodyend="62"/>
      </memberdef>
      <memberdef kind="function" id="class_platy_v_g_element_1_1_action_remove_1a9d7c52159cb846d57bf1df677e1aa636" prot="public" static="no" const="no" explicit="no" inline="no" virt="virtual">
        <type></type>
        <definition>PlatyVGElement::ActionRemove::~ActionRemove</definition>
        <argsstring>()</argsstring>
        <name>~ActionRemove</name>
        <briefdescription>
        </briefdescription>
        <detaileddescription>
        </detaileddescription>
        <inbodydescription>
        </inbodydescription>
        <location file="C:/BonexData/BxProject/PlatyVG/source/element/action.hpp" line="41" column="1" bodyfile="C:/BonexData/BxProject/PlatyVG/source/element/action.cpp" bodystart="64" bodyend="66"/>
      </memberdef>
      <memberdef kind="function" id="class_platy_v_g_element_1_1_action_remove_1a2090fc511480ff0d4e25541ec399fd88" prot="public" static="no" const="no" explicit="no" inline="no" virt="non-virtual">
        <type><ref refid="class_platy_v_g_element_1_1_action_remove" kindref="compound">ActionRemove</ref> &amp;</type>
        <definition>ActionRemove &amp; PlatyVGElement::ActionRemove::operator=</definition>
        <argsstring>(const ActionRemove &amp;rhs)</argsstring>
        <name>operator=</name>
        <param>
          <type>const <ref refid="class_platy_v_g_element_1_1_action_remove" kindref="compound">ActionRemove</ref> &amp;</type>
          <declname>rhs</declname>
        </param>
        <briefdescription>
        </briefdescription>
        <detaileddescription>
        </detaileddescription>
        <inbodydescription>
        </inbodydescription>
        <location file="C:/BonexData/BxProject/PlatyVG/source/element/action.hpp" line="42" column="1" bodyfile="C:/BonexData/BxProject/PlatyVG/source/element/action.cpp" bodystart="68" bodyend="72"/>
      </memberdef>
      </sectiondef>
    <briefdescription>
<para>작업내역(제거, 선택-제거) </para>    </briefdescription>
    <detaileddescription>
    </detaileddescription>
    <inheritancegraph>
      <node id="24">
        <label>PlatyVGElement::Action</label>
        <link refid="class_platy_v_g_element_1_1_action"/>
      </node>
      <node id="23">
        <label>PlatyVGElement::ActionRemove</label>
        <link refid="class_platy_v_g_element_1_1_action_remove"/>
        <childnode refid="24" relation="public-inheritance">
        </childnode>
      </node>
    </inheritancegraph>
    <collaborationgraph>
      <node id="26">
        <label>PlatyVGElement::Action</label>
        <link refid="class_platy_v_g_element_1_1_action"/>
      </node>
      <node id="25">
        <label>PlatyVGElement::ActionRemove</label>
        <link refid="class_platy_v_g_element_1_1_action_remove"/>
        <childnode refid="26" relation="public-inheritance">
        </childnode>
      </node>
    </collaborationgraph>
    <location file="C:/BonexData/BxProject/PlatyVG/source/element/action.hpp" line="36" column="1" bodyfile="C:/BonexData/BxProject/PlatyVG/source/element/action.hpp" bodystart="35" bodyend="46"/>
    <listofallmembers>
      <member refid="class_platy_v_g_element_1_1_action_1a47e62996cde156a807c4326fb77bdbe6" prot="public" virt="non-virtual"><scope>PlatyVGElement::ActionRemove</scope><name>Action</name></member>
      <member refid="class_platy_v_g_element_1_1_action_1a578800451cf4d6fc707aa285b28c4482" prot="public" virt="non-virtual"><scope>PlatyVGElement::ActionRemove</scope><name>Action</name></member>
      <member refid="class_platy_v_g_element_1_1_action_remove_1a20d656fa02da3359e7f01d78256b5248" prot="public" virt="non-virtual"><scope>PlatyVGElement::ActionRemove</scope><name>ActionRemove</name></member>
      <member refid="class_platy_v_g_element_1_1_action_remove_1a0704d9be25b3a79c49c28ca55a14409a" prot="public" virt="non-virtual"><scope>PlatyVGElement::ActionRemove</scope><name>ActionRemove</name></member>
      <member refid="class_platy_v_g_element_1_1_action_remove_1aba3e34971ffc3344800cc23d856c4e17" prot="public" virt="non-virtual"><scope>PlatyVGElement::ActionRemove</scope><name>ActionRemove</name></member>
      <member refid="class_platy_v_g_element_1_1_action_remove_1a2090fc511480ff0d4e25541ec399fd88" prot="public" virt="non-virtual"><scope>PlatyVGElement::ActionRemove</scope><name>operator=</name></member>
      <member refid="class_platy_v_g_element_1_1_action_1a7d2be3f48a3e546723ff459b87f3b2f2" prot="public" virt="non-virtual" ambiguityscope="PlatyVGElement::Action::"><scope>PlatyVGElement::ActionRemove</scope><name>operator=</name></member>
      <member refid="class_platy_v_g_element_1_1_action_remove_1a97c71541c36137f75e267c9b405d44a8" prot="public" virt="non-virtual"><scope>PlatyVGElement::ActionRemove</scope><name>saved_shapeid</name></member>
      <member refid="class_platy_v_g_element_1_1_action_1aec18f8a6f73fa152421a1f933c4d32b3" prot="public" virt="virtual"><scope>PlatyVGElement::ActionRemove</scope><name>~Action</name></member>
      <member refid="class_platy_v_g_element_1_1_action_remove_1a9d7c52159cb846d57bf1df677e1aa636" prot="public" virt="virtual"><scope>PlatyVGElement::ActionRemove</scope><name>~ActionRemove</name></member>
    </listofallmembers>
  </compounddef>
</doxygen>
