<?xml version='1.0' encoding='UTF-8' standalone='no'?>
<doxygen xmlns:xsi="http://www.w3.org/2001/XMLSchema-instance" xsi:noNamespaceSchemaLocation="compound.xsd" version="1.8.9.1">
  <compounddef id="color_8cpp" kind="file" language="C++">
    <compoundname>color.cpp</compoundname>
    <includes refid="platyvg_8hpp" local="no">platyvg.hpp</includes>
    <includes refid="color_8hpp" local="yes">color.hpp</includes>
    <incdepgraph>
      <node id="169">
        <label>platyvg.hpp</label>
        <link refid="platyvg_8hpp_source"/>
        <childnode refid="170" relation="include">
        </childnode>
        <childnode refid="171" relation="include">
        </childnode>
        <childnode refid="173" relation="include">
        </childnode>
        <childnode refid="175" relation="include">
        </childnode>
        <childnode refid="176" relation="include">
        </childnode>
        <childnode refid="174" relation="include">
        </childnode>
        <childnode refid="177" relation="include">
        </childnode>
        <childnode refid="172" relation="include">
        </childnode>
        <childnode refid="178" relation="include">
        </childnode>
      </node>
      <node id="179">
        <label>color.hpp</label>
        <link refid="color_8hpp_source"/>
        <childnode refid="169" relation="include">
        </childnode>
      </node>
      <node id="176">
        <label>../px/math.hpp</label>
        <link refid="math_8hpp_source"/>
        <childnode refid="170" relation="include">
        </childnode>
      </node>
      <node id="177">
        <label>../px/parser.hpp</label>
        <link refid="parser_8hpp_source"/>
        <childnode refid="178" relation="include">
        </childnode>
      </node>
      <node id="173">
        <label>../px/buffer.hpp</label>
        <link refid="buffer_8hpp_source"/>
        <childnode refid="174" relation="include">
        </childnode>
      </node>
      <node id="168">
        <label>color.cpp</label>
        <link refid="color.cpp"/>
        <childnode refid="169" relation="include">
        </childnode>
        <childnode refid="179" relation="include">
        </childnode>
      </node>
      <node id="170">
        <label>../px/px.hpp</label>
        <link refid="px_8hpp_source"/>
      </node>
      <node id="175">
        <label>../px/file.hpp</label>
        <link refid="file_8hpp_source"/>
        <childnode refid="170" relation="include">
        </childnode>
      </node>
      <node id="178">
        <label>../px/string.hpp</label>
        <link refid="string_8hpp_source"/>
        <childnode refid="171" relation="include">
        </childnode>
      </node>
      <node id="174">
        <label>../px/memory.hpp</label>
        <link refid="memory_8hpp_source"/>
        <childnode refid="170" relation="include">
        </childnode>
      </node>
      <node id="171">
        <label>../px/array.hpp</label>
        <link refid="array_8hpp_source"/>
        <childnode refid="172" relation="include">
        </childnode>
      </node>
      <node id="172">
        <label>../px/share.hpp</label>
        <link refid="share_8hpp_source"/>
        <childnode refid="173" relation="include">
        </childnode>
      </node>
    </incdepgraph>
    <innernamespace refid="namespace_platy_v_g_element">PlatyVGElement</innernamespace>
    <briefdescription>
    </briefdescription>
    <detaileddescription>
    </detaileddescription>
    <programlisting>
<codeline lineno="1"><highlight class="preprocessor">#include<sp/>&lt;platyvg.hpp&gt;</highlight><highlight class="normal"></highlight></codeline>
<codeline lineno="2"><highlight class="normal"></highlight><highlight class="preprocessor">#include<sp/>&quot;color.hpp&quot;</highlight><highlight class="normal"></highlight></codeline>
<codeline lineno="3"><highlight class="normal"></highlight></codeline>
<codeline lineno="4"><highlight class="normal"></highlight><highlight class="keyword">namespace<sp/></highlight><highlight class="normal"><ref refid="namespace_platy_v_g_element" kindref="compound">PlatyVGElement</ref></highlight></codeline>
<codeline lineno="5"><highlight class="normal">{</highlight></codeline>
<codeline lineno="6"><highlight class="normal"><sp/><sp/><sp/><sp/>Color::Color()</highlight></codeline>
<codeline lineno="7"><highlight class="normal"><sp/><sp/><sp/><sp/>{</highlight></codeline>
<codeline lineno="8"><highlight class="normal"><sp/><sp/><sp/><sp/><sp/><sp/><sp/><sp/>rgba<sp/>=<sp/>0;</highlight></codeline>
<codeline lineno="9"><highlight class="normal"><sp/><sp/><sp/><sp/><sp/><sp/><sp/><sp/>aqua<sp/>=<sp/>0;</highlight></codeline>
<codeline lineno="10"><highlight class="normal"><sp/><sp/><sp/><sp/>}</highlight></codeline>
<codeline lineno="11"><highlight class="normal"></highlight></codeline>
<codeline lineno="12"><highlight class="normal"><sp/><sp/><sp/><sp/>Color::Color(</highlight><highlight class="keyword">const</highlight><highlight class="normal"><sp/><ref refid="class_platy_v_g_element_1_1_color" kindref="compound">Color</ref>&amp;<sp/>rhs)</highlight></codeline>
<codeline lineno="13"><highlight class="normal"><sp/><sp/><sp/><sp/>{</highlight></codeline>
<codeline lineno="14"><highlight class="normal"><sp/><sp/><sp/><sp/><sp/><sp/><sp/><sp/>operator=(rhs);</highlight></codeline>
<codeline lineno="15"><highlight class="normal"><sp/><sp/><sp/><sp/>}</highlight></codeline>
<codeline lineno="16"><highlight class="normal"></highlight></codeline>
<codeline lineno="17"><highlight class="normal"><sp/><sp/><sp/><sp/>Color::Color(uint32<sp/>rgba,<sp/>uint32<sp/>aqua)</highlight></codeline>
<codeline lineno="18"><highlight class="normal"><sp/><sp/><sp/><sp/>{</highlight></codeline>
<codeline lineno="19"><highlight class="normal"><sp/><sp/><sp/><sp/><sp/><sp/><sp/><sp/>this-&gt;rgba<sp/>=<sp/>rgba;</highlight></codeline>
<codeline lineno="20"><highlight class="normal"><sp/><sp/><sp/><sp/><sp/><sp/><sp/><sp/>this-&gt;aqua<sp/>=<sp/>aqua;</highlight></codeline>
<codeline lineno="21"><highlight class="normal"><sp/><sp/><sp/><sp/>}</highlight></codeline>
<codeline lineno="22"><highlight class="normal"></highlight></codeline>
<codeline lineno="23"><highlight class="normal"><sp/><sp/><sp/><sp/>Color::Color(uint08<sp/>r,<sp/>uint08<sp/>g,<sp/>uint08<sp/>b,<sp/>uint08<sp/>a,<sp/>uint32<sp/>aqua)</highlight></codeline>
<codeline lineno="24"><highlight class="normal"><sp/><sp/><sp/><sp/>{</highlight></codeline>
<codeline lineno="25"><highlight class="normal"><sp/><sp/><sp/><sp/><sp/><sp/><sp/><sp/>this-&gt;r<sp/>=<sp/>r;</highlight></codeline>
<codeline lineno="26"><highlight class="normal"><sp/><sp/><sp/><sp/><sp/><sp/><sp/><sp/>this-&gt;g<sp/>=<sp/>g;</highlight></codeline>
<codeline lineno="27"><highlight class="normal"><sp/><sp/><sp/><sp/><sp/><sp/><sp/><sp/>this-&gt;b<sp/>=<sp/>b;</highlight></codeline>
<codeline lineno="28"><highlight class="normal"><sp/><sp/><sp/><sp/><sp/><sp/><sp/><sp/>this-&gt;a<sp/>=<sp/>a;</highlight></codeline>
<codeline lineno="29"><highlight class="normal"><sp/><sp/><sp/><sp/><sp/><sp/><sp/><sp/>this-&gt;aqua<sp/>=<sp/>aqua;</highlight></codeline>
<codeline lineno="30"><highlight class="normal"><sp/><sp/><sp/><sp/>}</highlight></codeline>
<codeline lineno="31"><highlight class="normal"></highlight></codeline>
<codeline lineno="32"><highlight class="normal"><sp/><sp/><sp/><sp/>Color::~Color()</highlight></codeline>
<codeline lineno="33"><highlight class="normal"><sp/><sp/><sp/><sp/>{</highlight></codeline>
<codeline lineno="34"><highlight class="normal"><sp/><sp/><sp/><sp/>}</highlight></codeline>
<codeline lineno="35"><highlight class="normal"></highlight></codeline>
<codeline lineno="36"><highlight class="normal"><sp/><sp/><sp/><sp/><ref refid="class_platy_v_g_element_1_1_color" kindref="compound">Color</ref>&amp;<sp/>Color::operator=(</highlight><highlight class="keyword">const</highlight><highlight class="normal"><sp/><ref refid="class_platy_v_g_element_1_1_color" kindref="compound">Color</ref>&amp;<sp/>rhs)</highlight></codeline>
<codeline lineno="37"><highlight class="normal"><sp/><sp/><sp/><sp/>{</highlight></codeline>
<codeline lineno="38"><highlight class="normal"><sp/><sp/><sp/><sp/><sp/><sp/><sp/><sp/>rgba<sp/>=<sp/>rhs.rgba;</highlight></codeline>
<codeline lineno="39"><highlight class="normal"><sp/><sp/><sp/><sp/><sp/><sp/><sp/><sp/>aqua<sp/>=<sp/>rhs.aqua;</highlight></codeline>
<codeline lineno="40"><highlight class="normal"><sp/><sp/><sp/><sp/><sp/><sp/><sp/><sp/></highlight><highlight class="keywordflow">return</highlight><highlight class="normal"><sp/>*</highlight><highlight class="keyword">this</highlight><highlight class="normal">;</highlight></codeline>
<codeline lineno="41"><highlight class="normal"><sp/><sp/><sp/><sp/>}</highlight></codeline>
<codeline lineno="42"><highlight class="normal">}</highlight></codeline>
    </programlisting>
    <location file="C:/BonexData/BxProject/PlatyVG/source/element/color.cpp"/>
  </compounddef>
</doxygen>
