<?xml version='1.0' encoding='UTF-8' standalone='no'?>
<doxygen xmlns:xsi="http://www.w3.org/2001/XMLSchema-instance" xsi:noNamespaceSchemaLocation="compound.xsd" version="1.8.9.1">
  <compounddef id="color_8hpp" kind="file" language="C++">
    <compoundname>color.hpp</compoundname>
    <includes refid="platyvg_8hpp" local="no">platyvg.hpp</includes>
    <includedby refid="adapter_8hpp" local="yes">adapter.hpp</includedby>
    <includedby refid="context_8hpp" local="yes">context.hpp</includedby>
    <includedby refid="action_8hpp" local="yes">action.hpp</includedby>
    <includedby refid="command_8hpp" local="yes">command.hpp</includedby>
    <includedby refid="color_8cpp" local="yes">color.cpp</includedby>
    <incdepgraph>
      <node id="182">
        <label>platyvg.hpp</label>
        <link refid="platyvg_8hpp_source"/>
        <childnode refid="183" relation="include">
        </childnode>
        <childnode refid="184" relation="include">
        </childnode>
        <childnode refid="186" relation="include">
        </childnode>
        <childnode refid="188" relation="include">
        </childnode>
        <childnode refid="189" relation="include">
        </childnode>
        <childnode refid="187" relation="include">
        </childnode>
        <childnode refid="190" relation="include">
        </childnode>
        <childnode refid="185" relation="include">
        </childnode>
        <childnode refid="191" relation="include">
        </childnode>
      </node>
      <node id="181">
        <label>color.hpp</label>
        <link refid="color.hpp"/>
        <childnode refid="182" relation="include">
        </childnode>
      </node>
      <node id="189">
        <label>../px/math.hpp</label>
        <link refid="math_8hpp_source"/>
        <childnode refid="183" relation="include">
        </childnode>
      </node>
      <node id="190">
        <label>../px/parser.hpp</label>
        <link refid="parser_8hpp_source"/>
        <childnode refid="191" relation="include">
        </childnode>
      </node>
      <node id="186">
        <label>../px/buffer.hpp</label>
        <link refid="buffer_8hpp_source"/>
        <childnode refid="187" relation="include">
        </childnode>
      </node>
      <node id="183">
        <label>../px/px.hpp</label>
        <link refid="px_8hpp_source"/>
      </node>
      <node id="188">
        <label>../px/file.hpp</label>
        <link refid="file_8hpp_source"/>
        <childnode refid="183" relation="include">
        </childnode>
      </node>
      <node id="191">
        <label>../px/string.hpp</label>
        <link refid="string_8hpp_source"/>
        <childnode refid="184" relation="include">
        </childnode>
      </node>
      <node id="187">
        <label>../px/memory.hpp</label>
        <link refid="memory_8hpp_source"/>
        <childnode refid="183" relation="include">
        </childnode>
      </node>
      <node id="184">
        <label>../px/array.hpp</label>
        <link refid="array_8hpp_source"/>
        <childnode refid="185" relation="include">
        </childnode>
      </node>
      <node id="185">
        <label>../px/share.hpp</label>
        <link refid="share_8hpp_source"/>
        <childnode refid="186" relation="include">
        </childnode>
      </node>
    </incdepgraph>
    <invincdepgraph>
      <node id="200">
        <label>record.hpp</label>
        <link refid="record_8hpp_source"/>
        <childnode refid="196" relation="include">
        </childnode>
      </node>
      <node id="192">
        <label>color.hpp</label>
        <link refid="color.hpp"/>
        <childnode refid="193" relation="include">
        </childnode>
        <childnode refid="198" relation="include">
        </childnode>
        <childnode refid="199" relation="include">
        </childnode>
        <childnode refid="201" relation="include">
        </childnode>
      </node>
      <node id="199">
        <label>action.hpp</label>
        <link refid="action_8hpp_source"/>
        <childnode refid="200" relation="include">
        </childnode>
      </node>
      <node id="198">
        <label>context.hpp</label>
        <link refid="context_8hpp_source"/>
        <childnode refid="194" relation="include">
        </childnode>
        <childnode refid="197" relation="include">
        </childnode>
      </node>
      <node id="194">
        <label>shape.hpp</label>
        <link refid="shape_8hpp_source"/>
        <childnode refid="195" relation="include">
        </childnode>
        <childnode refid="197" relation="include">
        </childnode>
      </node>
      <node id="195">
        <label>layer.hpp</label>
        <link refid="layer_8hpp_source"/>
        <childnode refid="196" relation="include">
        </childnode>
      </node>
      <node id="193">
        <label>adapter.hpp</label>
        <link refid="adapter_8hpp_source"/>
        <childnode refid="194" relation="include">
        </childnode>
      </node>
      <node id="197">
        <label>view.hpp</label>
        <link refid="view_8hpp_source"/>
      </node>
      <node id="201">
        <label>command.hpp</label>
        <link refid="command_8hpp_source"/>
      </node>
      <node id="196">
        <label>document.hpp</label>
        <link refid="document_8hpp_source"/>
        <childnode refid="197" relation="include">
        </childnode>
      </node>
    </invincdepgraph>
    <innerclass refid="class_platy_v_g_element_1_1_color" prot="public">PlatyVGElement::Color</innerclass>
    <innernamespace refid="namespace_platy_v_g_element">PlatyVGElement</innernamespace>
    <briefdescription>
    </briefdescription>
    <detaileddescription>
    </detaileddescription>
    <programlisting>
<codeline lineno="1"><highlight class="preprocessor">#pragma<sp/>once</highlight><highlight class="normal"></highlight></codeline>
<codeline lineno="2"><highlight class="normal"></highlight><highlight class="preprocessor">#include<sp/>&lt;platyvg.hpp&gt;</highlight><highlight class="normal"></highlight></codeline>
<codeline lineno="3"><highlight class="normal"></highlight></codeline>
<codeline lineno="4"><highlight class="normal"></highlight><highlight class="keyword">namespace<sp/></highlight><highlight class="normal"><ref refid="namespace_platy_v_g_element" kindref="compound">PlatyVGElement</ref></highlight></codeline>
<codeline lineno="5"><highlight class="normal">{</highlight></codeline>
<codeline lineno="7" refid="class_platy_v_g_element_1_1_color" refkind="compound"><highlight class="normal"><sp/><sp/><sp/><sp/></highlight><highlight class="keyword">class<sp/></highlight><highlight class="normal"><ref refid="class_platy_v_g_element_1_1_color" kindref="compound">Color</ref></highlight></codeline>
<codeline lineno="8"><highlight class="normal"><sp/><sp/><sp/><sp/>{</highlight></codeline>
<codeline lineno="9"><highlight class="normal"><sp/><sp/><sp/><sp/></highlight><highlight class="keyword">public</highlight><highlight class="normal">:</highlight></codeline>
<codeline lineno="10"><highlight class="normal"><sp/><sp/><sp/><sp/><sp/><sp/><sp/><sp/><ref refid="class_platy_v_g_element_1_1_color" kindref="compound">Color</ref>();</highlight></codeline>
<codeline lineno="11"><highlight class="normal"><sp/><sp/><sp/><sp/><sp/><sp/><sp/><sp/><ref refid="class_platy_v_g_element_1_1_color" kindref="compound">Color</ref>(</highlight><highlight class="keyword">const</highlight><highlight class="normal"><sp/><ref refid="class_platy_v_g_element_1_1_color" kindref="compound">Color</ref>&amp;<sp/>rhs);</highlight></codeline>
<codeline lineno="12"><highlight class="normal"><sp/><sp/><sp/><sp/><sp/><sp/><sp/><sp/><ref refid="class_platy_v_g_element_1_1_color" kindref="compound">Color</ref>(uint32<sp/>rgba,<sp/>uint32<sp/>aqua);</highlight></codeline>
<codeline lineno="13"><highlight class="normal"><sp/><sp/><sp/><sp/><sp/><sp/><sp/><sp/><ref refid="class_platy_v_g_element_1_1_color" kindref="compound">Color</ref>(uint08<sp/>r,<sp/>uint08<sp/>g,<sp/>uint08<sp/>b,<sp/>uint08<sp/>a,<sp/>uint32<sp/>aqua);</highlight></codeline>
<codeline lineno="14"><highlight class="normal"><sp/><sp/><sp/><sp/><sp/><sp/><sp/><sp/>~<ref refid="class_platy_v_g_element_1_1_color" kindref="compound">Color</ref>();</highlight></codeline>
<codeline lineno="15"><highlight class="normal"><sp/><sp/><sp/><sp/><sp/><sp/><sp/><sp/><ref refid="class_platy_v_g_element_1_1_color" kindref="compound">Color</ref>&amp;<sp/>operator=(</highlight><highlight class="keyword">const</highlight><highlight class="normal"><sp/><ref refid="class_platy_v_g_element_1_1_color" kindref="compound">Color</ref>&amp;<sp/>rhs);</highlight></codeline>
<codeline lineno="16"><highlight class="normal"></highlight></codeline>
<codeline lineno="17"><highlight class="normal"><sp/><sp/><sp/><sp/></highlight><highlight class="keyword">public</highlight><highlight class="normal">:</highlight></codeline>
<codeline lineno="18"><highlight class="normal"><sp/><sp/><sp/><sp/><sp/><sp/><sp/><sp/></highlight><highlight class="keyword">union</highlight><highlight class="normal"></highlight></codeline>
<codeline lineno="19"><highlight class="normal"><sp/><sp/><sp/><sp/><sp/><sp/><sp/><sp/>{</highlight></codeline>
<codeline lineno="20"><highlight class="normal"><sp/><sp/><sp/><sp/><sp/><sp/><sp/><sp/><sp/><sp/><sp/><sp/>uint32<sp/>rgba;</highlight></codeline>
<codeline lineno="21"><highlight class="normal"><sp/><sp/><sp/><sp/><sp/><sp/><sp/><sp/><sp/><sp/><sp/><sp/></highlight><highlight class="keyword">struct</highlight><highlight class="normal"></highlight></codeline>
<codeline lineno="22"><highlight class="normal"><sp/><sp/><sp/><sp/><sp/><sp/><sp/><sp/><sp/><sp/><sp/><sp/>{</highlight></codeline>
<codeline lineno="23"><highlight class="normal"><sp/><sp/><sp/><sp/><sp/><sp/><sp/><sp/><sp/><sp/><sp/><sp/><sp/><sp/><sp/><sp/>uint08<sp/>r;</highlight></codeline>
<codeline lineno="24"><highlight class="normal"><sp/><sp/><sp/><sp/><sp/><sp/><sp/><sp/><sp/><sp/><sp/><sp/><sp/><sp/><sp/><sp/>uint08<sp/>g;</highlight></codeline>
<codeline lineno="25"><highlight class="normal"><sp/><sp/><sp/><sp/><sp/><sp/><sp/><sp/><sp/><sp/><sp/><sp/><sp/><sp/><sp/><sp/>uint08<sp/>b;</highlight></codeline>
<codeline lineno="26"><highlight class="normal"><sp/><sp/><sp/><sp/><sp/><sp/><sp/><sp/><sp/><sp/><sp/><sp/><sp/><sp/><sp/><sp/>uint08<sp/>a;</highlight></codeline>
<codeline lineno="27"><highlight class="normal"><sp/><sp/><sp/><sp/><sp/><sp/><sp/><sp/><sp/><sp/><sp/><sp/>};</highlight></codeline>
<codeline lineno="28"><highlight class="normal"><sp/><sp/><sp/><sp/><sp/><sp/><sp/><sp/>};</highlight></codeline>
<codeline lineno="29"><highlight class="normal"><sp/><sp/><sp/><sp/><sp/><sp/><sp/><sp/>uint32<sp/>aqua;</highlight></codeline>
<codeline lineno="30"><highlight class="normal"><sp/><sp/><sp/><sp/>};</highlight></codeline>
<codeline lineno="31"><highlight class="normal">}</highlight></codeline>
    </programlisting>
    <location file="C:/BonexData/BxProject/PlatyVG/source/element/color.hpp"/>
  </compounddef>
</doxygen>
