<?xml version='1.0' encoding='UTF-8' standalone='no'?>
<doxygen xmlns:xsi="http://www.w3.org/2001/XMLSchema-instance" xsi:noNamespaceSchemaLocation="compound.xsd" version="1.8.9.1">
  <compounddef id="context_8hpp" kind="file" language="C++">
    <compoundname>context.hpp</compoundname>
    <includes refid="platyvg_8hpp" local="no">platyvg.hpp</includes>
    <includes refid="color_8hpp" local="yes">../element/color.hpp</includes>
    <includedby refid="shape_8hpp" local="yes">shape.hpp</includedby>
    <includedby refid="view_8hpp" local="yes">view.hpp</includedby>
    <includedby refid="context_8cpp" local="yes">context.cpp</includedby>
    <incdepgraph>
      <node id="268">
        <label>platyvg.hpp</label>
        <link refid="platyvg_8hpp_source"/>
        <childnode refid="269" relation="include">
        </childnode>
        <childnode refid="270" relation="include">
        </childnode>
        <childnode refid="272" relation="include">
        </childnode>
        <childnode refid="274" relation="include">
        </childnode>
        <childnode refid="275" relation="include">
        </childnode>
        <childnode refid="273" relation="include">
        </childnode>
        <childnode refid="276" relation="include">
        </childnode>
        <childnode refid="271" relation="include">
        </childnode>
        <childnode refid="277" relation="include">
        </childnode>
      </node>
      <node id="278">
        <label>../element/color.hpp</label>
        <link refid="color_8hpp_source"/>
        <childnode refid="268" relation="include">
        </childnode>
      </node>
      <node id="275">
        <label>../px/math.hpp</label>
        <link refid="math_8hpp_source"/>
        <childnode refid="269" relation="include">
        </childnode>
      </node>
      <node id="276">
        <label>../px/parser.hpp</label>
        <link refid="parser_8hpp_source"/>
        <childnode refid="277" relation="include">
        </childnode>
      </node>
      <node id="267">
        <label>context.hpp</label>
        <link refid="context.hpp"/>
        <childnode refid="268" relation="include">
        </childnode>
        <childnode refid="278" relation="include">
        </childnode>
      </node>
      <node id="272">
        <label>../px/buffer.hpp</label>
        <link refid="buffer_8hpp_source"/>
        <childnode refid="273" relation="include">
        </childnode>
      </node>
      <node id="269">
        <label>../px/px.hpp</label>
        <link refid="px_8hpp_source"/>
      </node>
      <node id="274">
        <label>../px/file.hpp</label>
        <link refid="file_8hpp_source"/>
        <childnode refid="269" relation="include">
        </childnode>
      </node>
      <node id="277">
        <label>../px/string.hpp</label>
        <link refid="string_8hpp_source"/>
        <childnode refid="270" relation="include">
        </childnode>
      </node>
      <node id="273">
        <label>../px/memory.hpp</label>
        <link refid="memory_8hpp_source"/>
        <childnode refid="269" relation="include">
        </childnode>
      </node>
      <node id="270">
        <label>../px/array.hpp</label>
        <link refid="array_8hpp_source"/>
        <childnode refid="271" relation="include">
        </childnode>
      </node>
      <node id="271">
        <label>../px/share.hpp</label>
        <link refid="share_8hpp_source"/>
        <childnode refid="272" relation="include">
        </childnode>
      </node>
    </incdepgraph>
    <invincdepgraph>
      <node id="279">
        <label>context.hpp</label>
        <link refid="context.hpp"/>
        <childnode refid="280" relation="include">
        </childnode>
        <childnode refid="283" relation="include">
        </childnode>
      </node>
      <node id="280">
        <label>shape.hpp</label>
        <link refid="shape_8hpp_source"/>
        <childnode refid="281" relation="include">
        </childnode>
        <childnode refid="283" relation="include">
        </childnode>
      </node>
      <node id="281">
        <label>layer.hpp</label>
        <link refid="layer_8hpp_source"/>
        <childnode refid="282" relation="include">
        </childnode>
      </node>
      <node id="283">
        <label>view.hpp</label>
        <link refid="view_8hpp_source"/>
      </node>
      <node id="282">
        <label>document.hpp</label>
        <link refid="document_8hpp_source"/>
        <childnode refid="283" relation="include">
        </childnode>
      </node>
    </invincdepgraph>
    <innerclass refid="class_platy_v_g_element_1_1_context" prot="public">PlatyVGElement::Context</innerclass>
    <innernamespace refid="namespace_platy_v_g_element">PlatyVGElement</innernamespace>
    <briefdescription>
    </briefdescription>
    <detaileddescription>
    </detaileddescription>
    <programlisting>
<codeline lineno="1"><highlight class="preprocessor">#pragma<sp/>once</highlight><highlight class="normal"></highlight></codeline>
<codeline lineno="2"><highlight class="normal"></highlight><highlight class="preprocessor">#include<sp/>&lt;platyvg.hpp&gt;</highlight><highlight class="normal"></highlight></codeline>
<codeline lineno="3"><highlight class="normal"></highlight><highlight class="preprocessor">#include<sp/>&quot;../element/color.hpp&quot;</highlight><highlight class="normal"></highlight></codeline>
<codeline lineno="4"><highlight class="normal"></highlight></codeline>
<codeline lineno="5"><highlight class="normal"></highlight><highlight class="keyword">namespace<sp/></highlight><highlight class="normal"><ref refid="namespace_platy_v_g_element" kindref="compound">PlatyVGElement</ref></highlight></codeline>
<codeline lineno="6"><highlight class="normal">{</highlight></codeline>
<codeline lineno="8" refid="class_platy_v_g_element_1_1_context" refkind="compound"><highlight class="normal"><sp/><sp/><sp/><sp/></highlight><highlight class="keyword">class<sp/></highlight><highlight class="normal"><ref refid="class_platy_v_g_element_1_1_context" kindref="compound">Context</ref></highlight></codeline>
<codeline lineno="9"><highlight class="normal"><sp/><sp/><sp/><sp/>{</highlight></codeline>
<codeline lineno="10"><highlight class="normal"><sp/><sp/><sp/><sp/></highlight><highlight class="keyword">public</highlight><highlight class="normal">:</highlight></codeline>
<codeline lineno="11"><highlight class="normal"><sp/><sp/><sp/><sp/><sp/><sp/><sp/><sp/><ref refid="class_platy_v_g_element_1_1_context" kindref="compound">Context</ref>();</highlight></codeline>
<codeline lineno="12"><highlight class="normal"><sp/><sp/><sp/><sp/><sp/><sp/><sp/><sp/><ref refid="class_platy_v_g_element_1_1_context" kindref="compound">Context</ref>(</highlight><highlight class="keyword">const</highlight><highlight class="normal"><sp/><ref refid="class_platy_v_g_element_1_1_context" kindref="compound">Context</ref>&amp;<sp/>rhs);</highlight></codeline>
<codeline lineno="13"><highlight class="normal"><sp/><sp/><sp/><sp/><sp/><sp/><sp/><sp/><ref refid="class_platy_v_g_element_1_1_context" kindref="compound">Context</ref>(</highlight><highlight class="keyword">const</highlight><highlight class="normal"><sp/><ref refid="class_platy_v_g_element_1_1_color" kindref="compound">Color</ref>&amp;<sp/>color,<sp/></highlight><highlight class="keyword">const</highlight><highlight class="normal"><sp/></highlight><highlight class="keywordtype">float</highlight><highlight class="normal"><sp/>thick);</highlight></codeline>
<codeline lineno="14"><highlight class="normal"><sp/><sp/><sp/><sp/><sp/><sp/><sp/><sp/>~<ref refid="class_platy_v_g_element_1_1_context" kindref="compound">Context</ref>();</highlight></codeline>
<codeline lineno="15"><highlight class="normal"><sp/><sp/><sp/><sp/><sp/><sp/><sp/><sp/><ref refid="class_platy_v_g_element_1_1_context" kindref="compound">Context</ref>&amp;<sp/>operator=(</highlight><highlight class="keyword">const</highlight><highlight class="normal"><sp/><ref refid="class_platy_v_g_element_1_1_context" kindref="compound">Context</ref>&amp;<sp/>rhs);</highlight></codeline>
<codeline lineno="16"><highlight class="normal"></highlight></codeline>
<codeline lineno="17"><highlight class="normal"><sp/><sp/><sp/><sp/></highlight><highlight class="keyword">public</highlight><highlight class="normal">:</highlight></codeline>
<codeline lineno="18"><highlight class="normal"><sp/><sp/><sp/><sp/><sp/><sp/><sp/><sp/><ref refid="class_platy_v_g_element_1_1_color" kindref="compound">Color</ref><sp/>color;</highlight></codeline>
<codeline lineno="19"><highlight class="normal"><sp/><sp/><sp/><sp/><sp/><sp/><sp/><sp/></highlight><highlight class="keywordtype">float</highlight><highlight class="normal"><sp/>thick;</highlight></codeline>
<codeline lineno="20"><highlight class="normal"><sp/><sp/><sp/><sp/>};</highlight></codeline>
<codeline lineno="21"><highlight class="normal">}</highlight></codeline>
    </programlisting>
    <location file="C:/BonexData/BxProject/PlatyVG/source/element/context.hpp"/>
  </compounddef>
</doxygen>
