<?xml version='1.0' encoding='UTF-8' standalone='no'?>
<doxygen xmlns:xsi="http://www.w3.org/2001/XMLSchema-instance" xsi:noNamespaceSchemaLocation="compound.xsd" version="1.8.9.1">
  <compounddef id="coord_8hpp" kind="file" language="C++">
    <compoundname>coord.hpp</compoundname>
    <includes refid="platyvg_8hpp" local="no">platyvg.hpp</includes>
    <includedby refid="adapter_8hpp" local="yes">adapter.hpp</includedby>
    <includedby refid="device_8hpp" local="yes">device.hpp</includedby>
    <includedby refid="shape_8hpp" local="yes">shape.hpp</includedby>
    <includedby refid="selector_8hpp" local="yes">selector.hpp</includedby>
    <includedby refid="view_8hpp" local="yes">view.hpp</includedby>
    <includedby refid="input_8hpp" local="yes">input.hpp</includedby>
    <includedby refid="coord_8cpp" local="yes">coord.cpp</includedby>
    <incdepgraph>
      <node id="298">
        <label>platyvg.hpp</label>
        <link refid="platyvg_8hpp_source"/>
        <childnode refid="299" relation="include">
        </childnode>
        <childnode refid="300" relation="include">
        </childnode>
        <childnode refid="302" relation="include">
        </childnode>
        <childnode refid="304" relation="include">
        </childnode>
        <childnode refid="305" relation="include">
        </childnode>
        <childnode refid="303" relation="include">
        </childnode>
        <childnode refid="306" relation="include">
        </childnode>
        <childnode refid="301" relation="include">
        </childnode>
        <childnode refid="307" relation="include">
        </childnode>
      </node>
      <node id="305">
        <label>../px/math.hpp</label>
        <link refid="math_8hpp_source"/>
        <childnode refid="299" relation="include">
        </childnode>
      </node>
      <node id="306">
        <label>../px/parser.hpp</label>
        <link refid="parser_8hpp_source"/>
        <childnode refid="307" relation="include">
        </childnode>
      </node>
      <node id="302">
        <label>../px/buffer.hpp</label>
        <link refid="buffer_8hpp_source"/>
        <childnode refid="303" relation="include">
        </childnode>
      </node>
      <node id="299">
        <label>../px/px.hpp</label>
        <link refid="px_8hpp_source"/>
      </node>
      <node id="304">
        <label>../px/file.hpp</label>
        <link refid="file_8hpp_source"/>
        <childnode refid="299" relation="include">
        </childnode>
      </node>
      <node id="307">
        <label>../px/string.hpp</label>
        <link refid="string_8hpp_source"/>
        <childnode refid="300" relation="include">
        </childnode>
      </node>
      <node id="303">
        <label>../px/memory.hpp</label>
        <link refid="memory_8hpp_source"/>
        <childnode refid="299" relation="include">
        </childnode>
      </node>
      <node id="300">
        <label>../px/array.hpp</label>
        <link refid="array_8hpp_source"/>
        <childnode refid="301" relation="include">
        </childnode>
      </node>
      <node id="297">
        <label>coord.hpp</label>
        <link refid="coord.hpp"/>
        <childnode refid="298" relation="include">
        </childnode>
      </node>
      <node id="301">
        <label>../px/share.hpp</label>
        <link refid="share_8hpp_source"/>
        <childnode refid="302" relation="include">
        </childnode>
      </node>
    </incdepgraph>
    <invincdepgraph>
      <node id="314">
        <label>device.hpp</label>
        <link refid="device_8hpp_source"/>
        <childnode refid="313" relation="include">
        </childnode>
      </node>
      <node id="315">
        <label>selector.hpp</label>
        <link refid="selector_8hpp_source"/>
        <childnode refid="310" relation="include">
        </childnode>
      </node>
      <node id="310">
        <label>shape.hpp</label>
        <link refid="shape_8hpp_source"/>
        <childnode refid="311" relation="include">
        </childnode>
        <childnode refid="313" relation="include">
        </childnode>
      </node>
      <node id="311">
        <label>layer.hpp</label>
        <link refid="layer_8hpp_source"/>
        <childnode refid="312" relation="include">
        </childnode>
      </node>
      <node id="309">
        <label>adapter.hpp</label>
        <link refid="adapter_8hpp_source"/>
        <childnode refid="310" relation="include">
        </childnode>
      </node>
      <node id="313">
        <label>view.hpp</label>
        <link refid="view_8hpp_source"/>
      </node>
      <node id="308">
        <label>coord.hpp</label>
        <link refid="coord.hpp"/>
        <childnode refid="309" relation="include">
        </childnode>
        <childnode refid="314" relation="include">
        </childnode>
        <childnode refid="310" relation="include">
        </childnode>
        <childnode refid="315" relation="include">
        </childnode>
        <childnode refid="313" relation="include">
        </childnode>
        <childnode refid="316" relation="include">
        </childnode>
      </node>
      <node id="316">
        <label>input.hpp</label>
        <link refid="input_8hpp_source"/>
      </node>
      <node id="312">
        <label>document.hpp</label>
        <link refid="document_8hpp_source"/>
        <childnode refid="313" relation="include">
        </childnode>
      </node>
    </invincdepgraph>
    <innerclass refid="class_platy_v_g_element_1_1_coord" prot="public">PlatyVGElement::Coord</innerclass>
    <innernamespace refid="namespace_platy_v_g_element">PlatyVGElement</innernamespace>
    <briefdescription>
    </briefdescription>
    <detaileddescription>
    </detaileddescription>
    <programlisting>
<codeline lineno="1"><highlight class="preprocessor">#pragma<sp/>once</highlight><highlight class="normal"></highlight></codeline>
<codeline lineno="2"><highlight class="normal"></highlight><highlight class="preprocessor">#include<sp/>&lt;platyvg.hpp&gt;</highlight><highlight class="normal"></highlight></codeline>
<codeline lineno="3"><highlight class="normal"></highlight></codeline>
<codeline lineno="4"><highlight class="normal"></highlight><highlight class="keyword">namespace<sp/></highlight><highlight class="normal"><ref refid="namespace_platy_v_g_element" kindref="compound">PlatyVGElement</ref></highlight></codeline>
<codeline lineno="5"><highlight class="normal">{</highlight></codeline>
<codeline lineno="7" refid="class_platy_v_g_element_1_1_coord" refkind="compound"><highlight class="normal"><sp/><sp/><sp/><sp/></highlight><highlight class="keyword">class<sp/></highlight><highlight class="normal"><ref refid="class_platy_v_g_element_1_1_coord" kindref="compound">Coord</ref></highlight></codeline>
<codeline lineno="8"><highlight class="normal"><sp/><sp/><sp/><sp/>{</highlight></codeline>
<codeline lineno="9"><highlight class="normal"><sp/><sp/><sp/><sp/></highlight><highlight class="keyword">public</highlight><highlight class="normal">:</highlight></codeline>
<codeline lineno="10"><highlight class="normal"><sp/><sp/><sp/><sp/><sp/><sp/><sp/><sp/><ref refid="class_platy_v_g_element_1_1_coord" kindref="compound">Coord</ref>();</highlight></codeline>
<codeline lineno="11"><highlight class="normal"><sp/><sp/><sp/><sp/><sp/><sp/><sp/><sp/><ref refid="class_platy_v_g_element_1_1_coord" kindref="compound">Coord</ref>(</highlight><highlight class="keyword">const</highlight><highlight class="normal"><sp/><ref refid="class_platy_v_g_element_1_1_coord" kindref="compound">Coord</ref>&amp;<sp/>rhs);</highlight></codeline>
<codeline lineno="12"><highlight class="normal"><sp/><sp/><sp/><sp/><sp/><sp/><sp/><sp/><ref refid="class_platy_v_g_element_1_1_coord" kindref="compound">Coord</ref>(</highlight><highlight class="keywordtype">float</highlight><highlight class="normal"><sp/>x,<sp/></highlight><highlight class="keywordtype">float</highlight><highlight class="normal"><sp/>y,<sp/></highlight><highlight class="keywordtype">float</highlight><highlight class="normal"><sp/>force);</highlight></codeline>
<codeline lineno="13"><highlight class="normal"><sp/><sp/><sp/><sp/><sp/><sp/><sp/><sp/>~<ref refid="class_platy_v_g_element_1_1_coord" kindref="compound">Coord</ref>();</highlight></codeline>
<codeline lineno="14"><highlight class="normal"><sp/><sp/><sp/><sp/><sp/><sp/><sp/><sp/><ref refid="class_platy_v_g_element_1_1_coord" kindref="compound">Coord</ref>&amp;<sp/>operator=(</highlight><highlight class="keyword">const</highlight><highlight class="normal"><sp/><ref refid="class_platy_v_g_element_1_1_coord" kindref="compound">Coord</ref>&amp;<sp/>rhs);</highlight></codeline>
<codeline lineno="15"><highlight class="normal"></highlight></codeline>
<codeline lineno="16"><highlight class="normal"><sp/><sp/><sp/><sp/></highlight><highlight class="keyword">public</highlight><highlight class="normal">:</highlight></codeline>
<codeline lineno="17"><highlight class="normal"><sp/><sp/><sp/><sp/><sp/><sp/><sp/><sp/></highlight><highlight class="keywordtype">float</highlight><highlight class="normal"><sp/>x;</highlight></codeline>
<codeline lineno="18"><highlight class="normal"><sp/><sp/><sp/><sp/><sp/><sp/><sp/><sp/></highlight><highlight class="keywordtype">float</highlight><highlight class="normal"><sp/>y;</highlight></codeline>
<codeline lineno="19"><highlight class="normal"><sp/><sp/><sp/><sp/><sp/><sp/><sp/><sp/></highlight><highlight class="keywordtype">float</highlight><highlight class="normal"><sp/>force;</highlight></codeline>
<codeline lineno="20"><highlight class="normal"><sp/><sp/><sp/><sp/>};</highlight></codeline>
<codeline lineno="21"><highlight class="normal"><sp/><sp/><sp/><sp/></highlight><highlight class="keyword">typedef</highlight><highlight class="normal"><sp/><ref refid="class_px_1_1_array" kindref="compound">Array&lt;Coord, true&gt;</ref><sp/><ref refid="class_px_1_1_array" kindref="compound">Coords</ref>;</highlight></codeline>
<codeline lineno="22"><highlight class="normal">}</highlight></codeline>
    </programlisting>
    <location file="C:/BonexData/BxProject/PlatyVG/source/element/coord.hpp"/>
  </compounddef>
</doxygen>
