<?xml version='1.0' encoding='UTF-8' standalone='no'?>
<doxygen xmlns:xsi="http://www.w3.org/2001/XMLSchema-instance" xsi:noNamespaceSchemaLocation="compound.xsd" version="1.8.9.1">
  <compounddef id="device_8cpp" kind="file" language="C++">
    <compoundname>device.cpp</compoundname>
    <includes refid="platyvg_8hpp" local="no">platyvg.hpp</includes>
    <includes refid="device_8hpp" local="yes">device.hpp</includes>
    <incdepgraph>
      <node id="330">
        <label>../element/point.hpp</label>
        <link refid="point_8hpp_source"/>
        <childnode refid="318" relation="include">
        </childnode>
        <childnode refid="331" relation="include">
        </childnode>
      </node>
      <node id="318">
        <label>platyvg.hpp</label>
        <link refid="platyvg_8hpp_source"/>
        <childnode refid="319" relation="include">
        </childnode>
        <childnode refid="320" relation="include">
        </childnode>
        <childnode refid="322" relation="include">
        </childnode>
        <childnode refid="324" relation="include">
        </childnode>
        <childnode refid="325" relation="include">
        </childnode>
        <childnode refid="323" relation="include">
        </childnode>
        <childnode refid="326" relation="include">
        </childnode>
        <childnode refid="321" relation="include">
        </childnode>
        <childnode refid="327" relation="include">
        </childnode>
      </node>
      <node id="325">
        <label>../px/math.hpp</label>
        <link refid="math_8hpp_source"/>
        <childnode refid="319" relation="include">
        </childnode>
      </node>
      <node id="326">
        <label>../px/parser.hpp</label>
        <link refid="parser_8hpp_source"/>
        <childnode refid="327" relation="include">
        </childnode>
      </node>
      <node id="322">
        <label>../px/buffer.hpp</label>
        <link refid="buffer_8hpp_source"/>
        <childnode refid="323" relation="include">
        </childnode>
      </node>
      <node id="328">
        <label>device.hpp</label>
        <link refid="device_8hpp_source"/>
        <childnode refid="318" relation="include">
        </childnode>
        <childnode refid="329" relation="include">
        </childnode>
        <childnode refid="330" relation="include">
        </childnode>
      </node>
      <node id="319">
        <label>../px/px.hpp</label>
        <link refid="px_8hpp_source"/>
      </node>
      <node id="324">
        <label>../px/file.hpp</label>
        <link refid="file_8hpp_source"/>
        <childnode refid="319" relation="include">
        </childnode>
      </node>
      <node id="331">
        <label>../element/matrix.hpp</label>
        <link refid="matrix_8hpp_source"/>
        <childnode refid="318" relation="include">
        </childnode>
      </node>
      <node id="317">
        <label>device.cpp</label>
        <link refid="device.cpp"/>
        <childnode refid="318" relation="include">
        </childnode>
        <childnode refid="328" relation="include">
        </childnode>
      </node>
      <node id="327">
        <label>../px/string.hpp</label>
        <link refid="string_8hpp_source"/>
        <childnode refid="320" relation="include">
        </childnode>
      </node>
      <node id="323">
        <label>../px/memory.hpp</label>
        <link refid="memory_8hpp_source"/>
        <childnode refid="319" relation="include">
        </childnode>
      </node>
      <node id="320">
        <label>../px/array.hpp</label>
        <link refid="array_8hpp_source"/>
        <childnode refid="321" relation="include">
        </childnode>
      </node>
      <node id="329">
        <label>../element/coord.hpp</label>
        <link refid="coord_8hpp_source"/>
        <childnode refid="318" relation="include">
        </childnode>
      </node>
      <node id="321">
        <label>../px/share.hpp</label>
        <link refid="share_8hpp_source"/>
        <childnode refid="322" relation="include">
        </childnode>
      </node>
    </incdepgraph>
    <innernamespace refid="namespace_platy_v_g_core">PlatyVGCore</innernamespace>
    <briefdescription>
    </briefdescription>
    <detaileddescription>
    </detaileddescription>
    <programlisting>
<codeline lineno="1"><highlight class="preprocessor">#include<sp/>&lt;platyvg.hpp&gt;</highlight><highlight class="normal"></highlight></codeline>
<codeline lineno="2"><highlight class="normal"></highlight><highlight class="preprocessor">#include<sp/>&quot;device.hpp&quot;</highlight><highlight class="normal"></highlight></codeline>
<codeline lineno="3"><highlight class="normal"></highlight></codeline>
<codeline lineno="4"><highlight class="normal"></highlight><highlight class="keyword">namespace<sp/></highlight><highlight class="normal"><ref refid="namespace_platy_v_g_core" kindref="compound">PlatyVGCore</ref></highlight></codeline>
<codeline lineno="5"><highlight class="normal">{</highlight></codeline>
<codeline lineno="6"><highlight class="normal"><sp/><sp/><sp/><sp/>Device::Device()</highlight></codeline>
<codeline lineno="7"><highlight class="normal"><sp/><sp/><sp/><sp/>{</highlight></codeline>
<codeline lineno="8"><highlight class="normal"><sp/><sp/><sp/><sp/><sp/><sp/><sp/><sp/>IsZoomEnabled<sp/>=<sp/></highlight><highlight class="keyword">false</highlight><highlight class="normal">;</highlight></codeline>
<codeline lineno="9"><highlight class="normal"><sp/><sp/><sp/><sp/><sp/><sp/><sp/><sp/>IsOutsideDown<sp/>=<sp/></highlight><highlight class="keyword">false</highlight><highlight class="normal">;</highlight></codeline>
<codeline lineno="10"><highlight class="normal"><sp/><sp/><sp/><sp/><sp/><sp/><sp/><sp/>IsGlobalZoomEnabled<sp/>=<sp/></highlight><highlight class="keyword">false</highlight><highlight class="normal">;</highlight></codeline>
<codeline lineno="11"><highlight class="normal"><sp/><sp/><sp/><sp/><sp/><sp/><sp/><sp/>InputFlag<sp/>=<sp/>0;</highlight></codeline>
<codeline lineno="12"><highlight class="normal"><sp/><sp/><sp/><sp/><sp/><sp/><sp/><sp/>InputLocked<sp/>=<sp/>-1;</highlight></codeline>
<codeline lineno="13"><highlight class="normal"><sp/><sp/><sp/><sp/><sp/><sp/><sp/><sp/>InputSensitivity<sp/>=<sp/>0;</highlight></codeline>
<codeline lineno="14"><highlight class="normal"><sp/><sp/><sp/><sp/><sp/><sp/><sp/><sp/>InputBaseDistanceByMS<sp/>=<sp/>0;</highlight></codeline>
<codeline lineno="15"><highlight class="normal"></highlight></codeline>
<codeline lineno="16"><highlight class="normal"><sp/><sp/><sp/><sp/><sp/><sp/><sp/><sp/>CurrentSpeedyForce<sp/>=<sp/>0;</highlight></codeline>
<codeline lineno="17"><highlight class="normal"><sp/><sp/><sp/><sp/><sp/><sp/><sp/><sp/>OldXForSpeedyForce<sp/>=<sp/>0;</highlight></codeline>
<codeline lineno="18"><highlight class="normal"><sp/><sp/><sp/><sp/><sp/><sp/><sp/><sp/>OldYForSpeedyForce<sp/>=<sp/>0;</highlight></codeline>
<codeline lineno="19"><highlight class="normal"><sp/><sp/><sp/><sp/><sp/><sp/><sp/><sp/>OldMSForSpeedyForce<sp/>=<sp/>0;</highlight></codeline>
<codeline lineno="20"><highlight class="normal"><sp/><sp/><sp/><sp/>}</highlight></codeline>
<codeline lineno="21"><highlight class="normal"></highlight></codeline>
<codeline lineno="22"><highlight class="normal"><sp/><sp/><sp/><sp/>Device::~Device()</highlight></codeline>
<codeline lineno="23"><highlight class="normal"><sp/><sp/><sp/><sp/>{</highlight></codeline>
<codeline lineno="24"><highlight class="normal"><sp/><sp/><sp/><sp/>}</highlight></codeline>
<codeline lineno="25"><highlight class="normal"></highlight></codeline>
<codeline lineno="26"><highlight class="normal"><sp/><sp/><sp/><sp/></highlight><highlight class="keywordtype">float</highlight><highlight class="normal"><sp/>Device::GetSpeedyForce(</highlight><highlight class="keywordtype">float</highlight><highlight class="normal"><sp/>x,<sp/></highlight><highlight class="keywordtype">float</highlight><highlight class="normal"><sp/>y,<sp/>sint64<sp/>ms)</highlight></codeline>
<codeline lineno="27"><highlight class="normal"><sp/><sp/><sp/><sp/>{</highlight></codeline>
<codeline lineno="28"><highlight class="normal"><sp/><sp/><sp/><sp/><sp/><sp/><sp/><sp/></highlight><highlight class="keywordtype">float</highlight><highlight class="normal"><sp/>Result<sp/>=<sp/>1;</highlight></codeline>
<codeline lineno="29"><highlight class="normal"><sp/><sp/><sp/><sp/><sp/><sp/><sp/><sp/></highlight><highlight class="keywordflow">if</highlight><highlight class="normal">(0<sp/>&lt;<sp/>InputBaseDistanceByMS)</highlight></codeline>
<codeline lineno="30"><highlight class="normal"><sp/><sp/><sp/><sp/><sp/><sp/><sp/><sp/>{</highlight></codeline>
<codeline lineno="31"><highlight class="normal"><sp/><sp/><sp/><sp/><sp/><sp/><sp/><sp/><sp/><sp/><sp/><sp/></highlight><highlight class="keyword">const</highlight><highlight class="normal"><sp/></highlight><highlight class="keywordtype">float</highlight><highlight class="normal"><sp/>DistX<sp/>=<sp/>x<sp/>-<sp/>OldXForSpeedyForce;</highlight></codeline>
<codeline lineno="32"><highlight class="normal"><sp/><sp/><sp/><sp/><sp/><sp/><sp/><sp/><sp/><sp/><sp/><sp/></highlight><highlight class="keyword">const</highlight><highlight class="normal"><sp/></highlight><highlight class="keywordtype">float</highlight><highlight class="normal"><sp/>DistY<sp/>=<sp/>y<sp/>-<sp/>OldYForSpeedyForce;</highlight></codeline>
<codeline lineno="33"><highlight class="normal"><sp/><sp/><sp/><sp/><sp/><sp/><sp/><sp/><sp/><sp/><sp/><sp/></highlight><highlight class="keyword">const</highlight><highlight class="normal"><sp/></highlight><highlight class="keywordtype">float</highlight><highlight class="normal"><sp/>Dist<sp/>=<sp/>Math::Sqrt(DistX<sp/>*<sp/>DistX<sp/>+<sp/>DistY<sp/>*<sp/>DistY);</highlight></codeline>
<codeline lineno="34"><highlight class="normal"><sp/><sp/><sp/><sp/><sp/><sp/><sp/><sp/><sp/><sp/><sp/><sp/></highlight><highlight class="keyword">const</highlight><highlight class="normal"><sp/></highlight><highlight class="keywordtype">float</highlight><highlight class="normal"><sp/>DistTime<sp/>=<sp/>Math::MaxF(50,<sp/>ms<sp/>-<sp/>OldMSForSpeedyForce);</highlight></codeline>
<codeline lineno="35"><highlight class="normal"><sp/><sp/><sp/><sp/><sp/><sp/><sp/><sp/><sp/><sp/><sp/><sp/></highlight><highlight class="keyword">const</highlight><highlight class="normal"><sp/></highlight><highlight class="keywordtype">float</highlight><highlight class="normal"><sp/>DistByMS<sp/>=<sp/>Math::MaxF(InputBaseDistanceByMS,<sp/>Dist<sp/>/<sp/>DistTime);</highlight></codeline>
<codeline lineno="36"><highlight class="normal"><sp/><sp/><sp/><sp/><sp/><sp/><sp/><sp/><sp/><sp/><sp/><sp/></highlight><highlight class="keyword">const</highlight><highlight class="normal"><sp/></highlight><highlight class="keywordtype">float</highlight><highlight class="normal"><sp/>NewSpeedyForce<sp/>=<sp/>InputBaseDistanceByMS<sp/>/<sp/>DistByMS;</highlight></codeline>
<codeline lineno="37"><highlight class="normal"><sp/><sp/><sp/><sp/><sp/><sp/><sp/><sp/><sp/><sp/><sp/><sp/>CurrentSpeedyForce<sp/>=<sp/>NewSpeedyForce<sp/>*<sp/>0.10f<sp/>+<sp/>CurrentSpeedyForce<sp/>*<sp/>0.90f;</highlight></codeline>
<codeline lineno="38"><highlight class="normal"><sp/><sp/><sp/><sp/><sp/><sp/><sp/><sp/><sp/><sp/><sp/><sp/>Result<sp/>=<sp/>Math::MaxF(0,<sp/>Math::MinF(CurrentSpeedyForce,<sp/>1));</highlight></codeline>
<codeline lineno="39"><highlight class="normal"><sp/><sp/><sp/><sp/><sp/><sp/><sp/><sp/>}</highlight></codeline>
<codeline lineno="40"><highlight class="normal"><sp/><sp/><sp/><sp/><sp/><sp/><sp/><sp/>OldXForSpeedyForce<sp/>=<sp/>x;</highlight></codeline>
<codeline lineno="41"><highlight class="normal"><sp/><sp/><sp/><sp/><sp/><sp/><sp/><sp/>OldYForSpeedyForce<sp/>=<sp/>y;</highlight></codeline>
<codeline lineno="42"><highlight class="normal"><sp/><sp/><sp/><sp/><sp/><sp/><sp/><sp/>OldMSForSpeedyForce<sp/>=<sp/>ms;</highlight></codeline>
<codeline lineno="43"><highlight class="normal"><sp/><sp/><sp/><sp/><sp/><sp/><sp/><sp/></highlight><highlight class="keywordflow">return</highlight><highlight class="normal"><sp/>Result;</highlight></codeline>
<codeline lineno="44"><highlight class="normal"><sp/><sp/><sp/><sp/>}</highlight></codeline>
<codeline lineno="45"><highlight class="normal">}</highlight></codeline>
    </programlisting>
    <location file="C:/BonexData/BxProject/PlatyVG/source/core/device.cpp"/>
  </compounddef>
</doxygen>
