<?xml version='1.0' encoding='UTF-8' standalone='no'?>
<doxygen xmlns:xsi="http://www.w3.org/2001/XMLSchema-instance" xsi:noNamespaceSchemaLocation="compound.xsd" version="1.8.9.1">
  <compounddef id="device_8hpp" kind="file" language="C++">
    <compoundname>device.hpp</compoundname>
    <includes refid="platyvg_8hpp" local="no">platyvg.hpp</includes>
    <includes refid="coord_8hpp" local="yes">../element/coord.hpp</includes>
    <includes refid="point_8hpp" local="yes">../element/point.hpp</includes>
    <includedby refid="view_8hpp" local="yes">view.hpp</includedby>
    <includedby refid="device_8cpp" local="yes">device.cpp</includedby>
    <incdepgraph>
      <node id="345">
        <label>../element/point.hpp</label>
        <link refid="point_8hpp_source"/>
        <childnode refid="334" relation="include">
        </childnode>
        <childnode refid="346" relation="include">
        </childnode>
      </node>
      <node id="334">
        <label>platyvg.hpp</label>
        <link refid="platyvg_8hpp_source"/>
        <childnode refid="335" relation="include">
        </childnode>
        <childnode refid="336" relation="include">
        </childnode>
        <childnode refid="338" relation="include">
        </childnode>
        <childnode refid="340" relation="include">
        </childnode>
        <childnode refid="341" relation="include">
        </childnode>
        <childnode refid="339" relation="include">
        </childnode>
        <childnode refid="342" relation="include">
        </childnode>
        <childnode refid="337" relation="include">
        </childnode>
        <childnode refid="343" relation="include">
        </childnode>
      </node>
      <node id="341">
        <label>../px/math.hpp</label>
        <link refid="math_8hpp_source"/>
        <childnode refid="335" relation="include">
        </childnode>
      </node>
      <node id="342">
        <label>../px/parser.hpp</label>
        <link refid="parser_8hpp_source"/>
        <childnode refid="343" relation="include">
        </childnode>
      </node>
      <node id="338">
        <label>../px/buffer.hpp</label>
        <link refid="buffer_8hpp_source"/>
        <childnode refid="339" relation="include">
        </childnode>
      </node>
      <node id="333">
        <label>device.hpp</label>
        <link refid="device.hpp"/>
        <childnode refid="334" relation="include">
        </childnode>
        <childnode refid="344" relation="include">
        </childnode>
        <childnode refid="345" relation="include">
        </childnode>
      </node>
      <node id="335">
        <label>../px/px.hpp</label>
        <link refid="px_8hpp_source"/>
      </node>
      <node id="340">
        <label>../px/file.hpp</label>
        <link refid="file_8hpp_source"/>
        <childnode refid="335" relation="include">
        </childnode>
      </node>
      <node id="346">
        <label>../element/matrix.hpp</label>
        <link refid="matrix_8hpp_source"/>
        <childnode refid="334" relation="include">
        </childnode>
      </node>
      <node id="343">
        <label>../px/string.hpp</label>
        <link refid="string_8hpp_source"/>
        <childnode refid="336" relation="include">
        </childnode>
      </node>
      <node id="339">
        <label>../px/memory.hpp</label>
        <link refid="memory_8hpp_source"/>
        <childnode refid="335" relation="include">
        </childnode>
      </node>
      <node id="336">
        <label>../px/array.hpp</label>
        <link refid="array_8hpp_source"/>
        <childnode refid="337" relation="include">
        </childnode>
      </node>
      <node id="344">
        <label>../element/coord.hpp</label>
        <link refid="coord_8hpp_source"/>
        <childnode refid="334" relation="include">
        </childnode>
      </node>
      <node id="337">
        <label>../px/share.hpp</label>
        <link refid="share_8hpp_source"/>
        <childnode refid="338" relation="include">
        </childnode>
      </node>
    </incdepgraph>
    <invincdepgraph>
      <node id="347">
        <label>device.hpp</label>
        <link refid="device.hpp"/>
        <childnode refid="348" relation="include">
        </childnode>
      </node>
      <node id="348">
        <label>view.hpp</label>
        <link refid="view_8hpp_source"/>
      </node>
    </invincdepgraph>
    <innerclass refid="class_platy_v_g_core_1_1_device" prot="public">PlatyVGCore::Device</innerclass>
    <innernamespace refid="namespace_platy_v_g_core">PlatyVGCore</innernamespace>
    <briefdescription>
    </briefdescription>
    <detaileddescription>
    </detaileddescription>
    <programlisting>
<codeline lineno="1"><highlight class="preprocessor">#pragma<sp/>once</highlight><highlight class="normal"></highlight></codeline>
<codeline lineno="2"><highlight class="normal"></highlight><highlight class="preprocessor">#include<sp/>&lt;platyvg.hpp&gt;</highlight><highlight class="normal"></highlight></codeline>
<codeline lineno="3"><highlight class="normal"></highlight><highlight class="preprocessor">#include<sp/>&quot;../element/coord.hpp&quot;</highlight><highlight class="normal"></highlight></codeline>
<codeline lineno="4"><highlight class="normal"></highlight><highlight class="preprocessor">#include<sp/>&quot;../element/point.hpp&quot;</highlight><highlight class="normal"></highlight></codeline>
<codeline lineno="5"><highlight class="normal"></highlight></codeline>
<codeline lineno="6"><highlight class="normal"></highlight><highlight class="keyword">namespace<sp/></highlight><highlight class="normal"><ref refid="namespace_platy_v_g_core" kindref="compound">PlatyVGCore</ref></highlight></codeline>
<codeline lineno="7"><highlight class="normal">{</highlight></codeline>
<codeline lineno="9" refid="class_platy_v_g_core_1_1_device" refkind="compound"><highlight class="normal"><sp/><sp/><sp/><sp/></highlight><highlight class="keyword">class<sp/></highlight><highlight class="normal"><ref refid="class_platy_v_g_core_1_1_device" kindref="compound">Device</ref></highlight></codeline>
<codeline lineno="10"><highlight class="normal"><sp/><sp/><sp/><sp/>{</highlight></codeline>
<codeline lineno="11"><highlight class="normal"><sp/><sp/><sp/><sp/></highlight><highlight class="keyword">public</highlight><highlight class="normal">:</highlight></codeline>
<codeline lineno="12"><highlight class="normal"><sp/><sp/><sp/><sp/><sp/><sp/><sp/><sp/><ref refid="class_platy_v_g_core_1_1_device" kindref="compound">Device</ref>();</highlight></codeline>
<codeline lineno="13"><highlight class="normal"><sp/><sp/><sp/><sp/><sp/><sp/><sp/><sp/>~<ref refid="class_platy_v_g_core_1_1_device" kindref="compound">Device</ref>();</highlight></codeline>
<codeline lineno="14"><highlight class="normal"></highlight></codeline>
<codeline lineno="15"><highlight class="normal"><sp/><sp/><sp/><sp/></highlight><highlight class="keyword">public</highlight><highlight class="normal">:</highlight></codeline>
<codeline lineno="16"><highlight class="normal"><sp/><sp/><sp/><sp/><sp/><sp/><sp/><sp/></highlight><highlight class="keywordtype">bool</highlight><highlight class="normal"><sp/>IsZoomEnabled;</highlight></codeline>
<codeline lineno="17"><highlight class="normal"><sp/><sp/><sp/><sp/><sp/><sp/><sp/><sp/></highlight><highlight class="keywordtype">bool</highlight><highlight class="normal"><sp/>IsOutsideDown;</highlight></codeline>
<codeline lineno="18"><highlight class="normal"><sp/><sp/><sp/><sp/><sp/><sp/><sp/><sp/></highlight><highlight class="keywordtype">bool</highlight><highlight class="normal"><sp/>IsGlobalZoomEnabled;</highlight></codeline>
<codeline lineno="19"><highlight class="normal"><sp/><sp/><sp/><sp/><sp/><sp/><sp/><sp/>uint32<sp/>InputFlag;</highlight></codeline>
<codeline lineno="20"><highlight class="normal"><sp/><sp/><sp/><sp/><sp/><sp/><sp/><sp/><ref refid="class_platy_v_g_element_1_1_point" kindref="compound">Point</ref><sp/>Gesture[2];</highlight></codeline>
<codeline lineno="21"><highlight class="normal"><sp/><sp/><sp/><sp/><sp/><sp/><sp/><sp/><ref refid="class_px_1_1_array" kindref="compound">Coords</ref><sp/>InputCoords;</highlight></codeline>
<codeline lineno="22"><highlight class="normal"><sp/><sp/><sp/><sp/><sp/><sp/><sp/><sp/>sint32<sp/>InputLocked;</highlight></codeline>
<codeline lineno="23"><highlight class="normal"><sp/><sp/><sp/><sp/><sp/><sp/><sp/><sp/></highlight><highlight class="keywordtype">float</highlight><highlight class="normal"><sp/>InputSensitivity;</highlight></codeline>
<codeline lineno="24"><highlight class="normal"><sp/><sp/><sp/><sp/><sp/><sp/><sp/><sp/></highlight><highlight class="keywordtype">float</highlight><highlight class="normal"><sp/>InputBaseDistanceByMS;</highlight></codeline>
<codeline lineno="25"><highlight class="normal"></highlight></codeline>
<codeline lineno="26"><highlight class="normal"><sp/><sp/><sp/><sp/></highlight><highlight class="keyword">protected</highlight><highlight class="normal">:</highlight></codeline>
<codeline lineno="27"><highlight class="normal"><sp/><sp/><sp/><sp/><sp/><sp/><sp/><sp/></highlight><highlight class="keywordtype">float</highlight><highlight class="normal"><sp/>CurrentSpeedyForce;</highlight></codeline>
<codeline lineno="28"><highlight class="normal"><sp/><sp/><sp/><sp/><sp/><sp/><sp/><sp/></highlight><highlight class="keywordtype">float</highlight><highlight class="normal"><sp/>OldXForSpeedyForce;</highlight></codeline>
<codeline lineno="29"><highlight class="normal"><sp/><sp/><sp/><sp/><sp/><sp/><sp/><sp/></highlight><highlight class="keywordtype">float</highlight><highlight class="normal"><sp/>OldYForSpeedyForce;</highlight></codeline>
<codeline lineno="30"><highlight class="normal"><sp/><sp/><sp/><sp/><sp/><sp/><sp/><sp/>sint64<sp/>OldMSForSpeedyForce;</highlight></codeline>
<codeline lineno="31"><highlight class="normal"></highlight></codeline>
<codeline lineno="32"><highlight class="normal"><sp/><sp/><sp/><sp/></highlight><highlight class="keyword">public</highlight><highlight class="normal">:</highlight></codeline>
<codeline lineno="33"><highlight class="normal"><sp/><sp/><sp/><sp/><sp/><sp/><sp/><sp/></highlight><highlight class="keywordtype">float</highlight><highlight class="normal"><sp/>GetSpeedyForce(</highlight><highlight class="keywordtype">float</highlight><highlight class="normal"><sp/>x,<sp/></highlight><highlight class="keywordtype">float</highlight><highlight class="normal"><sp/>y,<sp/>sint64<sp/>ms);</highlight></codeline>
<codeline lineno="34"><highlight class="normal"><sp/><sp/><sp/><sp/>};</highlight></codeline>
<codeline lineno="35"><highlight class="normal">}</highlight></codeline>
    </programlisting>
    <location file="C:/BonexData/BxProject/PlatyVG/source/core/device.hpp"/>
  </compounddef>
</doxygen>
