<?xml version='1.0' encoding='UTF-8' standalone='no'?>
<doxygen xmlns:xsi="http://www.w3.org/2001/XMLSchema-instance" xsi:noNamespaceSchemaLocation="compound.xsd" version="1.8.9.1">
  <compounddef id="document_8hpp" kind="file" language="C++">
    <compoundname>document.hpp</compoundname>
    <includes refid="platyvg_8hpp" local="no">platyvg.hpp</includes>
    <includes refid="layer_8hpp" local="yes">../core/layer.hpp</includes>
    <includes refid="record_8hpp" local="yes">../core/record.hpp</includes>
    <includes refid="rect_8hpp" local="yes">../element/rect.hpp</includes>
    <includes refid="zoom_8hpp" local="yes">../element/zoom.hpp</includes>
    <includedby refid="view_8hpp" local="yes">view.hpp</includedby>
    <includedby refid="command_8cpp" local="yes">command.cpp</includedby>
    <includedby refid="input_8cpp" local="yes">input.cpp</includedby>
    <includedby refid="document_8cpp" local="yes">document.cpp</includedby>
    <includedby refid="record_8cpp" local="yes">record.cpp</includedby>
    <incdepgraph>
      <node id="398">
        <label>../element/point.hpp</label>
        <link refid="point_8hpp_source"/>
        <childnode refid="380" relation="include">
        </childnode>
        <childnode refid="395" relation="include">
        </childnode>
      </node>
      <node id="380">
        <label>platyvg.hpp</label>
        <link refid="platyvg_8hpp_source"/>
        <childnode refid="381" relation="include">
        </childnode>
        <childnode refid="382" relation="include">
        </childnode>
        <childnode refid="384" relation="include">
        </childnode>
        <childnode refid="386" relation="include">
        </childnode>
        <childnode refid="387" relation="include">
        </childnode>
        <childnode refid="385" relation="include">
        </childnode>
        <childnode refid="388" relation="include">
        </childnode>
        <childnode refid="383" relation="include">
        </childnode>
        <childnode refid="389" relation="include">
        </childnode>
      </node>
      <node id="405">
        <label>../core/record.hpp</label>
        <link refid="record_8hpp_source"/>
        <childnode refid="380" relation="include">
        </childnode>
        <childnode refid="406" relation="include">
        </childnode>
      </node>
      <node id="393">
        <label>../element/color.hpp</label>
        <link refid="color_8hpp_source"/>
        <childnode refid="380" relation="include">
        </childnode>
      </node>
      <node id="387">
        <label>../px/math.hpp</label>
        <link refid="math_8hpp_source"/>
        <childnode refid="381" relation="include">
        </childnode>
      </node>
      <node id="388">
        <label>../px/parser.hpp</label>
        <link refid="parser_8hpp_source"/>
        <childnode refid="389" relation="include">
        </childnode>
      </node>
      <node id="406">
        <label>../element/action.hpp</label>
        <link refid="action_8hpp_source"/>
        <childnode refid="380" relation="include">
        </childnode>
        <childnode refid="393" relation="include">
        </childnode>
        <childnode refid="398" relation="include">
        </childnode>
      </node>
      <node id="399">
        <label>../element/context.hpp</label>
        <link refid="context_8hpp_source"/>
        <childnode refid="380" relation="include">
        </childnode>
        <childnode refid="393" relation="include">
        </childnode>
      </node>
      <node id="397">
        <label>../element/zoom.hpp</label>
        <link refid="zoom_8hpp_source"/>
        <childnode refid="380" relation="include">
        </childnode>
        <childnode refid="398" relation="include">
        </childnode>
      </node>
      <node id="396">
        <label>../element/mesh.hpp</label>
        <link refid="mesh_8hpp_source"/>
        <childnode refid="380" relation="include">
        </childnode>
      </node>
      <node id="384">
        <label>../px/buffer.hpp</label>
        <link refid="buffer_8hpp_source"/>
        <childnode refid="385" relation="include">
        </childnode>
      </node>
      <node id="401">
        <label>../element/selector.hpp</label>
        <link refid="selector_8hpp_source"/>
        <childnode refid="380" relation="include">
        </childnode>
        <childnode refid="394" relation="include">
        </childnode>
        <childnode refid="398" relation="include">
        </childnode>
        <childnode refid="402" relation="include">
        </childnode>
        <childnode refid="404" relation="include">
        </childnode>
      </node>
      <node id="381">
        <label>../px/px.hpp</label>
        <link refid="px_8hpp_source"/>
      </node>
      <node id="402">
        <label>../element/rect.hpp</label>
        <link refid="rect_8hpp_source"/>
        <childnode refid="380" relation="include">
        </childnode>
        <childnode refid="398" relation="include">
        </childnode>
        <childnode refid="403" relation="include">
        </childnode>
        <childnode refid="397" relation="include">
        </childnode>
      </node>
      <node id="386">
        <label>../px/file.hpp</label>
        <link refid="file_8hpp_source"/>
        <childnode refid="381" relation="include">
        </childnode>
      </node>
      <node id="395">
        <label>../element/matrix.hpp</label>
        <link refid="matrix_8hpp_source"/>
        <childnode refid="380" relation="include">
        </childnode>
      </node>
      <node id="391">
        <label>../core/shape.hpp</label>
        <link refid="shape_8hpp_source"/>
        <childnode refid="380" relation="include">
        </childnode>
        <childnode refid="392" relation="include">
        </childnode>
        <childnode refid="399" relation="include">
        </childnode>
        <childnode refid="394" relation="include">
        </childnode>
        <childnode refid="400" relation="include">
        </childnode>
        <childnode refid="395" relation="include">
        </childnode>
        <childnode refid="396" relation="include">
        </childnode>
        <childnode refid="398" relation="include">
        </childnode>
        <childnode refid="401" relation="include">
        </childnode>
        <childnode refid="403" relation="include">
        </childnode>
        <childnode refid="397" relation="include">
        </childnode>
      </node>
      <node id="390">
        <label>../core/layer.hpp</label>
        <link refid="layer_8hpp_source"/>
        <childnode refid="380" relation="include">
        </childnode>
        <childnode refid="391" relation="include">
        </childnode>
        <childnode refid="397" relation="include">
        </childnode>
      </node>
      <node id="392">
        <label>../api/adapter.hpp</label>
        <link refid="adapter_8hpp_source"/>
        <childnode refid="380" relation="include">
        </childnode>
        <childnode refid="393" relation="include">
        </childnode>
        <childnode refid="394" relation="include">
        </childnode>
        <childnode refid="395" relation="include">
        </childnode>
        <childnode refid="396" relation="include">
        </childnode>
        <childnode refid="397" relation="include">
        </childnode>
      </node>
      <node id="389">
        <label>../px/string.hpp</label>
        <link refid="string_8hpp_source"/>
        <childnode refid="382" relation="include">
        </childnode>
      </node>
      <node id="385">
        <label>../px/memory.hpp</label>
        <link refid="memory_8hpp_source"/>
        <childnode refid="381" relation="include">
        </childnode>
      </node>
      <node id="382">
        <label>../px/array.hpp</label>
        <link refid="array_8hpp_source"/>
        <childnode refid="383" relation="include">
        </childnode>
      </node>
      <node id="394">
        <label>../element/coord.hpp</label>
        <link refid="coord_8hpp_source"/>
        <childnode refid="380" relation="include">
        </childnode>
      </node>
      <node id="403">
        <label>../element/size.hpp</label>
        <link refid="size_8hpp_source"/>
        <childnode refid="380" relation="include">
        </childnode>
      </node>
      <node id="379">
        <label>document.hpp</label>
        <link refid="document.hpp"/>
        <childnode refid="380" relation="include">
        </childnode>
        <childnode refid="390" relation="include">
        </childnode>
        <childnode refid="405" relation="include">
        </childnode>
        <childnode refid="402" relation="include">
        </childnode>
        <childnode refid="397" relation="include">
        </childnode>
      </node>
      <node id="404">
        <label>../element/table.hpp</label>
        <link refid="table_8hpp_source"/>
        <childnode refid="380" relation="include">
        </childnode>
      </node>
      <node id="400">
        <label>../element/edge.hpp</label>
        <link refid="edge_8hpp_source"/>
        <childnode refid="380" relation="include">
        </childnode>
        <childnode refid="398" relation="include">
        </childnode>
      </node>
      <node id="383">
        <label>../px/share.hpp</label>
        <link refid="share_8hpp_source"/>
        <childnode refid="384" relation="include">
        </childnode>
      </node>
    </incdepgraph>
    <invincdepgraph>
      <node id="408">
        <label>view.hpp</label>
        <link refid="view_8hpp_source"/>
      </node>
      <node id="407">
        <label>document.hpp</label>
        <link refid="document.hpp"/>
        <childnode refid="408" relation="include">
        </childnode>
      </node>
    </invincdepgraph>
    <innerclass refid="class_platy_v_g_core_1_1_document" prot="public">PlatyVGCore::Document</innerclass>
    <innernamespace refid="namespace_platy_v_g_core">PlatyVGCore</innernamespace>
    <briefdescription>
    </briefdescription>
    <detaileddescription>
    </detaileddescription>
    <programlisting>
<codeline lineno="1"><highlight class="preprocessor">#pragma<sp/>once</highlight><highlight class="normal"></highlight></codeline>
<codeline lineno="2"><highlight class="normal"></highlight><highlight class="preprocessor">#include<sp/>&lt;platyvg.hpp&gt;</highlight><highlight class="normal"></highlight></codeline>
<codeline lineno="3"><highlight class="normal"></highlight><highlight class="preprocessor">#include<sp/>&quot;../core/layer.hpp&quot;</highlight><highlight class="normal"></highlight></codeline>
<codeline lineno="4"><highlight class="normal"></highlight><highlight class="preprocessor">#include<sp/>&quot;../core/record.hpp&quot;</highlight><highlight class="normal"></highlight></codeline>
<codeline lineno="5"><highlight class="normal"></highlight><highlight class="preprocessor">#include<sp/>&quot;../element/rect.hpp&quot;</highlight><highlight class="normal"></highlight></codeline>
<codeline lineno="6"><highlight class="normal"></highlight><highlight class="preprocessor">#include<sp/>&quot;../element/zoom.hpp&quot;</highlight><highlight class="normal"></highlight></codeline>
<codeline lineno="7"><highlight class="normal"></highlight></codeline>
<codeline lineno="8"><highlight class="normal"></highlight><highlight class="keyword">namespace<sp/></highlight><highlight class="normal"><ref refid="namespace_platy_v_g_core" kindref="compound">PlatyVGCore</ref></highlight></codeline>
<codeline lineno="9"><highlight class="normal">{</highlight></codeline>
<codeline lineno="11" refid="class_platy_v_g_core_1_1_document" refkind="compound"><highlight class="normal"><sp/><sp/><sp/><sp/></highlight><highlight class="keyword">class<sp/></highlight><highlight class="normal"><ref refid="class_platy_v_g_core_1_1_document" kindref="compound">Document</ref></highlight></codeline>
<codeline lineno="12"><highlight class="normal"><sp/><sp/><sp/><sp/>{</highlight></codeline>
<codeline lineno="13"><highlight class="normal"><sp/><sp/><sp/><sp/></highlight><highlight class="keyword">public</highlight><highlight class="normal">:</highlight></codeline>
<codeline lineno="14"><highlight class="normal"><sp/><sp/><sp/><sp/><sp/><sp/><sp/><sp/><ref refid="class_platy_v_g_core_1_1_document" kindref="compound">Document</ref>(</highlight><highlight class="keyword">const</highlight><highlight class="normal"><sp/></highlight><highlight class="keywordtype">bool</highlight><highlight class="normal"><sp/>focusable);</highlight></codeline>
<codeline lineno="15"><highlight class="normal"><sp/><sp/><sp/><sp/><sp/><sp/><sp/><sp/>~<ref refid="class_platy_v_g_core_1_1_document" kindref="compound">Document</ref>();</highlight></codeline>
<codeline lineno="16"><highlight class="normal"></highlight></codeline>
<codeline lineno="17"><highlight class="normal"><sp/><sp/><sp/><sp/></highlight><highlight class="keyword">public</highlight><highlight class="normal">:</highlight></codeline>
<codeline lineno="18"><highlight class="normal"><sp/><sp/><sp/><sp/><sp/><sp/><sp/><sp/></highlight><highlight class="keywordtype">void</highlight><highlight class="normal"><sp/>UpdateLayers(</highlight><highlight class="keyword">const</highlight><highlight class="normal"><sp/></highlight><highlight class="keywordtype">float</highlight><highlight class="normal"><sp/>radius);</highlight></codeline>
<codeline lineno="19"><highlight class="normal"></highlight></codeline>
<codeline lineno="20"><highlight class="normal"><sp/><sp/><sp/><sp/></highlight><highlight class="keyword">public</highlight><highlight class="normal">:</highlight></codeline>
<codeline lineno="21"><highlight class="normal"><sp/><sp/><sp/><sp/><sp/><sp/><sp/><sp/></highlight><highlight class="keyword">const</highlight><highlight class="normal"><sp/>sint32<sp/>ID;</highlight></codeline>
<codeline lineno="22"><highlight class="normal"><sp/><sp/><sp/><sp/><sp/><sp/><sp/><sp/></highlight><highlight class="keyword">const</highlight><highlight class="normal"><sp/></highlight><highlight class="keywordtype">bool</highlight><highlight class="normal"><sp/>Focusable;</highlight></codeline>
<codeline lineno="23"><highlight class="normal"><sp/><sp/><sp/><sp/><sp/><sp/><sp/><sp/><ref refid="class_px_1_1_string" kindref="compound">String</ref><sp/>Name;</highlight></codeline>
<codeline lineno="24"><highlight class="normal"><sp/><sp/><sp/><sp/><sp/><sp/><sp/><sp/><ref refid="class_platy_v_g_element_1_1_rect" kindref="compound">Rect</ref><sp/>Area;</highlight></codeline>
<codeline lineno="25"><highlight class="normal"><sp/><sp/><sp/><sp/><sp/><sp/><sp/><sp/><ref refid="class_platy_v_g_element_1_1_zoom" kindref="compound">Zoom</ref><sp/>Transform;</highlight></codeline>
<codeline lineno="26"><highlight class="normal"><sp/><sp/><sp/><sp/><sp/><sp/><sp/><sp/><ref refid="class_px_1_1_array" kindref="compound">Layers</ref><sp/>AllLayers;</highlight></codeline>
<codeline lineno="27"><highlight class="normal"><sp/><sp/><sp/><sp/><sp/><sp/><sp/><sp/><ref refid="class_platy_v_g_core_1_1_record" kindref="compound">Record</ref><sp/>ShapeRec;</highlight></codeline>
<codeline lineno="28"><highlight class="normal"><sp/><sp/><sp/><sp/><sp/><sp/><sp/><sp/>sint32<sp/>LastMS;</highlight></codeline>
<codeline lineno="29"><highlight class="normal"><sp/><sp/><sp/><sp/><sp/><sp/><sp/><sp/><ref refid="class_platy_v_g_core_1_1_document" kindref="compound">Document</ref>*<sp/>Next;</highlight></codeline>
<codeline lineno="30"><highlight class="normal"><sp/><sp/><sp/><sp/>};</highlight></codeline>
<codeline lineno="31"><highlight class="normal"><sp/><sp/><sp/><sp/></highlight><highlight class="keyword">typedef</highlight><highlight class="normal"><sp/><ref refid="class_px_1_1_array" kindref="compound">Array&lt;Document&gt;</ref><sp/><ref refid="class_px_1_1_array" kindref="compound">Documents</ref>;</highlight></codeline>
<codeline lineno="32"><highlight class="normal">}</highlight></codeline>
    </programlisting>
    <location file="C:/BonexData/BxProject/PlatyVG/source/core/document.hpp"/>
  </compounddef>
</doxygen>
