<?xml version='1.0' encoding='UTF-8' standalone='no'?>
<doxygen xmlns:xsi="http://www.w3.org/2001/XMLSchema-instance" xsi:noNamespaceSchemaLocation="compound.xsd" version="1.8.9.1">
  <compounddef id="document_8cpp" kind="file" language="C++">
    <compoundname>document.cpp</compoundname>
    <includes refid="platyvg_8hpp" local="no">platyvg.hpp</includes>
    <includes refid="document_8hpp" local="yes">document.hpp</includes>
    <incdepgraph>
      <node id="369">
        <label>../element/point.hpp</label>
        <link refid="point_8hpp_source"/>
        <childnode refid="350" relation="include">
        </childnode>
        <childnode refid="366" relation="include">
        </childnode>
      </node>
      <node id="350">
        <label>platyvg.hpp</label>
        <link refid="platyvg_8hpp_source"/>
        <childnode refid="351" relation="include">
        </childnode>
        <childnode refid="352" relation="include">
        </childnode>
        <childnode refid="354" relation="include">
        </childnode>
        <childnode refid="356" relation="include">
        </childnode>
        <childnode refid="357" relation="include">
        </childnode>
        <childnode refid="355" relation="include">
        </childnode>
        <childnode refid="358" relation="include">
        </childnode>
        <childnode refid="353" relation="include">
        </childnode>
        <childnode refid="359" relation="include">
        </childnode>
      </node>
      <node id="376">
        <label>../core/record.hpp</label>
        <link refid="record_8hpp_source"/>
        <childnode refid="350" relation="include">
        </childnode>
        <childnode refid="377" relation="include">
        </childnode>
      </node>
      <node id="364">
        <label>../element/color.hpp</label>
        <link refid="color_8hpp_source"/>
        <childnode refid="350" relation="include">
        </childnode>
      </node>
      <node id="357">
        <label>../px/math.hpp</label>
        <link refid="math_8hpp_source"/>
        <childnode refid="351" relation="include">
        </childnode>
      </node>
      <node id="358">
        <label>../px/parser.hpp</label>
        <link refid="parser_8hpp_source"/>
        <childnode refid="359" relation="include">
        </childnode>
      </node>
      <node id="349">
        <label>document.cpp</label>
        <link refid="document.cpp"/>
        <childnode refid="350" relation="include">
        </childnode>
        <childnode refid="360" relation="include">
        </childnode>
      </node>
      <node id="377">
        <label>../element/action.hpp</label>
        <link refid="action_8hpp_source"/>
        <childnode refid="350" relation="include">
        </childnode>
        <childnode refid="364" relation="include">
        </childnode>
        <childnode refid="369" relation="include">
        </childnode>
      </node>
      <node id="370">
        <label>../element/context.hpp</label>
        <link refid="context_8hpp_source"/>
        <childnode refid="350" relation="include">
        </childnode>
        <childnode refid="364" relation="include">
        </childnode>
      </node>
      <node id="368">
        <label>../element/zoom.hpp</label>
        <link refid="zoom_8hpp_source"/>
        <childnode refid="350" relation="include">
        </childnode>
        <childnode refid="369" relation="include">
        </childnode>
      </node>
      <node id="367">
        <label>../element/mesh.hpp</label>
        <link refid="mesh_8hpp_source"/>
        <childnode refid="350" relation="include">
        </childnode>
      </node>
      <node id="354">
        <label>../px/buffer.hpp</label>
        <link refid="buffer_8hpp_source"/>
        <childnode refid="355" relation="include">
        </childnode>
      </node>
      <node id="372">
        <label>../element/selector.hpp</label>
        <link refid="selector_8hpp_source"/>
        <childnode refid="350" relation="include">
        </childnode>
        <childnode refid="365" relation="include">
        </childnode>
        <childnode refid="369" relation="include">
        </childnode>
        <childnode refid="373" relation="include">
        </childnode>
        <childnode refid="375" relation="include">
        </childnode>
      </node>
      <node id="351">
        <label>../px/px.hpp</label>
        <link refid="px_8hpp_source"/>
      </node>
      <node id="373">
        <label>../element/rect.hpp</label>
        <link refid="rect_8hpp_source"/>
        <childnode refid="350" relation="include">
        </childnode>
        <childnode refid="369" relation="include">
        </childnode>
        <childnode refid="374" relation="include">
        </childnode>
        <childnode refid="368" relation="include">
        </childnode>
      </node>
      <node id="356">
        <label>../px/file.hpp</label>
        <link refid="file_8hpp_source"/>
        <childnode refid="351" relation="include">
        </childnode>
      </node>
      <node id="366">
        <label>../element/matrix.hpp</label>
        <link refid="matrix_8hpp_source"/>
        <childnode refid="350" relation="include">
        </childnode>
      </node>
      <node id="362">
        <label>../core/shape.hpp</label>
        <link refid="shape_8hpp_source"/>
        <childnode refid="350" relation="include">
        </childnode>
        <childnode refid="363" relation="include">
        </childnode>
        <childnode refid="370" relation="include">
        </childnode>
        <childnode refid="365" relation="include">
        </childnode>
        <childnode refid="371" relation="include">
        </childnode>
        <childnode refid="366" relation="include">
        </childnode>
        <childnode refid="367" relation="include">
        </childnode>
        <childnode refid="369" relation="include">
        </childnode>
        <childnode refid="372" relation="include">
        </childnode>
        <childnode refid="374" relation="include">
        </childnode>
        <childnode refid="368" relation="include">
        </childnode>
      </node>
      <node id="361">
        <label>../core/layer.hpp</label>
        <link refid="layer_8hpp_source"/>
        <childnode refid="350" relation="include">
        </childnode>
        <childnode refid="362" relation="include">
        </childnode>
        <childnode refid="368" relation="include">
        </childnode>
      </node>
      <node id="363">
        <label>../api/adapter.hpp</label>
        <link refid="adapter_8hpp_source"/>
        <childnode refid="350" relation="include">
        </childnode>
        <childnode refid="364" relation="include">
        </childnode>
        <childnode refid="365" relation="include">
        </childnode>
        <childnode refid="366" relation="include">
        </childnode>
        <childnode refid="367" relation="include">
        </childnode>
        <childnode refid="368" relation="include">
        </childnode>
      </node>
      <node id="359">
        <label>../px/string.hpp</label>
        <link refid="string_8hpp_source"/>
        <childnode refid="352" relation="include">
        </childnode>
      </node>
      <node id="355">
        <label>../px/memory.hpp</label>
        <link refid="memory_8hpp_source"/>
        <childnode refid="351" relation="include">
        </childnode>
      </node>
      <node id="352">
        <label>../px/array.hpp</label>
        <link refid="array_8hpp_source"/>
        <childnode refid="353" relation="include">
        </childnode>
      </node>
      <node id="365">
        <label>../element/coord.hpp</label>
        <link refid="coord_8hpp_source"/>
        <childnode refid="350" relation="include">
        </childnode>
      </node>
      <node id="374">
        <label>../element/size.hpp</label>
        <link refid="size_8hpp_source"/>
        <childnode refid="350" relation="include">
        </childnode>
      </node>
      <node id="360">
        <label>document.hpp</label>
        <link refid="document_8hpp_source"/>
        <childnode refid="350" relation="include">
        </childnode>
        <childnode refid="361" relation="include">
        </childnode>
        <childnode refid="376" relation="include">
        </childnode>
        <childnode refid="373" relation="include">
        </childnode>
        <childnode refid="368" relation="include">
        </childnode>
      </node>
      <node id="375">
        <label>../element/table.hpp</label>
        <link refid="table_8hpp_source"/>
        <childnode refid="350" relation="include">
        </childnode>
      </node>
      <node id="371">
        <label>../element/edge.hpp</label>
        <link refid="edge_8hpp_source"/>
        <childnode refid="350" relation="include">
        </childnode>
        <childnode refid="369" relation="include">
        </childnode>
      </node>
      <node id="353">
        <label>../px/share.hpp</label>
        <link refid="share_8hpp_source"/>
        <childnode refid="354" relation="include">
        </childnode>
      </node>
    </incdepgraph>
    <innernamespace refid="namespace_platy_v_g_core">PlatyVGCore</innernamespace>
      <sectiondef kind="var">
      <memberdef kind="variable" id="document_8cpp_1aebc9c03041c7a7ebec7b2440e00e88f1" prot="public" static="yes" mutable="no">
        <type>sint32</type>
        <definition>sint32 LastID</definition>
        <argsstring></argsstring>
        <name>LastID</name>
        <initializer>= -1</initializer>
        <briefdescription>
        </briefdescription>
        <detaileddescription>
        </detaileddescription>
        <inbodydescription>
        </inbodydescription>
        <location file="C:/BonexData/BxProject/PlatyVG/source/core/document.cpp" line="4" column="1" bodyfile="C:/BonexData/BxProject/PlatyVG/source/core/document.cpp" bodystart="4" bodyend="-1"/>
      </memberdef>
      </sectiondef>
    <briefdescription>
    </briefdescription>
    <detaileddescription>
    </detaileddescription>
    <programlisting>
<codeline lineno="1"><highlight class="preprocessor">#include<sp/>&lt;platyvg.hpp&gt;</highlight><highlight class="normal"></highlight></codeline>
<codeline lineno="2"><highlight class="normal"></highlight><highlight class="preprocessor">#include<sp/>&quot;document.hpp&quot;</highlight><highlight class="normal"></highlight></codeline>
<codeline lineno="3"><highlight class="normal"></highlight></codeline>
<codeline lineno="4"><highlight class="normal"></highlight><highlight class="keyword">static</highlight><highlight class="normal"><sp/>sint32<sp/>LastID<sp/>=<sp/>-1;</highlight></codeline>
<codeline lineno="5"><highlight class="normal"></highlight></codeline>
<codeline lineno="6"><highlight class="normal"></highlight><highlight class="keyword">namespace<sp/></highlight><highlight class="normal"><ref refid="namespace_platy_v_g_core" kindref="compound">PlatyVGCore</ref></highlight></codeline>
<codeline lineno="7"><highlight class="normal">{</highlight></codeline>
<codeline lineno="8"><highlight class="normal"><sp/><sp/><sp/><sp/>Document::Document(</highlight><highlight class="keyword">const</highlight><highlight class="normal"><sp/></highlight><highlight class="keywordtype">bool</highlight><highlight class="normal"><sp/>focusable)<sp/>:<sp/>ID(LastID++),<sp/>Focusable(focusable)</highlight></codeline>
<codeline lineno="9"><highlight class="normal"><sp/><sp/><sp/><sp/>{</highlight></codeline>
<codeline lineno="10"><highlight class="normal"><sp/><sp/><sp/><sp/><sp/><sp/><sp/><sp/>LastMS<sp/>=<sp/>-1;</highlight></codeline>
<codeline lineno="11"><highlight class="normal"><sp/><sp/><sp/><sp/><sp/><sp/><sp/><sp/>Next<sp/>=<sp/></highlight><highlight class="keyword">nullptr</highlight><highlight class="normal">;</highlight></codeline>
<codeline lineno="12"><highlight class="normal"><sp/><sp/><sp/><sp/>}</highlight></codeline>
<codeline lineno="13"><highlight class="normal"></highlight></codeline>
<codeline lineno="14"><highlight class="normal"><sp/><sp/><sp/><sp/>Document::~Document()</highlight></codeline>
<codeline lineno="15"><highlight class="normal"><sp/><sp/><sp/><sp/>{</highlight></codeline>
<codeline lineno="16"><highlight class="normal"><sp/><sp/><sp/><sp/><sp/><sp/><sp/><sp/></highlight><highlight class="keyword">delete</highlight><highlight class="normal"><sp/>Next;</highlight></codeline>
<codeline lineno="17"><highlight class="normal"><sp/><sp/><sp/><sp/>}</highlight></codeline>
<codeline lineno="18"><highlight class="normal"></highlight></codeline>
<codeline lineno="19"><highlight class="normal"><sp/><sp/><sp/><sp/></highlight><highlight class="keywordtype">void</highlight><highlight class="normal"><sp/>Document::UpdateLayers(</highlight><highlight class="keyword">const</highlight><highlight class="normal"><sp/></highlight><highlight class="keywordtype">float</highlight><highlight class="normal"><sp/>radius)</highlight></codeline>
<codeline lineno="20"><highlight class="normal"><sp/><sp/><sp/><sp/>{</highlight></codeline>
<codeline lineno="21"><highlight class="normal"><sp/><sp/><sp/><sp/><sp/><sp/><sp/><sp/></highlight><highlight class="keywordflow">for</highlight><highlight class="normal">(sint32<sp/>i<sp/>=<sp/>0,<sp/>iend<sp/>=<sp/>AllLayers.<ref refid="class_px_1_1_array_1ab0002d07743eee641bc62e3b0f115c52" kindref="member">Count</ref>();<sp/>i<sp/>&lt;<sp/>iend;<sp/>++i)</highlight></codeline>
<codeline lineno="22"><highlight class="normal"><sp/><sp/><sp/><sp/><sp/><sp/><sp/><sp/><sp/><sp/><sp/><sp/>AllLayers.<ref refid="class_px_1_1_array_1a2eb53c8e4c3761558a1b64cae2336189" kindref="member">At</ref>(i).UpdateShapes(Transform,<sp/>radius);</highlight></codeline>
<codeline lineno="23"><highlight class="normal"><sp/><sp/><sp/><sp/>}</highlight></codeline>
<codeline lineno="24"><highlight class="normal">}</highlight></codeline>
    </programlisting>
    <location file="C:/BonexData/BxProject/PlatyVG/source/core/document.cpp"/>
  </compounddef>
</doxygen>
