<?xml version='1.0' encoding='UTF-8' standalone='no'?>
<doxygen xmlns:xsi="http://www.w3.org/2001/XMLSchema-instance" xsi:noNamespaceSchemaLocation="compound.xsd" version="1.8.9.1">
  <compounddef id="export_8hpp" kind="file" language="C++">
    <compoundname>export.hpp</compoundname>
    <includes refid="platyvg_8hpp" local="no">platyvg.hpp</includes>
    <includedby refid="export_8cpp" local="yes">export.cpp</includedby>
    <incdepgraph>
      <node id="476">
        <label>platyvg.hpp</label>
        <link refid="platyvg_8hpp_source"/>
        <childnode refid="477" relation="include">
        </childnode>
        <childnode refid="478" relation="include">
        </childnode>
        <childnode refid="480" relation="include">
        </childnode>
        <childnode refid="482" relation="include">
        </childnode>
        <childnode refid="483" relation="include">
        </childnode>
        <childnode refid="481" relation="include">
        </childnode>
        <childnode refid="484" relation="include">
        </childnode>
        <childnode refid="479" relation="include">
        </childnode>
        <childnode refid="485" relation="include">
        </childnode>
      </node>
      <node id="475">
        <label>export.hpp</label>
        <link refid="export.hpp"/>
        <childnode refid="476" relation="include">
        </childnode>
      </node>
      <node id="483">
        <label>../px/math.hpp</label>
        <link refid="math_8hpp_source"/>
        <childnode refid="477" relation="include">
        </childnode>
      </node>
      <node id="484">
        <label>../px/parser.hpp</label>
        <link refid="parser_8hpp_source"/>
        <childnode refid="485" relation="include">
        </childnode>
      </node>
      <node id="480">
        <label>../px/buffer.hpp</label>
        <link refid="buffer_8hpp_source"/>
        <childnode refid="481" relation="include">
        </childnode>
      </node>
      <node id="477">
        <label>../px/px.hpp</label>
        <link refid="px_8hpp_source"/>
      </node>
      <node id="482">
        <label>../px/file.hpp</label>
        <link refid="file_8hpp_source"/>
        <childnode refid="477" relation="include">
        </childnode>
      </node>
      <node id="485">
        <label>../px/string.hpp</label>
        <link refid="string_8hpp_source"/>
        <childnode refid="478" relation="include">
        </childnode>
      </node>
      <node id="481">
        <label>../px/memory.hpp</label>
        <link refid="memory_8hpp_source"/>
        <childnode refid="477" relation="include">
        </childnode>
      </node>
      <node id="478">
        <label>../px/array.hpp</label>
        <link refid="array_8hpp_source"/>
        <childnode refid="479" relation="include">
        </childnode>
      </node>
      <node id="479">
        <label>../px/share.hpp</label>
        <link refid="share_8hpp_source"/>
        <childnode refid="480" relation="include">
        </childnode>
      </node>
    </incdepgraph>
    <innerclass refid="class_platy_v_g_api_1_1_export" prot="public">PlatyVGApi::Export</innerclass>
    <innernamespace refid="namespace_platy_v_g_api">PlatyVGApi</innernamespace>
    <briefdescription>
    </briefdescription>
    <detaileddescription>
    </detaileddescription>
    <programlisting>
<codeline lineno="1"><highlight class="preprocessor">#pragma<sp/>once</highlight><highlight class="normal"></highlight></codeline>
<codeline lineno="2"><highlight class="normal"></highlight><highlight class="preprocessor">#include<sp/>&lt;platyvg.hpp&gt;</highlight><highlight class="normal"></highlight></codeline>
<codeline lineno="3"><highlight class="normal"></highlight></codeline>
<codeline lineno="4"><highlight class="normal"></highlight><highlight class="keyword">namespace<sp/></highlight><highlight class="normal"><ref refid="namespace_platy_v_g_api" kindref="compound">PlatyVGApi</ref></highlight></codeline>
<codeline lineno="5"><highlight class="normal">{</highlight></codeline>
<codeline lineno="7" refid="class_platy_v_g_api_1_1_export" refkind="compound"><highlight class="normal"><sp/><sp/><sp/><sp/></highlight><highlight class="keyword">class<sp/></highlight><highlight class="normal"><ref refid="class_platy_v_g_api_1_1_export" kindref="compound">Export</ref></highlight></codeline>
<codeline lineno="8"><highlight class="normal"><sp/><sp/><sp/><sp/>{</highlight></codeline>
<codeline lineno="9"><highlight class="normal"><sp/><sp/><sp/><sp/></highlight><highlight class="keyword">public</highlight><highlight class="normal">:</highlight></codeline>
<codeline lineno="18"><highlight class="normal"><sp/><sp/><sp/><sp/><sp/><sp/><sp/><sp/></highlight><highlight class="keyword">static</highlight><highlight class="normal"><sp/></highlight><highlight class="keywordtype">bool</highlight><highlight class="normal"><sp/><ref refid="class_platy_v_g_api_1_1_export_1a694da5326c3cff7da4c87387704dd70c" kindref="member">Load</ref>(</highlight><highlight class="keyword">const</highlight><highlight class="normal"><sp/>sint32<sp/>doc,<sp/>chars<sp/>filename,<sp/></highlight><highlight class="keyword">const</highlight><highlight class="normal"><sp/></highlight><highlight class="keywordtype">bool</highlight><highlight class="normal"><sp/>usingArea,<sp/></highlight><highlight class="keyword">const</highlight><highlight class="normal"><sp/></highlight><highlight class="keywordtype">bool</highlight><highlight class="normal"><sp/>usingZoom);</highlight></codeline>
<codeline lineno="19"><highlight class="normal"></highlight></codeline>
<codeline lineno="28"><highlight class="normal"><sp/><sp/><sp/><sp/><sp/><sp/><sp/><sp/></highlight><highlight class="keyword">static</highlight><highlight class="normal"><sp/></highlight><highlight class="keywordtype">bool</highlight><highlight class="normal"><sp/><ref refid="class_platy_v_g_api_1_1_export_1ad0ee03db19dce17f43d74dfa8817ba26" kindref="member">LoadShape</ref>(</highlight><highlight class="keyword">const</highlight><highlight class="normal"><sp/>sint32<sp/>doc,<sp/></highlight><highlight class="keyword">const</highlight><highlight class="normal"><sp/>sint32<sp/>layer,<sp/>bytes<sp/>shapebuffer,<sp/>sint32<sp/>buffersize);</highlight></codeline>
<codeline lineno="29"><highlight class="normal"></highlight></codeline>
<codeline lineno="37"><highlight class="normal"><sp/><sp/><sp/><sp/><sp/><sp/><sp/><sp/></highlight><highlight class="keyword">static</highlight><highlight class="normal"><sp/></highlight><highlight class="keywordtype">bool</highlight><highlight class="normal"><sp/><ref refid="class_platy_v_g_api_1_1_export_1aa35a347280a09ab944756a72fa32bb86" kindref="member">LoadVG</ref>(</highlight><highlight class="keyword">const</highlight><highlight class="normal"><sp/>sint32<sp/>doc,<sp/></highlight><highlight class="keyword">const</highlight><highlight class="normal"><sp/>sint32<sp/>layer,<sp/>chars<sp/>filename);</highlight></codeline>
<codeline lineno="38"><highlight class="normal"></highlight></codeline>
<codeline lineno="46"><highlight class="normal"><sp/><sp/><sp/><sp/><sp/><sp/><sp/><sp/></highlight><highlight class="keyword">static</highlight><highlight class="normal"><sp/>sint32<sp/><ref refid="class_platy_v_g_api_1_1_export_1a563cc90cf9c8dc54472ac132ed80e072" kindref="member">Save</ref>(</highlight><highlight class="keyword">const</highlight><highlight class="normal"><sp/>sint32<sp/>doc,<sp/>chars<sp/>filename,<sp/></highlight><highlight class="keyword">const</highlight><highlight class="normal"><sp/>sint32<sp/>shapebegin);</highlight></codeline>
<codeline lineno="47"><highlight class="normal"></highlight></codeline>
<codeline lineno="54"><highlight class="normal"><sp/><sp/><sp/><sp/><sp/><sp/><sp/><sp/></highlight><highlight class="keyword">static</highlight><highlight class="normal"><sp/></highlight><highlight class="keywordtype">bool</highlight><highlight class="normal"><sp/><ref refid="class_platy_v_g_api_1_1_export_1a0e01590ad5bc6a781e7664e8e5180e9f" kindref="member">MergeSkin</ref>(chars<sp/>filename,<sp/>chars<sp/>bmpFilename);</highlight></codeline>
<codeline lineno="55"><highlight class="normal"><sp/><sp/><sp/><sp/>};</highlight></codeline>
<codeline lineno="56"><highlight class="normal">}</highlight></codeline>
    </programlisting>
    <location file="C:/BonexData/BxProject/PlatyVG/source/api/export.hpp"/>
  </compounddef>
</doxygen>
