<?xml version='1.0' encoding='UTF-8' standalone='no'?>
<doxygen xmlns:xsi="http://www.w3.org/2001/XMLSchema-instance" xsi:noNamespaceSchemaLocation="compound.xsd" version="1.8.9.1">
  <compounddef id="file_8hpp" kind="file" language="C++">
    <compoundname>file.hpp</compoundname>
    <includes refid="px_8hpp" local="yes">../px/px.hpp</includes>
    <includedby refid="platyvg_8hpp" local="yes">platyvg.hpp</includedby>
    <includedby refid="file_8cpp" local="yes">file.cpp</includedby>
    <includedby refid="px_8cpp" local="yes">px.cpp</includedby>
    <incdepgraph>
      <node id="492">
        <label>../px/px.hpp</label>
        <link refid="px_8hpp_source"/>
      </node>
      <node id="491">
        <label>file.hpp</label>
        <link refid="file.hpp"/>
        <childnode refid="492" relation="include">
        </childnode>
      </node>
    </incdepgraph>
    <invincdepgraph>
      <node id="510">
        <label>point.hpp</label>
        <link refid="point_8hpp_source"/>
        <childnode refid="511" relation="include">
        </childnode>
        <childnode refid="506" relation="include">
        </childnode>
        <childnode refid="513" relation="include">
        </childnode>
        <childnode refid="496" relation="include">
        </childnode>
        <childnode refid="507" relation="include">
        </childnode>
        <childnode refid="512" relation="include">
        </childnode>
        <childnode refid="502" relation="include">
        </childnode>
        <childnode refid="499" relation="include">
        </childnode>
      </node>
      <node id="494">
        <label>platyvg.hpp</label>
        <link refid="platyvg_8hpp_source"/>
        <childnode refid="495" relation="include">
        </childnode>
        <childnode refid="500" relation="include">
        </childnode>
        <childnode refid="505" relation="include">
        </childnode>
        <childnode refid="509" relation="include">
        </childnode>
        <childnode refid="514" relation="include">
        </childnode>
        <childnode refid="511" relation="include">
        </childnode>
        <childnode refid="510" relation="include">
        </childnode>
        <childnode refid="499" relation="include">
        </childnode>
        <childnode refid="506" relation="include">
        </childnode>
        <childnode refid="498" relation="include">
        </childnode>
        <childnode refid="497" relation="include">
        </childnode>
        <childnode refid="496" relation="include">
        </childnode>
        <childnode refid="501" relation="include">
        </childnode>
        <childnode refid="513" relation="include">
        </childnode>
        <childnode refid="507" relation="include">
        </childnode>
        <childnode refid="512" relation="include">
        </childnode>
        <childnode refid="515" relation="include">
        </childnode>
        <childnode refid="516" relation="include">
        </childnode>
        <childnode refid="503" relation="include">
        </childnode>
        <childnode refid="502" relation="include">
        </childnode>
        <childnode refid="504" relation="include">
        </childnode>
        <childnode refid="517" relation="include">
        </childnode>
        <childnode refid="508" relation="include">
        </childnode>
        <childnode refid="518" relation="include">
        </childnode>
      </node>
      <node id="503">
        <label>record.hpp</label>
        <link refid="record_8hpp_source"/>
        <childnode refid="498" relation="include">
        </childnode>
      </node>
      <node id="500">
        <label>color.hpp</label>
        <link refid="color_8hpp_source"/>
        <childnode refid="495" relation="include">
        </childnode>
        <childnode refid="501" relation="include">
        </childnode>
        <childnode refid="502" relation="include">
        </childnode>
        <childnode refid="504" relation="include">
        </childnode>
      </node>
      <node id="517">
        <label>export.hpp</label>
        <link refid="export_8hpp_source"/>
      </node>
      <node id="502">
        <label>action.hpp</label>
        <link refid="action_8hpp_source"/>
        <childnode refid="503" relation="include">
        </childnode>
      </node>
      <node id="501">
        <label>context.hpp</label>
        <link refid="context_8hpp_source"/>
        <childnode refid="496" relation="include">
        </childnode>
        <childnode refid="499" relation="include">
        </childnode>
      </node>
      <node id="511">
        <label>zoom.hpp</label>
        <link refid="zoom_8hpp_source"/>
        <childnode refid="495" relation="include">
        </childnode>
        <childnode refid="512" relation="include">
        </childnode>
        <childnode refid="496" relation="include">
        </childnode>
        <childnode refid="497" relation="include">
        </childnode>
        <childnode refid="498" relation="include">
        </childnode>
        <childnode refid="504" relation="include">
        </childnode>
      </node>
      <node id="514">
        <label>mesh.hpp</label>
        <link refid="mesh_8hpp_source"/>
        <childnode refid="495" relation="include">
        </childnode>
        <childnode refid="496" relation="include">
        </childnode>
      </node>
      <node id="506">
        <label>device.hpp</label>
        <link refid="device_8hpp_source"/>
        <childnode refid="499" relation="include">
        </childnode>
      </node>
      <node id="507">
        <label>selector.hpp</label>
        <link refid="selector_8hpp_source"/>
        <childnode refid="496" relation="include">
        </childnode>
      </node>
      <node id="512">
        <label>rect.hpp</label>
        <link refid="rect_8hpp_source"/>
        <childnode refid="507" relation="include">
        </childnode>
        <childnode refid="498" relation="include">
        </childnode>
        <childnode refid="504" relation="include">
        </childnode>
      </node>
      <node id="493">
        <label>file.hpp</label>
        <link refid="file.hpp"/>
        <childnode refid="494" relation="include">
        </childnode>
      </node>
      <node id="509">
        <label>matrix.hpp</label>
        <link refid="matrix_8hpp_source"/>
        <childnode refid="495" relation="include">
        </childnode>
        <childnode refid="510" relation="include">
        </childnode>
        <childnode refid="496" relation="include">
        </childnode>
      </node>
      <node id="496">
        <label>shape.hpp</label>
        <link refid="shape_8hpp_source"/>
        <childnode refid="497" relation="include">
        </childnode>
        <childnode refid="499" relation="include">
        </childnode>
      </node>
      <node id="497">
        <label>layer.hpp</label>
        <link refid="layer_8hpp_source"/>
        <childnode refid="498" relation="include">
        </childnode>
      </node>
      <node id="495">
        <label>adapter.hpp</label>
        <link refid="adapter_8hpp_source"/>
        <childnode refid="496" relation="include">
        </childnode>
      </node>
      <node id="499">
        <label>view.hpp</label>
        <link refid="view_8hpp_source"/>
      </node>
      <node id="504">
        <label>command.hpp</label>
        <link refid="command_8hpp_source"/>
      </node>
      <node id="505">
        <label>coord.hpp</label>
        <link refid="coord_8hpp_source"/>
        <childnode refid="495" relation="include">
        </childnode>
        <childnode refid="506" relation="include">
        </childnode>
        <childnode refid="496" relation="include">
        </childnode>
        <childnode refid="507" relation="include">
        </childnode>
        <childnode refid="499" relation="include">
        </childnode>
        <childnode refid="508" relation="include">
        </childnode>
      </node>
      <node id="515">
        <label>size.hpp</label>
        <link refid="size_8hpp_source"/>
        <childnode refid="512" relation="include">
        </childnode>
        <childnode refid="496" relation="include">
        </childnode>
        <childnode refid="499" relation="include">
        </childnode>
        <childnode refid="504" relation="include">
        </childnode>
      </node>
      <node id="508">
        <label>input.hpp</label>
        <link refid="input_8hpp_source"/>
      </node>
      <node id="518">
        <label>listener.hpp</label>
        <link refid="listener_8hpp_source"/>
      </node>
      <node id="498">
        <label>document.hpp</label>
        <link refid="document_8hpp_source"/>
        <childnode refid="499" relation="include">
        </childnode>
      </node>
      <node id="516">
        <label>table.hpp</label>
        <link refid="table_8hpp_source"/>
        <childnode refid="507" relation="include">
        </childnode>
      </node>
      <node id="513">
        <label>edge.hpp</label>
        <link refid="edge_8hpp_source"/>
        <childnode refid="496" relation="include">
        </childnode>
      </node>
    </invincdepgraph>
    <innerclass refid="class_px_1_1_file" prot="public">Px::File</innerclass>
    <innernamespace refid="namespace_px">Px</innernamespace>
    <briefdescription>
    </briefdescription>
    <detaileddescription>
    </detaileddescription>
    <programlisting>
<codeline lineno="1"><highlight class="preprocessor">#pragma<sp/>once</highlight><highlight class="normal"></highlight></codeline>
<codeline lineno="2"><highlight class="normal"></highlight><highlight class="preprocessor">#include<sp/>&quot;../px/px.hpp&quot;</highlight><highlight class="normal"></highlight></codeline>
<codeline lineno="3"><highlight class="normal"></highlight></codeline>
<codeline lineno="4"><highlight class="normal"></highlight><highlight class="keyword">namespace<sp/></highlight><highlight class="normal"><ref refid="namespace_px" kindref="compound">Px</ref></highlight></codeline>
<codeline lineno="5"><highlight class="normal">{</highlight></codeline>
<codeline lineno="7" refid="class_px_1_1_file" refkind="compound"><highlight class="normal"><sp/><sp/><sp/><sp/></highlight><highlight class="keyword">class<sp/></highlight><highlight class="normal"><ref refid="class_px_1_1_file" kindref="compound">File</ref></highlight></codeline>
<codeline lineno="8"><highlight class="normal"><sp/><sp/><sp/><sp/>{</highlight></codeline>
<codeline lineno="9"><highlight class="normal"><sp/><sp/><sp/><sp/></highlight><highlight class="keyword">public</highlight><highlight class="normal">:</highlight></codeline>
<codeline lineno="16"><highlight class="normal"><sp/><sp/><sp/><sp/><sp/><sp/><sp/><sp/></highlight><highlight class="keyword">static</highlight><highlight class="normal"><sp/></highlight><highlight class="keyword">const</highlight><highlight class="normal"><sp/></highlight><highlight class="keywordtype">void</highlight><highlight class="normal">*<sp/><ref refid="class_px_1_1_file_1a76ad1d3174f2b34c0964e6822cbe1718" kindref="member">OpenForRead</ref>(chars<sp/>filename);</highlight></codeline>
<codeline lineno="17"><highlight class="normal"></highlight></codeline>
<codeline lineno="24"><highlight class="normal"><sp/><sp/><sp/><sp/><sp/><sp/><sp/><sp/></highlight><highlight class="keyword">static</highlight><highlight class="normal"><sp/></highlight><highlight class="keywordtype">void</highlight><highlight class="normal">*<sp/><ref refid="class_px_1_1_file_1ad7cdd12d60a2faa7c1c14d5c2757c668" kindref="member">OpenForWrite</ref>(chars<sp/>filename);</highlight></codeline>
<codeline lineno="25"><highlight class="normal"></highlight></codeline>
<codeline lineno="31"><highlight class="normal"><sp/><sp/><sp/><sp/><sp/><sp/><sp/><sp/></highlight><highlight class="keyword">static</highlight><highlight class="normal"><sp/></highlight><highlight class="keywordtype">void</highlight><highlight class="normal"><sp/><ref refid="class_px_1_1_file_1a36ae7f3111a18f7dd68700e48dd2c1ec" kindref="member">Close</ref>(</highlight><highlight class="keyword">const</highlight><highlight class="normal"><sp/></highlight><highlight class="keywordtype">void</highlight><highlight class="normal">*<sp/>file);</highlight></codeline>
<codeline lineno="32"><highlight class="normal"></highlight></codeline>
<codeline lineno="38"><highlight class="normal"><sp/><sp/><sp/><sp/><sp/><sp/><sp/><sp/></highlight><highlight class="keyword">static</highlight><highlight class="normal"><sp/></highlight><highlight class="keyword">const</highlight><highlight class="normal"><sp/>sint32<sp/><ref refid="class_px_1_1_file_1ab2dc8c4d4639b826b0cbe19e594d6b25" kindref="member">GetSize</ref>(</highlight><highlight class="keyword">const</highlight><highlight class="normal"><sp/></highlight><highlight class="keywordtype">void</highlight><highlight class="normal">*<sp/>file);</highlight></codeline>
<codeline lineno="39"><highlight class="normal"></highlight></codeline>
<codeline lineno="47"><highlight class="normal"><sp/><sp/><sp/><sp/><sp/><sp/><sp/><sp/></highlight><highlight class="keyword">static</highlight><highlight class="normal"><sp/></highlight><highlight class="keywordtype">void</highlight><highlight class="normal"><sp/><ref refid="class_px_1_1_file_1abd77dd916952abba115515d792cd88b0" kindref="member">Read</ref>(</highlight><highlight class="keyword">const</highlight><highlight class="normal"><sp/></highlight><highlight class="keywordtype">void</highlight><highlight class="normal">*<sp/>file,<sp/>uint08*<sp/>data,<sp/></highlight><highlight class="keyword">const</highlight><highlight class="normal"><sp/>sint32<sp/>size);</highlight></codeline>
<codeline lineno="48"><highlight class="normal"></highlight></codeline>
<codeline lineno="56"><highlight class="normal"><sp/><sp/><sp/><sp/><sp/><sp/><sp/><sp/></highlight><highlight class="keyword">static</highlight><highlight class="normal"><sp/></highlight><highlight class="keywordtype">void</highlight><highlight class="normal"><sp/><ref refid="class_px_1_1_file_1a09ccf251ed55ba707f417479a61a5b6d" kindref="member">Write</ref>(</highlight><highlight class="keywordtype">void</highlight><highlight class="normal">*<sp/>file,<sp/>bytes<sp/>data,<sp/></highlight><highlight class="keyword">const</highlight><highlight class="normal"><sp/>sint32<sp/>size);</highlight></codeline>
<codeline lineno="57"><highlight class="normal"></highlight></codeline>
<codeline lineno="64"><highlight class="normal"><sp/><sp/><sp/><sp/><sp/><sp/><sp/><sp/></highlight><highlight class="keyword">static</highlight><highlight class="normal"><sp/></highlight><highlight class="keywordtype">void</highlight><highlight class="normal"><sp/><ref refid="class_px_1_1_file_1a30d80475aa15f23d5cbc1dfa4e24133a" kindref="member">Skip</ref>(</highlight><highlight class="keyword">const</highlight><highlight class="normal"><sp/></highlight><highlight class="keywordtype">void</highlight><highlight class="normal">*<sp/>file,<sp/></highlight><highlight class="keyword">const</highlight><highlight class="normal"><sp/>sint32<sp/>size);</highlight></codeline>
<codeline lineno="65"><highlight class="normal"><sp/><sp/><sp/><sp/>};</highlight></codeline>
<codeline lineno="66"><highlight class="normal">}</highlight></codeline>
    </programlisting>
    <location file="C:/BonexData/BxProject/PlatyVG/source/px/file.hpp"/>
  </compounddef>
</doxygen>
