<?xml version='1.0' encoding='UTF-8' standalone='no'?>
<doxygen xmlns:xsi="http://www.w3.org/2001/XMLSchema-instance" xsi:noNamespaceSchemaLocation="compound.xsd" version="1.8.9.1">
  <compounddef id="layer_8cpp" kind="file" language="C++">
    <compoundname>layer.cpp</compoundname>
    <includes refid="platyvg_8hpp" local="no">platyvg.hpp</includes>
    <includes refid="layer_8hpp" local="yes">layer.hpp</includes>
    <incdepgraph>
      <node id="585">
        <label>../element/point.hpp</label>
        <link refid="point_8hpp_source"/>
        <childnode refid="567" relation="include">
        </childnode>
        <childnode refid="582" relation="include">
        </childnode>
      </node>
      <node id="567">
        <label>platyvg.hpp</label>
        <link refid="platyvg_8hpp_source"/>
        <childnode refid="568" relation="include">
        </childnode>
        <childnode refid="569" relation="include">
        </childnode>
        <childnode refid="571" relation="include">
        </childnode>
        <childnode refid="573" relation="include">
        </childnode>
        <childnode refid="574" relation="include">
        </childnode>
        <childnode refid="572" relation="include">
        </childnode>
        <childnode refid="575" relation="include">
        </childnode>
        <childnode refid="570" relation="include">
        </childnode>
        <childnode refid="576" relation="include">
        </childnode>
      </node>
      <node id="580">
        <label>../element/color.hpp</label>
        <link refid="color_8hpp_source"/>
        <childnode refid="567" relation="include">
        </childnode>
      </node>
      <node id="574">
        <label>../px/math.hpp</label>
        <link refid="math_8hpp_source"/>
        <childnode refid="568" relation="include">
        </childnode>
      </node>
      <node id="575">
        <label>../px/parser.hpp</label>
        <link refid="parser_8hpp_source"/>
        <childnode refid="576" relation="include">
        </childnode>
      </node>
      <node id="586">
        <label>../element/context.hpp</label>
        <link refid="context_8hpp_source"/>
        <childnode refid="567" relation="include">
        </childnode>
        <childnode refid="580" relation="include">
        </childnode>
      </node>
      <node id="584">
        <label>../element/zoom.hpp</label>
        <link refid="zoom_8hpp_source"/>
        <childnode refid="567" relation="include">
        </childnode>
        <childnode refid="585" relation="include">
        </childnode>
      </node>
      <node id="583">
        <label>../element/mesh.hpp</label>
        <link refid="mesh_8hpp_source"/>
        <childnode refid="567" relation="include">
        </childnode>
      </node>
      <node id="571">
        <label>../px/buffer.hpp</label>
        <link refid="buffer_8hpp_source"/>
        <childnode refid="572" relation="include">
        </childnode>
      </node>
      <node id="588">
        <label>../element/selector.hpp</label>
        <link refid="selector_8hpp_source"/>
        <childnode refid="567" relation="include">
        </childnode>
        <childnode refid="581" relation="include">
        </childnode>
        <childnode refid="585" relation="include">
        </childnode>
        <childnode refid="589" relation="include">
        </childnode>
        <childnode refid="591" relation="include">
        </childnode>
      </node>
      <node id="566">
        <label>layer.cpp</label>
        <link refid="layer.cpp"/>
        <childnode refid="567" relation="include">
        </childnode>
        <childnode refid="577" relation="include">
        </childnode>
      </node>
      <node id="568">
        <label>../px/px.hpp</label>
        <link refid="px_8hpp_source"/>
      </node>
      <node id="589">
        <label>../element/rect.hpp</label>
        <link refid="rect_8hpp_source"/>
        <childnode refid="567" relation="include">
        </childnode>
        <childnode refid="585" relation="include">
        </childnode>
        <childnode refid="590" relation="include">
        </childnode>
        <childnode refid="584" relation="include">
        </childnode>
      </node>
      <node id="573">
        <label>../px/file.hpp</label>
        <link refid="file_8hpp_source"/>
        <childnode refid="568" relation="include">
        </childnode>
      </node>
      <node id="582">
        <label>../element/matrix.hpp</label>
        <link refid="matrix_8hpp_source"/>
        <childnode refid="567" relation="include">
        </childnode>
      </node>
      <node id="578">
        <label>../core/shape.hpp</label>
        <link refid="shape_8hpp_source"/>
        <childnode refid="567" relation="include">
        </childnode>
        <childnode refid="579" relation="include">
        </childnode>
        <childnode refid="586" relation="include">
        </childnode>
        <childnode refid="581" relation="include">
        </childnode>
        <childnode refid="587" relation="include">
        </childnode>
        <childnode refid="582" relation="include">
        </childnode>
        <childnode refid="583" relation="include">
        </childnode>
        <childnode refid="585" relation="include">
        </childnode>
        <childnode refid="588" relation="include">
        </childnode>
        <childnode refid="590" relation="include">
        </childnode>
        <childnode refid="584" relation="include">
        </childnode>
      </node>
      <node id="577">
        <label>layer.hpp</label>
        <link refid="layer_8hpp_source"/>
        <childnode refid="567" relation="include">
        </childnode>
        <childnode refid="578" relation="include">
        </childnode>
        <childnode refid="584" relation="include">
        </childnode>
      </node>
      <node id="579">
        <label>../api/adapter.hpp</label>
        <link refid="adapter_8hpp_source"/>
        <childnode refid="567" relation="include">
        </childnode>
        <childnode refid="580" relation="include">
        </childnode>
        <childnode refid="581" relation="include">
        </childnode>
        <childnode refid="582" relation="include">
        </childnode>
        <childnode refid="583" relation="include">
        </childnode>
        <childnode refid="584" relation="include">
        </childnode>
      </node>
      <node id="576">
        <label>../px/string.hpp</label>
        <link refid="string_8hpp_source"/>
        <childnode refid="569" relation="include">
        </childnode>
      </node>
      <node id="572">
        <label>../px/memory.hpp</label>
        <link refid="memory_8hpp_source"/>
        <childnode refid="568" relation="include">
        </childnode>
      </node>
      <node id="569">
        <label>../px/array.hpp</label>
        <link refid="array_8hpp_source"/>
        <childnode refid="570" relation="include">
        </childnode>
      </node>
      <node id="581">
        <label>../element/coord.hpp</label>
        <link refid="coord_8hpp_source"/>
        <childnode refid="567" relation="include">
        </childnode>
      </node>
      <node id="590">
        <label>../element/size.hpp</label>
        <link refid="size_8hpp_source"/>
        <childnode refid="567" relation="include">
        </childnode>
      </node>
      <node id="591">
        <label>../element/table.hpp</label>
        <link refid="table_8hpp_source"/>
        <childnode refid="567" relation="include">
        </childnode>
      </node>
      <node id="587">
        <label>../element/edge.hpp</label>
        <link refid="edge_8hpp_source"/>
        <childnode refid="567" relation="include">
        </childnode>
        <childnode refid="585" relation="include">
        </childnode>
      </node>
      <node id="570">
        <label>../px/share.hpp</label>
        <link refid="share_8hpp_source"/>
        <childnode refid="571" relation="include">
        </childnode>
      </node>
    </incdepgraph>
    <innernamespace refid="namespace_platy_v_g_core">PlatyVGCore</innernamespace>
    <briefdescription>
    </briefdescription>
    <detaileddescription>
    </detaileddescription>
    <programlisting>
<codeline lineno="1"><highlight class="preprocessor">#include<sp/>&lt;platyvg.hpp&gt;</highlight><highlight class="normal"></highlight></codeline>
<codeline lineno="2"><highlight class="normal"></highlight><highlight class="preprocessor">#include<sp/>&quot;layer.hpp&quot;</highlight><highlight class="normal"></highlight></codeline>
<codeline lineno="3"><highlight class="normal"></highlight></codeline>
<codeline lineno="4"><highlight class="normal"></highlight><highlight class="keyword">namespace<sp/></highlight><highlight class="normal"><ref refid="namespace_platy_v_g_core" kindref="compound">PlatyVGCore</ref></highlight></codeline>
<codeline lineno="5"><highlight class="normal">{</highlight></codeline>
<codeline lineno="6"><highlight class="normal"><sp/><sp/><sp/><sp/>Layer::Layer()</highlight></codeline>
<codeline lineno="7"><highlight class="normal"><sp/><sp/><sp/><sp/>{</highlight></codeline>
<codeline lineno="8"><highlight class="normal"><sp/><sp/><sp/><sp/><sp/><sp/><sp/><sp/>Visible<sp/>=<sp/></highlight><highlight class="keyword">true</highlight><highlight class="normal">;</highlight></codeline>
<codeline lineno="9"><highlight class="normal"><sp/><sp/><sp/><sp/><sp/><sp/><sp/><sp/>LockedFlag<sp/>=<sp/>0;</highlight></codeline>
<codeline lineno="10"><highlight class="normal"><sp/><sp/><sp/><sp/>}</highlight></codeline>
<codeline lineno="11"><highlight class="normal"></highlight></codeline>
<codeline lineno="12"><highlight class="normal"><sp/><sp/><sp/><sp/>Layer::~Layer()</highlight></codeline>
<codeline lineno="13"><highlight class="normal"><sp/><sp/><sp/><sp/>{</highlight></codeline>
<codeline lineno="14"><highlight class="normal"><sp/><sp/><sp/><sp/>}</highlight></codeline>
<codeline lineno="15"><highlight class="normal"></highlight></codeline>
<codeline lineno="16"><highlight class="normal"><sp/><sp/><sp/><sp/></highlight><highlight class="keywordtype">void</highlight><highlight class="normal"><sp/>Layer::UpdateShapes(</highlight><highlight class="keyword">const</highlight><highlight class="normal"><sp/><ref refid="class_platy_v_g_element_1_1_zoom" kindref="compound">Zoom</ref>&amp;<sp/>transform,<sp/></highlight><highlight class="keyword">const</highlight><highlight class="normal"><sp/></highlight><highlight class="keywordtype">float</highlight><highlight class="normal"><sp/>radius)</highlight></codeline>
<codeline lineno="17"><highlight class="normal"><sp/><sp/><sp/><sp/>{</highlight></codeline>
<codeline lineno="18"><highlight class="normal"><sp/><sp/><sp/><sp/><sp/><sp/><sp/><sp/></highlight><highlight class="keywordflow">for</highlight><highlight class="normal">(sint32<sp/>i<sp/>=<sp/>0,<sp/>iend<sp/>=<sp/>AllShapes.<ref refid="class_px_1_1_array_1ab0002d07743eee641bc62e3b0f115c52" kindref="member">Count</ref>();<sp/>i<sp/>&lt;<sp/>iend;<sp/>++i)</highlight></codeline>
<codeline lineno="19"><highlight class="normal"><sp/><sp/><sp/><sp/><sp/><sp/><sp/><sp/>{</highlight></codeline>
<codeline lineno="20"><highlight class="normal"><sp/><sp/><sp/><sp/><sp/><sp/><sp/><sp/><sp/><sp/><sp/><sp/><ref refid="class_platy_v_g_core_1_1_shape" kindref="compound">Shape</ref>*<sp/>CurShape<sp/>=<sp/>AllShapes.<ref refid="class_px_1_1_array_1a2eb53c8e4c3761558a1b64cae2336189" kindref="member">At</ref>(i).ptr();</highlight></codeline>
<codeline lineno="21"><highlight class="normal"><sp/><sp/><sp/><sp/><sp/><sp/><sp/><sp/><sp/><sp/><sp/><sp/>CurShape-&gt;Update(transform.offset,<sp/>transform.scale,<sp/>radius);</highlight></codeline>
<codeline lineno="22"><highlight class="normal"><sp/><sp/><sp/><sp/><sp/><sp/><sp/><sp/>}</highlight></codeline>
<codeline lineno="23"><highlight class="normal"><sp/><sp/><sp/><sp/>}</highlight></codeline>
<codeline lineno="24"><highlight class="normal">}</highlight></codeline>
    </programlisting>
    <location file="C:/BonexData/BxProject/PlatyVG/source/core/layer.cpp"/>
  </compounddef>
</doxygen>
