<?xml version='1.0' encoding='UTF-8' standalone='no'?>
<doxygen xmlns:xsi="http://www.w3.org/2001/XMLSchema-instance" xsi:noNamespaceSchemaLocation="compound.xsd" version="1.8.9.1">
  <compounddef id="listener_8hpp" kind="file" language="C++">
    <compoundname>listener.hpp</compoundname>
    <includes refid="platyvg_8hpp" local="no">platyvg.hpp</includes>
    <includedby refid="listener_8cpp" local="yes">listener.cpp</includedby>
    <incdepgraph>
      <node id="635">
        <label>platyvg.hpp</label>
        <link refid="platyvg_8hpp_source"/>
        <childnode refid="636" relation="include">
        </childnode>
        <childnode refid="637" relation="include">
        </childnode>
        <childnode refid="639" relation="include">
        </childnode>
        <childnode refid="641" relation="include">
        </childnode>
        <childnode refid="642" relation="include">
        </childnode>
        <childnode refid="640" relation="include">
        </childnode>
        <childnode refid="643" relation="include">
        </childnode>
        <childnode refid="638" relation="include">
        </childnode>
        <childnode refid="644" relation="include">
        </childnode>
      </node>
      <node id="642">
        <label>../px/math.hpp</label>
        <link refid="math_8hpp_source"/>
        <childnode refid="636" relation="include">
        </childnode>
      </node>
      <node id="643">
        <label>../px/parser.hpp</label>
        <link refid="parser_8hpp_source"/>
        <childnode refid="644" relation="include">
        </childnode>
      </node>
      <node id="639">
        <label>../px/buffer.hpp</label>
        <link refid="buffer_8hpp_source"/>
        <childnode refid="640" relation="include">
        </childnode>
      </node>
      <node id="636">
        <label>../px/px.hpp</label>
        <link refid="px_8hpp_source"/>
      </node>
      <node id="641">
        <label>../px/file.hpp</label>
        <link refid="file_8hpp_source"/>
        <childnode refid="636" relation="include">
        </childnode>
      </node>
      <node id="644">
        <label>../px/string.hpp</label>
        <link refid="string_8hpp_source"/>
        <childnode refid="637" relation="include">
        </childnode>
      </node>
      <node id="640">
        <label>../px/memory.hpp</label>
        <link refid="memory_8hpp_source"/>
        <childnode refid="636" relation="include">
        </childnode>
      </node>
      <node id="637">
        <label>../px/array.hpp</label>
        <link refid="array_8hpp_source"/>
        <childnode refid="638" relation="include">
        </childnode>
      </node>
      <node id="634">
        <label>listener.hpp</label>
        <link refid="listener.hpp"/>
        <childnode refid="635" relation="include">
        </childnode>
      </node>
      <node id="638">
        <label>../px/share.hpp</label>
        <link refid="share_8hpp_source"/>
        <childnode refid="639" relation="include">
        </childnode>
      </node>
    </incdepgraph>
    <innerclass refid="class_platy_v_g_api_1_1_listener" prot="public">PlatyVGApi::Listener</innerclass>
    <innernamespace refid="namespace_platy_v_g_api">PlatyVGApi</innernamespace>
    <briefdescription>
    </briefdescription>
    <detaileddescription>
    </detaileddescription>
    <programlisting>
<codeline lineno="1"><highlight class="preprocessor">#pragma<sp/>once</highlight><highlight class="normal"></highlight></codeline>
<codeline lineno="2"><highlight class="normal"></highlight><highlight class="preprocessor">#include<sp/>&lt;platyvg.hpp&gt;</highlight><highlight class="normal"></highlight></codeline>
<codeline lineno="3"><highlight class="normal"></highlight></codeline>
<codeline lineno="4"><highlight class="normal"></highlight><highlight class="keyword">namespace<sp/></highlight><highlight class="normal"><ref refid="namespace_platy_v_g_api" kindref="compound">PlatyVGApi</ref></highlight></codeline>
<codeline lineno="5"><highlight class="normal">{</highlight></codeline>
<codeline lineno="7" refid="class_platy_v_g_api_1_1_listener" refkind="compound"><highlight class="normal"><sp/><sp/><sp/><sp/></highlight><highlight class="keyword">class<sp/></highlight><highlight class="normal"><ref refid="class_platy_v_g_api_1_1_listener" kindref="compound">Listener</ref></highlight></codeline>
<codeline lineno="8"><highlight class="normal"><sp/><sp/><sp/><sp/>{</highlight></codeline>
<codeline lineno="9"><highlight class="normal"><sp/><sp/><sp/><sp/>};</highlight></codeline>
<codeline lineno="10"><highlight class="normal">}</highlight></codeline>
    </programlisting>
    <location file="C:/BonexData/BxProject/PlatyVG/source/api/listener.hpp"/>
  </compounddef>
</doxygen>
