<?xml version='1.0' encoding='UTF-8' standalone='no'?>
<doxygen xmlns:xsi="http://www.w3.org/2001/XMLSchema-instance" xsi:noNamespaceSchemaLocation="compound.xsd" version="1.8.9.1">
  <compounddef id="math_8hpp" kind="file" language="C++">
    <compoundname>math.hpp</compoundname>
    <includes refid="px_8hpp" local="yes">../px/px.hpp</includes>
    <includedby refid="platyvg_8hpp" local="yes">platyvg.hpp</includedby>
    <includedby refid="buffer_8cpp" local="yes">buffer.cpp</includedby>
    <includedby refid="math_8cpp" local="yes">math.cpp</includedby>
    <includedby refid="string_8cpp" local="yes">string.cpp</includedby>
    <incdepgraph>
      <node id="651">
        <label>math.hpp</label>
        <link refid="math.hpp"/>
        <childnode refid="652" relation="include">
        </childnode>
      </node>
      <node id="652">
        <label>../px/px.hpp</label>
        <link refid="px_8hpp_source"/>
      </node>
    </incdepgraph>
    <invincdepgraph>
      <node id="670">
        <label>point.hpp</label>
        <link refid="point_8hpp_source"/>
        <childnode refid="671" relation="include">
        </childnode>
        <childnode refid="666" relation="include">
        </childnode>
        <childnode refid="673" relation="include">
        </childnode>
        <childnode refid="656" relation="include">
        </childnode>
        <childnode refid="667" relation="include">
        </childnode>
        <childnode refid="672" relation="include">
        </childnode>
        <childnode refid="662" relation="include">
        </childnode>
        <childnode refid="659" relation="include">
        </childnode>
      </node>
      <node id="654">
        <label>platyvg.hpp</label>
        <link refid="platyvg_8hpp_source"/>
        <childnode refid="655" relation="include">
        </childnode>
        <childnode refid="660" relation="include">
        </childnode>
        <childnode refid="665" relation="include">
        </childnode>
        <childnode refid="669" relation="include">
        </childnode>
        <childnode refid="674" relation="include">
        </childnode>
        <childnode refid="671" relation="include">
        </childnode>
        <childnode refid="670" relation="include">
        </childnode>
        <childnode refid="659" relation="include">
        </childnode>
        <childnode refid="666" relation="include">
        </childnode>
        <childnode refid="658" relation="include">
        </childnode>
        <childnode refid="657" relation="include">
        </childnode>
        <childnode refid="656" relation="include">
        </childnode>
        <childnode refid="661" relation="include">
        </childnode>
        <childnode refid="673" relation="include">
        </childnode>
        <childnode refid="667" relation="include">
        </childnode>
        <childnode refid="672" relation="include">
        </childnode>
        <childnode refid="675" relation="include">
        </childnode>
        <childnode refid="676" relation="include">
        </childnode>
        <childnode refid="663" relation="include">
        </childnode>
        <childnode refid="662" relation="include">
        </childnode>
        <childnode refid="664" relation="include">
        </childnode>
        <childnode refid="677" relation="include">
        </childnode>
        <childnode refid="668" relation="include">
        </childnode>
        <childnode refid="678" relation="include">
        </childnode>
      </node>
      <node id="663">
        <label>record.hpp</label>
        <link refid="record_8hpp_source"/>
        <childnode refid="658" relation="include">
        </childnode>
      </node>
      <node id="660">
        <label>color.hpp</label>
        <link refid="color_8hpp_source"/>
        <childnode refid="655" relation="include">
        </childnode>
        <childnode refid="661" relation="include">
        </childnode>
        <childnode refid="662" relation="include">
        </childnode>
        <childnode refid="664" relation="include">
        </childnode>
      </node>
      <node id="677">
        <label>export.hpp</label>
        <link refid="export_8hpp_source"/>
      </node>
      <node id="653">
        <label>math.hpp</label>
        <link refid="math.hpp"/>
        <childnode refid="654" relation="include">
        </childnode>
      </node>
      <node id="662">
        <label>action.hpp</label>
        <link refid="action_8hpp_source"/>
        <childnode refid="663" relation="include">
        </childnode>
      </node>
      <node id="661">
        <label>context.hpp</label>
        <link refid="context_8hpp_source"/>
        <childnode refid="656" relation="include">
        </childnode>
        <childnode refid="659" relation="include">
        </childnode>
      </node>
      <node id="671">
        <label>zoom.hpp</label>
        <link refid="zoom_8hpp_source"/>
        <childnode refid="655" relation="include">
        </childnode>
        <childnode refid="672" relation="include">
        </childnode>
        <childnode refid="656" relation="include">
        </childnode>
        <childnode refid="657" relation="include">
        </childnode>
        <childnode refid="658" relation="include">
        </childnode>
        <childnode refid="664" relation="include">
        </childnode>
      </node>
      <node id="674">
        <label>mesh.hpp</label>
        <link refid="mesh_8hpp_source"/>
        <childnode refid="655" relation="include">
        </childnode>
        <childnode refid="656" relation="include">
        </childnode>
      </node>
      <node id="666">
        <label>device.hpp</label>
        <link refid="device_8hpp_source"/>
        <childnode refid="659" relation="include">
        </childnode>
      </node>
      <node id="667">
        <label>selector.hpp</label>
        <link refid="selector_8hpp_source"/>
        <childnode refid="656" relation="include">
        </childnode>
      </node>
      <node id="672">
        <label>rect.hpp</label>
        <link refid="rect_8hpp_source"/>
        <childnode refid="667" relation="include">
        </childnode>
        <childnode refid="658" relation="include">
        </childnode>
        <childnode refid="664" relation="include">
        </childnode>
      </node>
      <node id="669">
        <label>matrix.hpp</label>
        <link refid="matrix_8hpp_source"/>
        <childnode refid="655" relation="include">
        </childnode>
        <childnode refid="670" relation="include">
        </childnode>
        <childnode refid="656" relation="include">
        </childnode>
      </node>
      <node id="656">
        <label>shape.hpp</label>
        <link refid="shape_8hpp_source"/>
        <childnode refid="657" relation="include">
        </childnode>
        <childnode refid="659" relation="include">
        </childnode>
      </node>
      <node id="657">
        <label>layer.hpp</label>
        <link refid="layer_8hpp_source"/>
        <childnode refid="658" relation="include">
        </childnode>
      </node>
      <node id="655">
        <label>adapter.hpp</label>
        <link refid="adapter_8hpp_source"/>
        <childnode refid="656" relation="include">
        </childnode>
      </node>
      <node id="659">
        <label>view.hpp</label>
        <link refid="view_8hpp_source"/>
      </node>
      <node id="664">
        <label>command.hpp</label>
        <link refid="command_8hpp_source"/>
      </node>
      <node id="665">
        <label>coord.hpp</label>
        <link refid="coord_8hpp_source"/>
        <childnode refid="655" relation="include">
        </childnode>
        <childnode refid="666" relation="include">
        </childnode>
        <childnode refid="656" relation="include">
        </childnode>
        <childnode refid="667" relation="include">
        </childnode>
        <childnode refid="659" relation="include">
        </childnode>
        <childnode refid="668" relation="include">
        </childnode>
      </node>
      <node id="675">
        <label>size.hpp</label>
        <link refid="size_8hpp_source"/>
        <childnode refid="672" relation="include">
        </childnode>
        <childnode refid="656" relation="include">
        </childnode>
        <childnode refid="659" relation="include">
        </childnode>
        <childnode refid="664" relation="include">
        </childnode>
      </node>
      <node id="668">
        <label>input.hpp</label>
        <link refid="input_8hpp_source"/>
      </node>
      <node id="678">
        <label>listener.hpp</label>
        <link refid="listener_8hpp_source"/>
      </node>
      <node id="658">
        <label>document.hpp</label>
        <link refid="document_8hpp_source"/>
        <childnode refid="659" relation="include">
        </childnode>
      </node>
      <node id="676">
        <label>table.hpp</label>
        <link refid="table_8hpp_source"/>
        <childnode refid="667" relation="include">
        </childnode>
      </node>
      <node id="673">
        <label>edge.hpp</label>
        <link refid="edge_8hpp_source"/>
        <childnode refid="656" relation="include">
        </childnode>
      </node>
    </invincdepgraph>
    <innerclass refid="class_px_1_1_math" prot="public">Px::Math</innerclass>
    <innernamespace refid="namespace_px">Px</innernamespace>
    <briefdescription>
    </briefdescription>
    <detaileddescription>
    </detaileddescription>
    <programlisting>
<codeline lineno="1"><highlight class="preprocessor">#pragma<sp/>once</highlight><highlight class="normal"></highlight></codeline>
<codeline lineno="2"><highlight class="normal"></highlight><highlight class="preprocessor">#include<sp/>&quot;../px/px.hpp&quot;</highlight><highlight class="normal"></highlight></codeline>
<codeline lineno="3"><highlight class="normal"></highlight></codeline>
<codeline lineno="4"><highlight class="normal"></highlight><highlight class="keyword">namespace<sp/></highlight><highlight class="normal"><ref refid="namespace_px" kindref="compound">Px</ref></highlight></codeline>
<codeline lineno="5"><highlight class="normal">{</highlight></codeline>
<codeline lineno="7" refid="class_px_1_1_math" refkind="compound"><highlight class="normal"><sp/><sp/><sp/><sp/></highlight><highlight class="keyword">class<sp/></highlight><highlight class="normal"><ref refid="class_px_1_1_math" kindref="compound">Math</ref></highlight></codeline>
<codeline lineno="8"><highlight class="normal"><sp/><sp/><sp/><sp/>{</highlight></codeline>
<codeline lineno="9"><highlight class="normal"><sp/><sp/><sp/><sp/></highlight><highlight class="keyword">public</highlight><highlight class="normal">:</highlight></codeline>
<codeline lineno="15" refid="class_px_1_1_math_1ae8acd6d35af59f6171fb49a3bd9d8dd7" refkind="member"><highlight class="normal"><sp/><sp/><sp/><sp/><sp/><sp/><sp/><sp/></highlight><highlight class="keyword">inline</highlight><highlight class="normal"><sp/></highlight><highlight class="keyword">static</highlight><highlight class="normal"><sp/>sint32<sp/><ref refid="class_px_1_1_math_1ae8acd6d35af59f6171fb49a3bd9d8dd7" kindref="member">Abs</ref>(</highlight><highlight class="keyword">const</highlight><highlight class="normal"><sp/>sint32<sp/>v)</highlight></codeline>
<codeline lineno="16"><highlight class="normal"><sp/><sp/><sp/><sp/><sp/><sp/><sp/><sp/>{</highlight><highlight class="keywordflow">return</highlight><highlight class="normal"><sp/>(v<sp/>&lt;<sp/>0)?<sp/>-v<sp/>:<sp/>v;}</highlight></codeline>
<codeline lineno="17"><highlight class="normal"></highlight></codeline>
<codeline lineno="25" refid="class_px_1_1_math_1a59f46ea2c5e3cef50edea36fb273beba" refkind="member"><highlight class="normal"><sp/><sp/><sp/><sp/><sp/><sp/><sp/><sp/></highlight><highlight class="keyword">inline</highlight><highlight class="normal"><sp/></highlight><highlight class="keyword">static</highlight><highlight class="normal"><sp/>sint32<sp/><ref refid="class_px_1_1_math_1a59f46ea2c5e3cef50edea36fb273beba" kindref="member">Min</ref>(</highlight><highlight class="keyword">const</highlight><highlight class="normal"><sp/>sint32<sp/>a,<sp/></highlight><highlight class="keyword">const</highlight><highlight class="normal"><sp/>sint32<sp/>b)</highlight></codeline>
<codeline lineno="26"><highlight class="normal"><sp/><sp/><sp/><sp/><sp/><sp/><sp/><sp/>{</highlight><highlight class="keywordflow">return</highlight><highlight class="normal"><sp/>(a<sp/>&lt;<sp/>b)?<sp/>a<sp/>:<sp/>b;}</highlight></codeline>
<codeline lineno="27"><highlight class="normal"></highlight></codeline>
<codeline lineno="35" refid="class_px_1_1_math_1a21dcf2b07074a6b6b87ba375552d8fad" refkind="member"><highlight class="normal"><sp/><sp/><sp/><sp/><sp/><sp/><sp/><sp/></highlight><highlight class="keyword">inline</highlight><highlight class="normal"><sp/></highlight><highlight class="keyword">static</highlight><highlight class="normal"><sp/>sint32<sp/><ref refid="class_px_1_1_math_1a21dcf2b07074a6b6b87ba375552d8fad" kindref="member">Max</ref>(</highlight><highlight class="keyword">const</highlight><highlight class="normal"><sp/>sint32<sp/>a,<sp/></highlight><highlight class="keyword">const</highlight><highlight class="normal"><sp/>sint32<sp/>b)</highlight></codeline>
<codeline lineno="36"><highlight class="normal"><sp/><sp/><sp/><sp/><sp/><sp/><sp/><sp/>{</highlight><highlight class="keywordflow">return</highlight><highlight class="normal"><sp/>(a<sp/>&gt;<sp/>b)?<sp/>a<sp/>:<sp/>b;}</highlight></codeline>
<codeline lineno="37"><highlight class="normal"></highlight></codeline>
<codeline lineno="43" refid="class_px_1_1_math_1af7e79cb397673b2807e831573aa87d00" refkind="member"><highlight class="normal"><sp/><sp/><sp/><sp/><sp/><sp/><sp/><sp/></highlight><highlight class="keyword">inline</highlight><highlight class="normal"><sp/></highlight><highlight class="keyword">static</highlight><highlight class="normal"><sp/></highlight><highlight class="keywordtype">float</highlight><highlight class="normal"><sp/><ref refid="class_px_1_1_math_1af7e79cb397673b2807e831573aa87d00" kindref="member">AbsF</ref>(</highlight><highlight class="keyword">const</highlight><highlight class="normal"><sp/></highlight><highlight class="keywordtype">float</highlight><highlight class="normal"><sp/>v)</highlight></codeline>
<codeline lineno="44"><highlight class="normal"><sp/><sp/><sp/><sp/><sp/><sp/><sp/><sp/>{</highlight><highlight class="keywordflow">return</highlight><highlight class="normal"><sp/>(v<sp/>&lt;<sp/>0)?<sp/>-v<sp/>:<sp/>v;}</highlight></codeline>
<codeline lineno="45"><highlight class="normal"></highlight></codeline>
<codeline lineno="53"><highlight class="normal"><sp/><sp/><sp/><sp/><sp/><sp/><sp/><sp/></highlight><highlight class="keyword">static</highlight><highlight class="normal"><sp/></highlight><highlight class="keywordtype">float</highlight><highlight class="normal"><sp/><ref refid="class_px_1_1_math_1a73606b9c233c4f72328f6118c88d117d" kindref="member">MinF</ref>(</highlight><highlight class="keyword">const</highlight><highlight class="normal"><sp/></highlight><highlight class="keywordtype">float</highlight><highlight class="normal"><sp/>a,<sp/></highlight><highlight class="keyword">const</highlight><highlight class="normal"><sp/></highlight><highlight class="keywordtype">float</highlight><highlight class="normal"><sp/>b);</highlight></codeline>
<codeline lineno="54"><highlight class="normal"></highlight></codeline>
<codeline lineno="62"><highlight class="normal"><sp/><sp/><sp/><sp/><sp/><sp/><sp/><sp/></highlight><highlight class="keyword">static</highlight><highlight class="normal"><sp/></highlight><highlight class="keywordtype">float</highlight><highlight class="normal"><sp/><ref refid="class_px_1_1_math_1a834392cb469435f453c26b22e19f7da6" kindref="member">MaxF</ref>(</highlight><highlight class="keyword">const</highlight><highlight class="normal"><sp/></highlight><highlight class="keywordtype">float</highlight><highlight class="normal"><sp/>a,<sp/></highlight><highlight class="keyword">const</highlight><highlight class="normal"><sp/></highlight><highlight class="keywordtype">float</highlight><highlight class="normal"><sp/>b);</highlight></codeline>
<codeline lineno="63"><highlight class="normal"></highlight></codeline>
<codeline lineno="69"><highlight class="normal"><sp/><sp/><sp/><sp/><sp/><sp/><sp/><sp/></highlight><highlight class="keyword">static</highlight><highlight class="normal"><sp/></highlight><highlight class="keywordtype">float</highlight><highlight class="normal"><sp/><ref refid="class_px_1_1_math_1afbb7196deec09899e2a614e98505b525" kindref="member">Sqrt</ref>(</highlight><highlight class="keyword">const</highlight><highlight class="normal"><sp/></highlight><highlight class="keywordtype">float</highlight><highlight class="normal"><sp/>v);</highlight></codeline>
<codeline lineno="70"><highlight class="normal"></highlight></codeline>
<codeline lineno="76"><highlight class="normal"><sp/><sp/><sp/><sp/><sp/><sp/><sp/><sp/></highlight><highlight class="keyword">static</highlight><highlight class="normal"><sp/></highlight><highlight class="keywordtype">float</highlight><highlight class="normal"><sp/><ref refid="class_px_1_1_math_1a2223bb2bc4eefba665fb691171d2e2b1" kindref="member">Cos</ref>(</highlight><highlight class="keyword">const</highlight><highlight class="normal"><sp/></highlight><highlight class="keywordtype">float</highlight><highlight class="normal"><sp/>v);</highlight></codeline>
<codeline lineno="77"><highlight class="normal"></highlight></codeline>
<codeline lineno="83"><highlight class="normal"><sp/><sp/><sp/><sp/><sp/><sp/><sp/><sp/></highlight><highlight class="keyword">static</highlight><highlight class="normal"><sp/></highlight><highlight class="keywordtype">float</highlight><highlight class="normal"><sp/><ref refid="class_px_1_1_math_1aacc01c27ab2d5f0a2ba361a3ecfe7425" kindref="member">Sin</ref>(</highlight><highlight class="keyword">const</highlight><highlight class="normal"><sp/></highlight><highlight class="keywordtype">float</highlight><highlight class="normal"><sp/>v);</highlight></codeline>
<codeline lineno="84"><highlight class="normal"></highlight></codeline>
<codeline lineno="91"><highlight class="normal"><sp/><sp/><sp/><sp/><sp/><sp/><sp/><sp/></highlight><highlight class="keyword">static</highlight><highlight class="normal"><sp/></highlight><highlight class="keywordtype">float</highlight><highlight class="normal"><sp/><ref refid="class_px_1_1_math_1a43db29ca6ad09585c3290b7f6b04bda4" kindref="member">Atan</ref>(</highlight><highlight class="keyword">const</highlight><highlight class="normal"><sp/></highlight><highlight class="keywordtype">float</highlight><highlight class="normal"><sp/>x,<sp/></highlight><highlight class="keyword">const</highlight><highlight class="normal"><sp/></highlight><highlight class="keywordtype">float</highlight><highlight class="normal"><sp/>y);</highlight></codeline>
<codeline lineno="92"><highlight class="normal"></highlight></codeline>
<codeline lineno="101"><highlight class="normal"><sp/><sp/><sp/><sp/><sp/><sp/><sp/><sp/></highlight><highlight class="keyword">static</highlight><highlight class="normal"><sp/></highlight><highlight class="keywordtype">float</highlight><highlight class="normal"><sp/><ref refid="class_px_1_1_math_1a45f39dc8bec82d07abce364a535c8ed3" kindref="member">Distance</ref>(</highlight><highlight class="keyword">const</highlight><highlight class="normal"><sp/></highlight><highlight class="keywordtype">float</highlight><highlight class="normal"><sp/>x1,<sp/></highlight><highlight class="keyword">const</highlight><highlight class="normal"><sp/></highlight><highlight class="keywordtype">float</highlight><highlight class="normal"><sp/>y1,<sp/></highlight><highlight class="keyword">const</highlight><highlight class="normal"><sp/></highlight><highlight class="keywordtype">float</highlight><highlight class="normal"><sp/>x2,<sp/></highlight><highlight class="keyword">const</highlight><highlight class="normal"><sp/></highlight><highlight class="keywordtype">float</highlight><highlight class="normal"><sp/>y2);</highlight></codeline>
<codeline lineno="102"><highlight class="normal"><sp/><sp/><sp/><sp/>};</highlight></codeline>
<codeline lineno="103"><highlight class="normal">}</highlight></codeline>
    </programlisting>
    <location file="C:/BonexData/BxProject/PlatyVG/source/px/math.hpp"/>
  </compounddef>
</doxygen>
