<?xml version='1.0' encoding='UTF-8' standalone='no'?>
<doxygen xmlns:xsi="http://www.w3.org/2001/XMLSchema-instance" xsi:noNamespaceSchemaLocation="compound.xsd" version="1.8.9.1">
  <compounddef id="matrix_8cpp" kind="file" language="C++">
    <compoundname>matrix.cpp</compoundname>
    <includes refid="platyvg_8hpp" local="no">platyvg.hpp</includes>
    <includes refid="matrix_8hpp" local="yes">matrix.hpp</includes>
    <incdepgraph>
      <node id="680">
        <label>platyvg.hpp</label>
        <link refid="platyvg_8hpp_source"/>
        <childnode refid="681" relation="include">
        </childnode>
        <childnode refid="682" relation="include">
        </childnode>
        <childnode refid="684" relation="include">
        </childnode>
        <childnode refid="686" relation="include">
        </childnode>
        <childnode refid="687" relation="include">
        </childnode>
        <childnode refid="685" relation="include">
        </childnode>
        <childnode refid="688" relation="include">
        </childnode>
        <childnode refid="683" relation="include">
        </childnode>
        <childnode refid="689" relation="include">
        </childnode>
      </node>
      <node id="687">
        <label>../px/math.hpp</label>
        <link refid="math_8hpp_source"/>
        <childnode refid="681" relation="include">
        </childnode>
      </node>
      <node id="688">
        <label>../px/parser.hpp</label>
        <link refid="parser_8hpp_source"/>
        <childnode refid="689" relation="include">
        </childnode>
      </node>
      <node id="684">
        <label>../px/buffer.hpp</label>
        <link refid="buffer_8hpp_source"/>
        <childnode refid="685" relation="include">
        </childnode>
      </node>
      <node id="681">
        <label>../px/px.hpp</label>
        <link refid="px_8hpp_source"/>
      </node>
      <node id="686">
        <label>../px/file.hpp</label>
        <link refid="file_8hpp_source"/>
        <childnode refid="681" relation="include">
        </childnode>
      </node>
      <node id="690">
        <label>matrix.hpp</label>
        <link refid="matrix_8hpp_source"/>
        <childnode refid="680" relation="include">
        </childnode>
      </node>
      <node id="689">
        <label>../px/string.hpp</label>
        <link refid="string_8hpp_source"/>
        <childnode refid="682" relation="include">
        </childnode>
      </node>
      <node id="685">
        <label>../px/memory.hpp</label>
        <link refid="memory_8hpp_source"/>
        <childnode refid="681" relation="include">
        </childnode>
      </node>
      <node id="679">
        <label>matrix.cpp</label>
        <link refid="matrix.cpp"/>
        <childnode refid="680" relation="include">
        </childnode>
        <childnode refid="690" relation="include">
        </childnode>
      </node>
      <node id="682">
        <label>../px/array.hpp</label>
        <link refid="array_8hpp_source"/>
        <childnode refid="683" relation="include">
        </childnode>
      </node>
      <node id="683">
        <label>../px/share.hpp</label>
        <link refid="share_8hpp_source"/>
        <childnode refid="684" relation="include">
        </childnode>
      </node>
    </incdepgraph>
    <innernamespace refid="namespace_platy_v_g_element">PlatyVGElement</innernamespace>
    <briefdescription>
    </briefdescription>
    <detaileddescription>
    </detaileddescription>
    <programlisting>
<codeline lineno="1"><highlight class="preprocessor">#include<sp/>&lt;platyvg.hpp&gt;</highlight><highlight class="normal"></highlight></codeline>
<codeline lineno="2"><highlight class="normal"></highlight><highlight class="preprocessor">#include<sp/>&quot;matrix.hpp&quot;</highlight><highlight class="normal"></highlight></codeline>
<codeline lineno="3"><highlight class="normal"></highlight></codeline>
<codeline lineno="4"><highlight class="normal"></highlight><highlight class="keyword">namespace<sp/></highlight><highlight class="normal"><ref refid="namespace_platy_v_g_element" kindref="compound">PlatyVGElement</ref></highlight></codeline>
<codeline lineno="5"><highlight class="normal">{</highlight></codeline>
<codeline lineno="6"><highlight class="normal"><sp/><sp/><sp/><sp/>Matrix::Matrix()</highlight></codeline>
<codeline lineno="7"><highlight class="normal"><sp/><sp/><sp/><sp/>{</highlight></codeline>
<codeline lineno="8"><highlight class="normal"><sp/><sp/><sp/><sp/><sp/><sp/><sp/><sp/>m11<sp/>=<sp/>1;</highlight></codeline>
<codeline lineno="9"><highlight class="normal"><sp/><sp/><sp/><sp/><sp/><sp/><sp/><sp/>m12<sp/>=<sp/>0;</highlight></codeline>
<codeline lineno="10"><highlight class="normal"><sp/><sp/><sp/><sp/><sp/><sp/><sp/><sp/>m21<sp/>=<sp/>0;</highlight></codeline>
<codeline lineno="11"><highlight class="normal"><sp/><sp/><sp/><sp/><sp/><sp/><sp/><sp/>m22<sp/>=<sp/>1;</highlight></codeline>
<codeline lineno="12"><highlight class="normal"><sp/><sp/><sp/><sp/><sp/><sp/><sp/><sp/>dx<sp/>=<sp/>0;</highlight></codeline>
<codeline lineno="13"><highlight class="normal"><sp/><sp/><sp/><sp/><sp/><sp/><sp/><sp/>dy<sp/>=<sp/>0;</highlight></codeline>
<codeline lineno="14"><highlight class="normal"><sp/><sp/><sp/><sp/>}</highlight></codeline>
<codeline lineno="15"><highlight class="normal"></highlight></codeline>
<codeline lineno="16"><highlight class="normal"><sp/><sp/><sp/><sp/>Matrix::Matrix(</highlight><highlight class="keyword">const</highlight><highlight class="normal"><sp/><ref refid="class_platy_v_g_element_1_1_matrix" kindref="compound">Matrix</ref>&amp;<sp/>rhs)</highlight></codeline>
<codeline lineno="17"><highlight class="normal"><sp/><sp/><sp/><sp/>{</highlight></codeline>
<codeline lineno="18"><highlight class="normal"><sp/><sp/><sp/><sp/><sp/><sp/><sp/><sp/>operator=(rhs);</highlight></codeline>
<codeline lineno="19"><highlight class="normal"><sp/><sp/><sp/><sp/>}</highlight></codeline>
<codeline lineno="20"><highlight class="normal"></highlight></codeline>
<codeline lineno="21"><highlight class="normal"><sp/><sp/><sp/><sp/>Matrix::Matrix(</highlight><highlight class="keywordtype">float</highlight><highlight class="normal"><sp/>m11,<sp/></highlight><highlight class="keywordtype">float</highlight><highlight class="normal"><sp/>m12,<sp/></highlight><highlight class="keywordtype">float</highlight><highlight class="normal"><sp/>m21,<sp/></highlight><highlight class="keywordtype">float</highlight><highlight class="normal"><sp/>m22,<sp/></highlight><highlight class="keywordtype">float</highlight><highlight class="normal"><sp/>dx,<sp/></highlight><highlight class="keywordtype">float</highlight><highlight class="normal"><sp/>dy)</highlight></codeline>
<codeline lineno="22"><highlight class="normal"><sp/><sp/><sp/><sp/>{</highlight></codeline>
<codeline lineno="23"><highlight class="normal"><sp/><sp/><sp/><sp/><sp/><sp/><sp/><sp/>this-&gt;m11<sp/>=<sp/>m11;</highlight></codeline>
<codeline lineno="24"><highlight class="normal"><sp/><sp/><sp/><sp/><sp/><sp/><sp/><sp/>this-&gt;m12<sp/>=<sp/>m12;</highlight></codeline>
<codeline lineno="25"><highlight class="normal"><sp/><sp/><sp/><sp/><sp/><sp/><sp/><sp/>this-&gt;m21<sp/>=<sp/>m21;</highlight></codeline>
<codeline lineno="26"><highlight class="normal"><sp/><sp/><sp/><sp/><sp/><sp/><sp/><sp/>this-&gt;m22<sp/>=<sp/>m22;</highlight></codeline>
<codeline lineno="27"><highlight class="normal"><sp/><sp/><sp/><sp/><sp/><sp/><sp/><sp/>this-&gt;dx<sp/>=<sp/>dx;</highlight></codeline>
<codeline lineno="28"><highlight class="normal"><sp/><sp/><sp/><sp/><sp/><sp/><sp/><sp/>this-&gt;dy<sp/>=<sp/>dy;</highlight></codeline>
<codeline lineno="29"><highlight class="normal"><sp/><sp/><sp/><sp/>}</highlight></codeline>
<codeline lineno="30"><highlight class="normal"></highlight></codeline>
<codeline lineno="31"><highlight class="normal"><sp/><sp/><sp/><sp/>Matrix::~Matrix()</highlight></codeline>
<codeline lineno="32"><highlight class="normal"><sp/><sp/><sp/><sp/>{</highlight></codeline>
<codeline lineno="33"><highlight class="normal"><sp/><sp/><sp/><sp/>}</highlight></codeline>
<codeline lineno="34"><highlight class="normal"></highlight></codeline>
<codeline lineno="35"><highlight class="normal"><sp/><sp/><sp/><sp/><ref refid="class_platy_v_g_element_1_1_matrix" kindref="compound">Matrix</ref>&amp;<sp/>Matrix::operator=(</highlight><highlight class="keyword">const</highlight><highlight class="normal"><sp/><ref refid="class_platy_v_g_element_1_1_matrix" kindref="compound">Matrix</ref>&amp;<sp/>rhs)</highlight></codeline>
<codeline lineno="36"><highlight class="normal"><sp/><sp/><sp/><sp/>{</highlight></codeline>
<codeline lineno="37"><highlight class="normal"><sp/><sp/><sp/><sp/><sp/><sp/><sp/><sp/>m11<sp/>=<sp/>rhs.m11;</highlight></codeline>
<codeline lineno="38"><highlight class="normal"><sp/><sp/><sp/><sp/><sp/><sp/><sp/><sp/>m12<sp/>=<sp/>rhs.m12;</highlight></codeline>
<codeline lineno="39"><highlight class="normal"><sp/><sp/><sp/><sp/><sp/><sp/><sp/><sp/>m21<sp/>=<sp/>rhs.m21;</highlight></codeline>
<codeline lineno="40"><highlight class="normal"><sp/><sp/><sp/><sp/><sp/><sp/><sp/><sp/>m22<sp/>=<sp/>rhs.m22;</highlight></codeline>
<codeline lineno="41"><highlight class="normal"><sp/><sp/><sp/><sp/><sp/><sp/><sp/><sp/>dx<sp/>=<sp/>rhs.dx;</highlight></codeline>
<codeline lineno="42"><highlight class="normal"><sp/><sp/><sp/><sp/><sp/><sp/><sp/><sp/>dy<sp/>=<sp/>rhs.dy;</highlight></codeline>
<codeline lineno="43"><highlight class="normal"><sp/><sp/><sp/><sp/><sp/><sp/><sp/><sp/></highlight><highlight class="keywordflow">return</highlight><highlight class="normal"><sp/>*</highlight><highlight class="keyword">this</highlight><highlight class="normal">;</highlight></codeline>
<codeline lineno="44"><highlight class="normal"><sp/><sp/><sp/><sp/>}</highlight></codeline>
<codeline lineno="45"><highlight class="normal"></highlight></codeline>
<codeline lineno="46"><highlight class="normal"><sp/><sp/><sp/><sp/><ref refid="class_platy_v_g_element_1_1_matrix" kindref="compound">Matrix</ref>&amp;<sp/>Matrix::operator*=(</highlight><highlight class="keyword">const</highlight><highlight class="normal"><sp/><ref refid="class_platy_v_g_element_1_1_matrix" kindref="compound">Matrix</ref>&amp;<sp/>rhs)</highlight></codeline>
<codeline lineno="47"><highlight class="normal"><sp/><sp/><sp/><sp/>{</highlight></codeline>
<codeline lineno="48"><highlight class="normal"><sp/><sp/><sp/><sp/><sp/><sp/><sp/><sp/></highlight><highlight class="keyword">const</highlight><highlight class="normal"><sp/></highlight><highlight class="keywordtype">float</highlight><highlight class="normal"><sp/>New_m11<sp/>=<sp/>m11<sp/>*<sp/>rhs.m11<sp/>+<sp/>m12<sp/>*<sp/>rhs.m21;</highlight></codeline>
<codeline lineno="49"><highlight class="normal"><sp/><sp/><sp/><sp/><sp/><sp/><sp/><sp/></highlight><highlight class="keyword">const</highlight><highlight class="normal"><sp/></highlight><highlight class="keywordtype">float</highlight><highlight class="normal"><sp/>New_m12<sp/>=<sp/>m11<sp/>*<sp/>rhs.m12<sp/>+<sp/>m12<sp/>*<sp/>rhs.m22;</highlight></codeline>
<codeline lineno="50"><highlight class="normal"><sp/><sp/><sp/><sp/><sp/><sp/><sp/><sp/></highlight><highlight class="keyword">const</highlight><highlight class="normal"><sp/></highlight><highlight class="keywordtype">float</highlight><highlight class="normal"><sp/>New_m21<sp/>=<sp/>m21<sp/>*<sp/>rhs.m11<sp/>+<sp/>m22<sp/>*<sp/>rhs.m21;</highlight></codeline>
<codeline lineno="51"><highlight class="normal"><sp/><sp/><sp/><sp/><sp/><sp/><sp/><sp/></highlight><highlight class="keyword">const</highlight><highlight class="normal"><sp/></highlight><highlight class="keywordtype">float</highlight><highlight class="normal"><sp/>New_m22<sp/>=<sp/>m21<sp/>*<sp/>rhs.m12<sp/>+<sp/>m22<sp/>*<sp/>rhs.m22;</highlight></codeline>
<codeline lineno="52"><highlight class="normal"><sp/><sp/><sp/><sp/><sp/><sp/><sp/><sp/></highlight><highlight class="keyword">const</highlight><highlight class="normal"><sp/></highlight><highlight class="keywordtype">float</highlight><highlight class="normal"><sp/>New_dx<sp/>=<sp/>dx<sp/><sp/>*<sp/>rhs.m11<sp/>+<sp/>dy<sp/><sp/>*<sp/>rhs.m21<sp/>+<sp/>rhs.dx;</highlight></codeline>
<codeline lineno="53"><highlight class="normal"><sp/><sp/><sp/><sp/><sp/><sp/><sp/><sp/></highlight><highlight class="keyword">const</highlight><highlight class="normal"><sp/></highlight><highlight class="keywordtype">float</highlight><highlight class="normal"><sp/>New_dy<sp/>=<sp/>dx<sp/><sp/>*<sp/>rhs.m12<sp/>+<sp/>dy<sp/><sp/>*<sp/>rhs.m22<sp/>+<sp/>rhs.dy;</highlight></codeline>
<codeline lineno="54"><highlight class="normal"><sp/><sp/><sp/><sp/><sp/><sp/><sp/><sp/>m11<sp/>=<sp/>New_m11;</highlight></codeline>
<codeline lineno="55"><highlight class="normal"><sp/><sp/><sp/><sp/><sp/><sp/><sp/><sp/>m12<sp/>=<sp/>New_m12;</highlight></codeline>
<codeline lineno="56"><highlight class="normal"><sp/><sp/><sp/><sp/><sp/><sp/><sp/><sp/>m21<sp/>=<sp/>New_m21;</highlight></codeline>
<codeline lineno="57"><highlight class="normal"><sp/><sp/><sp/><sp/><sp/><sp/><sp/><sp/>m22<sp/>=<sp/>New_m22;</highlight></codeline>
<codeline lineno="58"><highlight class="normal"><sp/><sp/><sp/><sp/><sp/><sp/><sp/><sp/>dx<sp/>=<sp/>New_dx;</highlight></codeline>
<codeline lineno="59"><highlight class="normal"><sp/><sp/><sp/><sp/><sp/><sp/><sp/><sp/>dy<sp/>=<sp/>New_dy;</highlight></codeline>
<codeline lineno="60"><highlight class="normal"><sp/><sp/><sp/><sp/><sp/><sp/><sp/><sp/></highlight><highlight class="keywordflow">return</highlight><highlight class="normal"><sp/>*</highlight><highlight class="keyword">this</highlight><highlight class="normal">;</highlight></codeline>
<codeline lineno="61"><highlight class="normal"><sp/><sp/><sp/><sp/>}</highlight></codeline>
<codeline lineno="62"><highlight class="normal"></highlight></codeline>
<codeline lineno="63"><highlight class="normal"><sp/><sp/><sp/><sp/><ref refid="class_platy_v_g_element_1_1_matrix" kindref="compound">Matrix</ref><sp/>Matrix::operator*(</highlight><highlight class="keyword">const</highlight><highlight class="normal"><sp/><ref refid="class_platy_v_g_element_1_1_matrix" kindref="compound">Matrix</ref>&amp;<sp/>rhs)</highlight><highlight class="keyword"><sp/>const</highlight></codeline>
<codeline lineno="64"><highlight class="keyword"><sp/><sp/><sp/><sp/></highlight><highlight class="normal">{</highlight></codeline>
<codeline lineno="65"><highlight class="normal"><sp/><sp/><sp/><sp/><sp/><sp/><sp/><sp/></highlight><highlight class="keywordflow">return</highlight><highlight class="normal"><sp/><ref refid="class_platy_v_g_element_1_1_matrix" kindref="compound">Matrix</ref>(*this).operator*=(rhs);</highlight></codeline>
<codeline lineno="66"><highlight class="normal"><sp/><sp/><sp/><sp/>}</highlight></codeline>
<codeline lineno="67"><highlight class="normal"></highlight></codeline>
<codeline lineno="68"><highlight class="normal"><sp/><sp/><sp/><sp/></highlight><highlight class="keywordtype">void</highlight><highlight class="normal"><sp/>Matrix::AddOffset(</highlight><highlight class="keyword">const</highlight><highlight class="normal"><sp/></highlight><highlight class="keywordtype">float</highlight><highlight class="normal"><sp/>x,<sp/></highlight><highlight class="keyword">const</highlight><highlight class="normal"><sp/></highlight><highlight class="keywordtype">float</highlight><highlight class="normal"><sp/>y)</highlight></codeline>
<codeline lineno="69"><highlight class="normal"><sp/><sp/><sp/><sp/>{</highlight></codeline>
<codeline lineno="70"><highlight class="normal"><sp/><sp/><sp/><sp/><sp/><sp/><sp/><sp/>operator*=(<ref refid="class_platy_v_g_element_1_1_matrix" kindref="compound">Matrix</ref>(1,<sp/>0,<sp/>0,<sp/>1,<sp/>x,<sp/>y));</highlight></codeline>
<codeline lineno="71"><highlight class="normal"><sp/><sp/><sp/><sp/>}</highlight></codeline>
<codeline lineno="72"><highlight class="normal"></highlight></codeline>
<codeline lineno="73"><highlight class="normal"><sp/><sp/><sp/><sp/></highlight><highlight class="keywordtype">void</highlight><highlight class="normal"><sp/>Matrix::AddRotate(</highlight><highlight class="keyword">const</highlight><highlight class="normal"><sp/></highlight><highlight class="keywordtype">float</highlight><highlight class="normal"><sp/>angle,<sp/></highlight><highlight class="keyword">const</highlight><highlight class="normal"><sp/></highlight><highlight class="keywordtype">float</highlight><highlight class="normal"><sp/>cx,<sp/></highlight><highlight class="keyword">const</highlight><highlight class="normal"><sp/></highlight><highlight class="keywordtype">float</highlight><highlight class="normal"><sp/>cy)</highlight></codeline>
<codeline lineno="74"><highlight class="normal"><sp/><sp/><sp/><sp/>{</highlight></codeline>
<codeline lineno="75"><highlight class="normal"><sp/><sp/><sp/><sp/><sp/><sp/><sp/><sp/></highlight><highlight class="keyword">const</highlight><highlight class="normal"><sp/></highlight><highlight class="keywordtype">float</highlight><highlight class="normal"><sp/>c<sp/>=<sp/>Math::Cos(angle);</highlight></codeline>
<codeline lineno="76"><highlight class="normal"><sp/><sp/><sp/><sp/><sp/><sp/><sp/><sp/></highlight><highlight class="keyword">const</highlight><highlight class="normal"><sp/></highlight><highlight class="keywordtype">float</highlight><highlight class="normal"><sp/>s<sp/>=<sp/>Math::Sin(angle);</highlight></codeline>
<codeline lineno="77"><highlight class="normal"><sp/><sp/><sp/><sp/><sp/><sp/><sp/><sp/>operator*=(<ref refid="class_platy_v_g_element_1_1_matrix" kindref="compound">Matrix</ref>(c,<sp/>s,<sp/>-s,<sp/>c,<sp/>(1<sp/>-<sp/>c)<sp/>*<sp/>cx<sp/>+<sp/>s<sp/>*<sp/>cy,<sp/>(1<sp/>-<sp/>c)<sp/>*<sp/>cy<sp/>-<sp/>s<sp/>*<sp/>cx));</highlight></codeline>
<codeline lineno="78"><highlight class="normal"><sp/><sp/><sp/><sp/>}</highlight></codeline>
<codeline lineno="79"><highlight class="normal"></highlight></codeline>
<codeline lineno="80"><highlight class="normal"><sp/><sp/><sp/><sp/></highlight><highlight class="keywordtype">void</highlight><highlight class="normal"><sp/>Matrix::AddScale(</highlight><highlight class="keyword">const</highlight><highlight class="normal"><sp/></highlight><highlight class="keywordtype">float</highlight><highlight class="normal"><sp/>w,<sp/></highlight><highlight class="keyword">const</highlight><highlight class="normal"><sp/></highlight><highlight class="keywordtype">float</highlight><highlight class="normal"><sp/>h,<sp/></highlight><highlight class="keyword">const</highlight><highlight class="normal"><sp/></highlight><highlight class="keywordtype">float</highlight><highlight class="normal"><sp/>cx,<sp/></highlight><highlight class="keyword">const</highlight><highlight class="normal"><sp/></highlight><highlight class="keywordtype">float</highlight><highlight class="normal"><sp/>cy)</highlight></codeline>
<codeline lineno="81"><highlight class="normal"><sp/><sp/><sp/><sp/>{</highlight></codeline>
<codeline lineno="82"><highlight class="normal"><sp/><sp/><sp/><sp/><sp/><sp/><sp/><sp/>operator*=(<ref refid="class_platy_v_g_element_1_1_matrix" kindref="compound">Matrix</ref>(w,<sp/>0,<sp/>0,<sp/>h,<sp/>(1<sp/>-<sp/>w)<sp/>*<sp/>cx,<sp/>(1<sp/>-<sp/>h)<sp/>*<sp/>cy));</highlight></codeline>
<codeline lineno="83"><highlight class="normal"><sp/><sp/><sp/><sp/>}</highlight></codeline>
<codeline lineno="84"><highlight class="normal"></highlight></codeline>
<codeline lineno="85"><highlight class="normal"><sp/><sp/><sp/><sp/></highlight><highlight class="keywordtype">void</highlight><highlight class="normal"><sp/>Matrix::AddByTouch(</highlight><highlight class="keyword">const</highlight><highlight class="normal"><sp/></highlight><highlight class="keywordtype">float</highlight><highlight class="normal"><sp/>a1x,<sp/></highlight><highlight class="keyword">const</highlight><highlight class="normal"><sp/></highlight><highlight class="keywordtype">float</highlight><highlight class="normal"><sp/>a1y,<sp/></highlight><highlight class="keyword">const</highlight><highlight class="normal"><sp/></highlight><highlight class="keywordtype">float</highlight><highlight class="normal"><sp/>a2x,<sp/></highlight><highlight class="keyword">const</highlight><highlight class="normal"><sp/></highlight><highlight class="keywordtype">float</highlight><highlight class="normal"><sp/>a2y,</highlight></codeline>
<codeline lineno="86"><highlight class="normal"><sp/><sp/><sp/><sp/><sp/><sp/><sp/><sp/></highlight><highlight class="keyword">const</highlight><highlight class="normal"><sp/></highlight><highlight class="keywordtype">float</highlight><highlight class="normal"><sp/>b1x,<sp/></highlight><highlight class="keyword">const</highlight><highlight class="normal"><sp/></highlight><highlight class="keywordtype">float</highlight><highlight class="normal"><sp/>b1y,<sp/></highlight><highlight class="keyword">const</highlight><highlight class="normal"><sp/></highlight><highlight class="keywordtype">float</highlight><highlight class="normal"><sp/>b2x,<sp/></highlight><highlight class="keyword">const</highlight><highlight class="normal"><sp/></highlight><highlight class="keywordtype">float</highlight><highlight class="normal"><sp/>b2y)</highlight></codeline>
<codeline lineno="87"><highlight class="normal"><sp/><sp/><sp/><sp/>{</highlight></codeline>
<codeline lineno="88"><highlight class="normal"><sp/><sp/><sp/><sp/><sp/><sp/><sp/><sp/></highlight><highlight class="keyword">const</highlight><highlight class="normal"><sp/></highlight><highlight class="keywordtype">float</highlight><highlight class="normal"><sp/>amx<sp/>=<sp/>(a1x<sp/>+<sp/>a2x)<sp/>/<sp/>2;</highlight></codeline>
<codeline lineno="89"><highlight class="normal"><sp/><sp/><sp/><sp/><sp/><sp/><sp/><sp/></highlight><highlight class="keyword">const</highlight><highlight class="normal"><sp/></highlight><highlight class="keywordtype">float</highlight><highlight class="normal"><sp/>amy<sp/>=<sp/>(a1y<sp/>+<sp/>a2y)<sp/>/<sp/>2;</highlight></codeline>
<codeline lineno="90"><highlight class="normal"><sp/><sp/><sp/><sp/><sp/><sp/><sp/><sp/></highlight><highlight class="keyword">const</highlight><highlight class="normal"><sp/></highlight><highlight class="keywordtype">float</highlight><highlight class="normal"><sp/>bmx<sp/>=<sp/>(b1x<sp/>+<sp/>b2x)<sp/>/<sp/>2;</highlight></codeline>
<codeline lineno="91"><highlight class="normal"><sp/><sp/><sp/><sp/><sp/><sp/><sp/><sp/></highlight><highlight class="keyword">const</highlight><highlight class="normal"><sp/></highlight><highlight class="keywordtype">float</highlight><highlight class="normal"><sp/>bmy<sp/>=<sp/>(b1y<sp/>+<sp/>b2y)<sp/>/<sp/>2;</highlight></codeline>
<codeline lineno="92"><highlight class="normal"><sp/><sp/><sp/><sp/><sp/><sp/><sp/><sp/></highlight><highlight class="keyword">const</highlight><highlight class="normal"><sp/></highlight><highlight class="keywordtype">float</highlight><highlight class="normal"><sp/>rotate<sp/>=<sp/>Math::Atan(b1x<sp/>-<sp/>bmx,<sp/>b1y<sp/>-<sp/>bmy)<sp/>-<sp/>Math::Atan(a1x<sp/>-<sp/>amx,<sp/>a1y<sp/>-<sp/>amy);</highlight></codeline>
<codeline lineno="93"><highlight class="normal"><sp/><sp/><sp/><sp/><sp/><sp/><sp/><sp/></highlight><highlight class="keyword">const</highlight><highlight class="normal"><sp/></highlight><highlight class="keywordtype">float</highlight><highlight class="normal"><sp/>scale<sp/>=<sp/>Math::Distance(b1x,<sp/>b1y,<sp/>b2x,<sp/>b2y)</highlight></codeline>
<codeline lineno="94"><highlight class="normal"><sp/><sp/><sp/><sp/><sp/><sp/><sp/><sp/><sp/><sp/><sp/><sp/>/<sp/>Math::Distance(a1x,<sp/>a1y,<sp/>a2x,<sp/>a2y);</highlight></codeline>
<codeline lineno="95"><highlight class="normal"><sp/><sp/><sp/><sp/><sp/><sp/><sp/><sp/>AddOffset(bmx<sp/>-<sp/>amx,<sp/>bmy<sp/>-<sp/>amy);</highlight></codeline>
<codeline lineno="96"><highlight class="normal"><sp/><sp/><sp/><sp/><sp/><sp/><sp/><sp/>AddRotate(rotate,<sp/>bmx,<sp/>bmy);</highlight></codeline>
<codeline lineno="97"><highlight class="normal"><sp/><sp/><sp/><sp/><sp/><sp/><sp/><sp/>AddScale(scale,<sp/>scale,<sp/>bmx,<sp/>bmy);</highlight></codeline>
<codeline lineno="98"><highlight class="normal"><sp/><sp/><sp/><sp/>}</highlight></codeline>
<codeline lineno="99"><highlight class="normal">}</highlight></codeline>
    </programlisting>
    <location file="C:/BonexData/BxProject/PlatyVG/source/element/matrix.cpp"/>
  </compounddef>
</doxygen>
