<?xml version='1.0' encoding='UTF-8' standalone='no'?>
<doxygen xmlns:xsi="http://www.w3.org/2001/XMLSchema-instance" xsi:noNamespaceSchemaLocation="compound.xsd" version="1.8.9.1">
  <compounddef id="matrix_8hpp" kind="file" language="C++">
    <compoundname>matrix.hpp</compoundname>
    <includes refid="platyvg_8hpp" local="no">platyvg.hpp</includes>
    <includedby refid="adapter_8hpp" local="yes">adapter.hpp</includedby>
    <includedby refid="point_8hpp" local="yes">point.hpp</includedby>
    <includedby refid="shape_8hpp" local="yes">shape.hpp</includedby>
    <includedby refid="matrix_8cpp" local="yes">matrix.cpp</includedby>
    <incdepgraph>
      <node id="693">
        <label>platyvg.hpp</label>
        <link refid="platyvg_8hpp_source"/>
        <childnode refid="694" relation="include">
        </childnode>
        <childnode refid="695" relation="include">
        </childnode>
        <childnode refid="697" relation="include">
        </childnode>
        <childnode refid="699" relation="include">
        </childnode>
        <childnode refid="700" relation="include">
        </childnode>
        <childnode refid="698" relation="include">
        </childnode>
        <childnode refid="701" relation="include">
        </childnode>
        <childnode refid="696" relation="include">
        </childnode>
        <childnode refid="702" relation="include">
        </childnode>
      </node>
      <node id="700">
        <label>../px/math.hpp</label>
        <link refid="math_8hpp_source"/>
        <childnode refid="694" relation="include">
        </childnode>
      </node>
      <node id="701">
        <label>../px/parser.hpp</label>
        <link refid="parser_8hpp_source"/>
        <childnode refid="702" relation="include">
        </childnode>
      </node>
      <node id="697">
        <label>../px/buffer.hpp</label>
        <link refid="buffer_8hpp_source"/>
        <childnode refid="698" relation="include">
        </childnode>
      </node>
      <node id="694">
        <label>../px/px.hpp</label>
        <link refid="px_8hpp_source"/>
      </node>
      <node id="699">
        <label>../px/file.hpp</label>
        <link refid="file_8hpp_source"/>
        <childnode refid="694" relation="include">
        </childnode>
      </node>
      <node id="692">
        <label>matrix.hpp</label>
        <link refid="matrix.hpp"/>
        <childnode refid="693" relation="include">
        </childnode>
      </node>
      <node id="702">
        <label>../px/string.hpp</label>
        <link refid="string_8hpp_source"/>
        <childnode refid="695" relation="include">
        </childnode>
      </node>
      <node id="698">
        <label>../px/memory.hpp</label>
        <link refid="memory_8hpp_source"/>
        <childnode refid="694" relation="include">
        </childnode>
      </node>
      <node id="695">
        <label>../px/array.hpp</label>
        <link refid="array_8hpp_source"/>
        <childnode refid="696" relation="include">
        </childnode>
      </node>
      <node id="696">
        <label>../px/share.hpp</label>
        <link refid="share_8hpp_source"/>
        <childnode refid="697" relation="include">
        </childnode>
      </node>
    </incdepgraph>
    <invincdepgraph>
      <node id="709">
        <label>point.hpp</label>
        <link refid="point_8hpp_source"/>
        <childnode refid="710" relation="include">
        </childnode>
        <childnode refid="714" relation="include">
        </childnode>
        <childnode refid="715" relation="include">
        </childnode>
        <childnode refid="705" relation="include">
        </childnode>
        <childnode refid="712" relation="include">
        </childnode>
        <childnode refid="711" relation="include">
        </childnode>
        <childnode refid="716" relation="include">
        </childnode>
        <childnode refid="708" relation="include">
        </childnode>
      </node>
      <node id="717">
        <label>record.hpp</label>
        <link refid="record_8hpp_source"/>
        <childnode refid="707" relation="include">
        </childnode>
      </node>
      <node id="716">
        <label>action.hpp</label>
        <link refid="action_8hpp_source"/>
        <childnode refid="717" relation="include">
        </childnode>
      </node>
      <node id="710">
        <label>zoom.hpp</label>
        <link refid="zoom_8hpp_source"/>
        <childnode refid="704" relation="include">
        </childnode>
        <childnode refid="711" relation="include">
        </childnode>
        <childnode refid="705" relation="include">
        </childnode>
        <childnode refid="706" relation="include">
        </childnode>
        <childnode refid="707" relation="include">
        </childnode>
        <childnode refid="713" relation="include">
        </childnode>
      </node>
      <node id="714">
        <label>device.hpp</label>
        <link refid="device_8hpp_source"/>
        <childnode refid="708" relation="include">
        </childnode>
      </node>
      <node id="712">
        <label>selector.hpp</label>
        <link refid="selector_8hpp_source"/>
        <childnode refid="705" relation="include">
        </childnode>
      </node>
      <node id="711">
        <label>rect.hpp</label>
        <link refid="rect_8hpp_source"/>
        <childnode refid="712" relation="include">
        </childnode>
        <childnode refid="707" relation="include">
        </childnode>
        <childnode refid="713" relation="include">
        </childnode>
      </node>
      <node id="703">
        <label>matrix.hpp</label>
        <link refid="matrix.hpp"/>
        <childnode refid="704" relation="include">
        </childnode>
        <childnode refid="709" relation="include">
        </childnode>
        <childnode refid="705" relation="include">
        </childnode>
      </node>
      <node id="705">
        <label>shape.hpp</label>
        <link refid="shape_8hpp_source"/>
        <childnode refid="706" relation="include">
        </childnode>
        <childnode refid="708" relation="include">
        </childnode>
      </node>
      <node id="706">
        <label>layer.hpp</label>
        <link refid="layer_8hpp_source"/>
        <childnode refid="707" relation="include">
        </childnode>
      </node>
      <node id="704">
        <label>adapter.hpp</label>
        <link refid="adapter_8hpp_source"/>
        <childnode refid="705" relation="include">
        </childnode>
      </node>
      <node id="708">
        <label>view.hpp</label>
        <link refid="view_8hpp_source"/>
      </node>
      <node id="713">
        <label>command.hpp</label>
        <link refid="command_8hpp_source"/>
      </node>
      <node id="707">
        <label>document.hpp</label>
        <link refid="document_8hpp_source"/>
        <childnode refid="708" relation="include">
        </childnode>
      </node>
      <node id="715">
        <label>edge.hpp</label>
        <link refid="edge_8hpp_source"/>
        <childnode refid="705" relation="include">
        </childnode>
      </node>
    </invincdepgraph>
    <innerclass refid="class_platy_v_g_element_1_1_matrix" prot="public">PlatyVGElement::Matrix</innerclass>
    <innernamespace refid="namespace_platy_v_g_element">PlatyVGElement</innernamespace>
    <briefdescription>
    </briefdescription>
    <detaileddescription>
    </detaileddescription>
    <programlisting>
<codeline lineno="1"><highlight class="preprocessor">#pragma<sp/>once</highlight><highlight class="normal"></highlight></codeline>
<codeline lineno="2"><highlight class="normal"></highlight><highlight class="preprocessor">#include<sp/>&lt;platyvg.hpp&gt;</highlight><highlight class="normal"></highlight></codeline>
<codeline lineno="3"><highlight class="normal"></highlight></codeline>
<codeline lineno="4"><highlight class="normal"></highlight><highlight class="keyword">namespace<sp/></highlight><highlight class="normal"><ref refid="namespace_platy_v_g_element" kindref="compound">PlatyVGElement</ref></highlight></codeline>
<codeline lineno="5"><highlight class="normal">{</highlight></codeline>
<codeline lineno="7" refid="class_platy_v_g_element_1_1_matrix" refkind="compound"><highlight class="normal"><sp/><sp/><sp/><sp/></highlight><highlight class="keyword">class<sp/></highlight><highlight class="normal"><ref refid="class_platy_v_g_element_1_1_matrix" kindref="compound">Matrix</ref></highlight></codeline>
<codeline lineno="8"><highlight class="normal"><sp/><sp/><sp/><sp/>{</highlight></codeline>
<codeline lineno="9"><highlight class="normal"><sp/><sp/><sp/><sp/></highlight><highlight class="keyword">public</highlight><highlight class="normal">:</highlight></codeline>
<codeline lineno="10"><highlight class="normal"><sp/><sp/><sp/><sp/><sp/><sp/><sp/><sp/><ref refid="class_platy_v_g_element_1_1_matrix" kindref="compound">Matrix</ref>();</highlight></codeline>
<codeline lineno="11"><highlight class="normal"><sp/><sp/><sp/><sp/><sp/><sp/><sp/><sp/><ref refid="class_platy_v_g_element_1_1_matrix" kindref="compound">Matrix</ref>(</highlight><highlight class="keyword">const</highlight><highlight class="normal"><sp/><ref refid="class_platy_v_g_element_1_1_matrix" kindref="compound">Matrix</ref>&amp;<sp/>rhs);</highlight></codeline>
<codeline lineno="12"><highlight class="normal"><sp/><sp/><sp/><sp/><sp/><sp/><sp/><sp/><ref refid="class_platy_v_g_element_1_1_matrix" kindref="compound">Matrix</ref>(</highlight><highlight class="keywordtype">float</highlight><highlight class="normal"><sp/>m11,<sp/></highlight><highlight class="keywordtype">float</highlight><highlight class="normal"><sp/>m12,<sp/></highlight><highlight class="keywordtype">float</highlight><highlight class="normal"><sp/>m21,<sp/></highlight><highlight class="keywordtype">float</highlight><highlight class="normal"><sp/>m22,<sp/></highlight><highlight class="keywordtype">float</highlight><highlight class="normal"><sp/>dx,<sp/></highlight><highlight class="keywordtype">float</highlight><highlight class="normal"><sp/>dy);</highlight></codeline>
<codeline lineno="13"><highlight class="normal"><sp/><sp/><sp/><sp/><sp/><sp/><sp/><sp/>~<ref refid="class_platy_v_g_element_1_1_matrix" kindref="compound">Matrix</ref>();</highlight></codeline>
<codeline lineno="14"><highlight class="normal"></highlight></codeline>
<codeline lineno="15"><highlight class="normal"><sp/><sp/><sp/><sp/><sp/><sp/><sp/><sp/><ref refid="class_platy_v_g_element_1_1_matrix" kindref="compound">Matrix</ref>&amp;<sp/>operator=(</highlight><highlight class="keyword">const</highlight><highlight class="normal"><sp/><ref refid="class_platy_v_g_element_1_1_matrix" kindref="compound">Matrix</ref>&amp;<sp/>rhs);</highlight></codeline>
<codeline lineno="16"><highlight class="normal"><sp/><sp/><sp/><sp/><sp/><sp/><sp/><sp/><ref refid="class_platy_v_g_element_1_1_matrix" kindref="compound">Matrix</ref>&amp;<sp/>operator*=(</highlight><highlight class="keyword">const</highlight><highlight class="normal"><sp/><ref refid="class_platy_v_g_element_1_1_matrix" kindref="compound">Matrix</ref>&amp;<sp/>rhs);</highlight></codeline>
<codeline lineno="17"><highlight class="normal"><sp/><sp/><sp/><sp/><sp/><sp/><sp/><sp/><ref refid="class_platy_v_g_element_1_1_matrix" kindref="compound">Matrix</ref><sp/>operator*(</highlight><highlight class="keyword">const</highlight><highlight class="normal"><sp/><ref refid="class_platy_v_g_element_1_1_matrix" kindref="compound">Matrix</ref>&amp;<sp/>rhs)<sp/></highlight><highlight class="keyword">const</highlight><highlight class="normal">;</highlight></codeline>
<codeline lineno="18"><highlight class="normal"></highlight></codeline>
<codeline lineno="19"><highlight class="normal"><sp/><sp/><sp/><sp/><sp/><sp/><sp/><sp/></highlight><highlight class="keywordtype">void</highlight><highlight class="normal"><sp/>AddOffset(</highlight><highlight class="keyword">const</highlight><highlight class="normal"><sp/></highlight><highlight class="keywordtype">float</highlight><highlight class="normal"><sp/>x,<sp/></highlight><highlight class="keyword">const</highlight><highlight class="normal"><sp/></highlight><highlight class="keywordtype">float</highlight><highlight class="normal"><sp/>y);</highlight></codeline>
<codeline lineno="20"><highlight class="normal"><sp/><sp/><sp/><sp/><sp/><sp/><sp/><sp/></highlight><highlight class="keywordtype">void</highlight><highlight class="normal"><sp/>AddRotate(</highlight><highlight class="keyword">const</highlight><highlight class="normal"><sp/></highlight><highlight class="keywordtype">float</highlight><highlight class="normal"><sp/>angle,<sp/></highlight><highlight class="keyword">const</highlight><highlight class="normal"><sp/></highlight><highlight class="keywordtype">float</highlight><highlight class="normal"><sp/>cx,<sp/></highlight><highlight class="keyword">const</highlight><highlight class="normal"><sp/></highlight><highlight class="keywordtype">float</highlight><highlight class="normal"><sp/>cy);</highlight></codeline>
<codeline lineno="21"><highlight class="normal"><sp/><sp/><sp/><sp/><sp/><sp/><sp/><sp/></highlight><highlight class="keywordtype">void</highlight><highlight class="normal"><sp/>AddScale(</highlight><highlight class="keyword">const</highlight><highlight class="normal"><sp/></highlight><highlight class="keywordtype">float</highlight><highlight class="normal"><sp/>w,<sp/></highlight><highlight class="keyword">const</highlight><highlight class="normal"><sp/></highlight><highlight class="keywordtype">float</highlight><highlight class="normal"><sp/>h,<sp/></highlight><highlight class="keyword">const</highlight><highlight class="normal"><sp/></highlight><highlight class="keywordtype">float</highlight><highlight class="normal"><sp/>cx,<sp/></highlight><highlight class="keyword">const</highlight><highlight class="normal"><sp/></highlight><highlight class="keywordtype">float</highlight><highlight class="normal"><sp/>cy);</highlight></codeline>
<codeline lineno="22"><highlight class="normal"><sp/><sp/><sp/><sp/><sp/><sp/><sp/><sp/></highlight><highlight class="keywordtype">void</highlight><highlight class="normal"><sp/>AddByTouch(</highlight><highlight class="keyword">const</highlight><highlight class="normal"><sp/></highlight><highlight class="keywordtype">float</highlight><highlight class="normal"><sp/>a1x,<sp/></highlight><highlight class="keyword">const</highlight><highlight class="normal"><sp/></highlight><highlight class="keywordtype">float</highlight><highlight class="normal"><sp/>a1y,<sp/></highlight><highlight class="keyword">const</highlight><highlight class="normal"><sp/></highlight><highlight class="keywordtype">float</highlight><highlight class="normal"><sp/>a2x,<sp/></highlight><highlight class="keyword">const</highlight><highlight class="normal"><sp/></highlight><highlight class="keywordtype">float</highlight><highlight class="normal"><sp/>a2y,</highlight></codeline>
<codeline lineno="23"><highlight class="normal"><sp/><sp/><sp/><sp/><sp/><sp/><sp/><sp/><sp/><sp/><sp/><sp/></highlight><highlight class="keyword">const</highlight><highlight class="normal"><sp/></highlight><highlight class="keywordtype">float</highlight><highlight class="normal"><sp/>b1x,<sp/></highlight><highlight class="keyword">const</highlight><highlight class="normal"><sp/></highlight><highlight class="keywordtype">float</highlight><highlight class="normal"><sp/>b1y,<sp/></highlight><highlight class="keyword">const</highlight><highlight class="normal"><sp/></highlight><highlight class="keywordtype">float</highlight><highlight class="normal"><sp/>b2x,<sp/></highlight><highlight class="keyword">const</highlight><highlight class="normal"><sp/></highlight><highlight class="keywordtype">float</highlight><highlight class="normal"><sp/>b2y);</highlight></codeline>
<codeline lineno="24"><highlight class="normal"></highlight></codeline>
<codeline lineno="25"><highlight class="normal"><sp/><sp/><sp/><sp/></highlight><highlight class="keyword">public</highlight><highlight class="normal">:</highlight></codeline>
<codeline lineno="26"><highlight class="normal"><sp/><sp/><sp/><sp/><sp/><sp/><sp/><sp/></highlight><highlight class="keywordtype">float</highlight><highlight class="normal"><sp/>m11;</highlight></codeline>
<codeline lineno="27"><highlight class="normal"><sp/><sp/><sp/><sp/><sp/><sp/><sp/><sp/></highlight><highlight class="keywordtype">float</highlight><highlight class="normal"><sp/>m12;</highlight></codeline>
<codeline lineno="28"><highlight class="normal"><sp/><sp/><sp/><sp/><sp/><sp/><sp/><sp/></highlight><highlight class="keywordtype">float</highlight><highlight class="normal"><sp/>m21;</highlight></codeline>
<codeline lineno="29"><highlight class="normal"><sp/><sp/><sp/><sp/><sp/><sp/><sp/><sp/></highlight><highlight class="keywordtype">float</highlight><highlight class="normal"><sp/>m22;</highlight></codeline>
<codeline lineno="30"><highlight class="normal"><sp/><sp/><sp/><sp/><sp/><sp/><sp/><sp/></highlight><highlight class="keywordtype">float</highlight><highlight class="normal"><sp/>dx;</highlight></codeline>
<codeline lineno="31"><highlight class="normal"><sp/><sp/><sp/><sp/><sp/><sp/><sp/><sp/></highlight><highlight class="keywordtype">float</highlight><highlight class="normal"><sp/>dy;</highlight></codeline>
<codeline lineno="32"><highlight class="normal"><sp/><sp/><sp/><sp/>};</highlight></codeline>
<codeline lineno="33"><highlight class="normal">}</highlight></codeline>
    </programlisting>
    <location file="C:/BonexData/BxProject/PlatyVG/source/element/matrix.hpp"/>
  </compounddef>
</doxygen>
