<?xml version='1.0' encoding='UTF-8' standalone='no'?>
<doxygen xmlns:xsi="http://www.w3.org/2001/XMLSchema-instance" xsi:noNamespaceSchemaLocation="compound.xsd" version="1.8.9.1">
  <compounddef id="memory_8cpp" kind="file" language="C++">
    <compoundname>memory.cpp</compoundname>
    <includes refid="memory_8hpp" local="yes">memory.hpp</includes>
    <incdepgraph>
      <node id="718">
        <label>memory.cpp</label>
        <link refid="memory.cpp"/>
        <childnode refid="719" relation="include">
        </childnode>
      </node>
      <node id="720">
        <label>../px/px.hpp</label>
        <link refid="px_8hpp_source"/>
      </node>
      <node id="719">
        <label>memory.hpp</label>
        <link refid="memory_8hpp_source"/>
        <childnode refid="720" relation="include">
        </childnode>
      </node>
    </incdepgraph>
    <innernamespace refid="namespace_px">Px</innernamespace>
      <sectiondef kind="define">
      <memberdef kind="define" id="memory_8cpp_1a4a1c38eacfd02b9442dae708f6cca4ae" prot="public" static="no">
        <name>PX_ALLOC</name>
        <param><defname>SIZE</defname></param>
        <initializer>malloc(SIZE)</initializer>
        <briefdescription>
        </briefdescription>
        <detaileddescription>
        </detaileddescription>
        <inbodydescription>
        </inbodydescription>
        <location file="C:/BonexData/BxProject/PlatyVG/source/px/memory.cpp" line="19" column="10" bodyfile="C:/BonexData/BxProject/PlatyVG/source/px/memory.cpp" bodystart="19" bodyend="-1"/>
      </memberdef>
      <memberdef kind="define" id="memory_8cpp_1a339dbdd8f83e691222d9edf2ce2c384c" prot="public" static="no">
        <name>PX_FREE</name>
        <param><defname>PTR</defname></param>
        <initializer>free((void*) PTR)</initializer>
        <briefdescription>
        </briefdescription>
        <detaileddescription>
        </detaileddescription>
        <inbodydescription>
        </inbodydescription>
        <location file="C:/BonexData/BxProject/PlatyVG/source/px/memory.cpp" line="20" column="10" bodyfile="C:/BonexData/BxProject/PlatyVG/source/px/memory.cpp" bodystart="20" bodyend="-1"/>
      </memberdef>
      <memberdef kind="define" id="memory_8cpp_1ae697427a157e32e8ae1d31baec431691" prot="public" static="no">
        <name>PX_MEMSET</name>
        <param><defname>DST</defname></param>
        <param><defname>VALUE</defname></param>
        <param><defname>SIZE</defname></param>
        <initializer>memset(DST, VALUE, SIZE)</initializer>
        <briefdescription>
        </briefdescription>
        <detaileddescription>
        </detaileddescription>
        <inbodydescription>
        </inbodydescription>
        <location file="C:/BonexData/BxProject/PlatyVG/source/px/memory.cpp" line="21" column="10" bodyfile="C:/BonexData/BxProject/PlatyVG/source/px/memory.cpp" bodystart="21" bodyend="-1"/>
      </memberdef>
      <memberdef kind="define" id="memory_8cpp_1a4fa26e8cb1dc86f4c55682202f9f6adc" prot="public" static="no">
        <name>PX_MEMCPY</name>
        <param><defname>DST</defname></param>
        <param><defname>SRC</defname></param>
        <param><defname>SIZE</defname></param>
        <initializer>memcpy(DST, SRC, SIZE)</initializer>
        <briefdescription>
        </briefdescription>
        <detaileddescription>
        </detaileddescription>
        <inbodydescription>
        </inbodydescription>
        <location file="C:/BonexData/BxProject/PlatyVG/source/px/memory.cpp" line="22" column="10" bodyfile="C:/BonexData/BxProject/PlatyVG/source/px/memory.cpp" bodystart="22" bodyend="-1"/>
      </memberdef>
      <memberdef kind="define" id="memory_8cpp_1aa22fab9c8f3d816907d464c7cc70c436" prot="public" static="no">
        <name>PX_MEMCMP</name>
        <param><defname>DST</defname></param>
        <param><defname>SRC</defname></param>
        <param><defname>SIZE</defname></param>
        <initializer>memcmp(DST, SRC, SIZE)</initializer>
        <briefdescription>
        </briefdescription>
        <detaileddescription>
        </detaileddescription>
        <inbodydescription>
        </inbodydescription>
        <location file="C:/BonexData/BxProject/PlatyVG/source/px/memory.cpp" line="23" column="10" bodyfile="C:/BonexData/BxProject/PlatyVG/source/px/memory.cpp" bodystart="23" bodyend="-1"/>
      </memberdef>
      </sectiondef>
      <sectiondef kind="func">
      <memberdef kind="function" id="memory_8cpp_1a54cc981edd405148ba514ea48706cddc" prot="public" static="no" const="no" explicit="no" inline="no" virt="non-virtual">
        <type>void *</type>
        <definition>void* malloc</definition>
        <argsstring>(ublock)</argsstring>
        <name>malloc</name>
        <param>
          <type>ublock</type>
        </param>
        <briefdescription>
        </briefdescription>
        <detaileddescription>
        </detaileddescription>
        <inbodydescription>
        </inbodydescription>
        <location file="C:/BonexData/BxProject/PlatyVG/source/px/memory.cpp" line="13" column="1"/>
      </memberdef>
      <memberdef kind="function" id="memory_8cpp_1af07d89f5ceaea0c7c8252cc41fd75f37" prot="public" static="no" const="no" explicit="no" inline="no" virt="non-virtual">
        <type>void</type>
        <definition>void free</definition>
        <argsstring>(void *)</argsstring>
        <name>free</name>
        <param>
          <type>void *</type>
        </param>
        <briefdescription>
        </briefdescription>
        <detaileddescription>
        </detaileddescription>
        <inbodydescription>
        </inbodydescription>
        <location file="C:/BonexData/BxProject/PlatyVG/source/px/memory.cpp" line="14" column="1"/>
      </memberdef>
      <memberdef kind="function" id="memory_8cpp_1abc24a12d4181bc41229db9405cca96c4" prot="public" static="no" const="no" explicit="no" inline="no" virt="non-virtual">
        <type>void *</type>
        <definition>void* memset</definition>
        <argsstring>(void *, sint32, ublock)</argsstring>
        <name>memset</name>
        <param>
          <type>void *</type>
        </param>
        <param>
          <type>sint32</type>
        </param>
        <param>
          <type>ublock</type>
        </param>
        <briefdescription>
        </briefdescription>
        <detaileddescription>
        </detaileddescription>
        <inbodydescription>
        </inbodydescription>
        <location file="C:/BonexData/BxProject/PlatyVG/source/px/memory.cpp" line="15" column="1"/>
      </memberdef>
      <memberdef kind="function" id="memory_8cpp_1a7eec74f9c4668b0a07519e0120a7d179" prot="public" static="no" const="no" explicit="no" inline="no" virt="non-virtual">
        <type>void *</type>
        <definition>void* memcpy</definition>
        <argsstring>(void *, const void *, ublock)</argsstring>
        <name>memcpy</name>
        <param>
          <type>void *</type>
        </param>
        <param>
          <type>const void *</type>
        </param>
        <param>
          <type>ublock</type>
        </param>
        <briefdescription>
        </briefdescription>
        <detaileddescription>
        </detaileddescription>
        <inbodydescription>
        </inbodydescription>
        <location file="C:/BonexData/BxProject/PlatyVG/source/px/memory.cpp" line="16" column="1"/>
      </memberdef>
      <memberdef kind="function" id="memory_8cpp_1a402dfc734430e08065c0c32afe1597df" prot="public" static="no" const="no" explicit="no" inline="no" virt="non-virtual">
        <type>sint32</type>
        <definition>sint32 memcmp</definition>
        <argsstring>(const void *, const void *, ublock)</argsstring>
        <name>memcmp</name>
        <param>
          <type>const void *</type>
        </param>
        <param>
          <type>const void *</type>
        </param>
        <param>
          <type>ublock</type>
        </param>
        <briefdescription>
        </briefdescription>
        <detaileddescription>
        </detaileddescription>
        <inbodydescription>
        </inbodydescription>
        <location file="C:/BonexData/BxProject/PlatyVG/source/px/memory.cpp" line="17" column="1"/>
      </memberdef>
      </sectiondef>
    <briefdescription>
    </briefdescription>
    <detaileddescription>
    </detaileddescription>
    <programlisting>
<codeline lineno="1"><highlight class="preprocessor">#include<sp/>&quot;memory.hpp&quot;</highlight><highlight class="normal"></highlight></codeline>
<codeline lineno="2"><highlight class="normal"></highlight></codeline>
<codeline lineno="3"><highlight class="normal"></highlight><highlight class="preprocessor">#ifdef<sp/>__BX_APPLICATION</highlight><highlight class="normal"></highlight></codeline>
<codeline lineno="4"><highlight class="normal"></highlight><highlight class="preprocessor"><sp/><sp/><sp/><sp/>#include<sp/>&lt;BxCore.hpp&gt;</highlight><highlight class="normal"></highlight></codeline>
<codeline lineno="5"><highlight class="normal"></highlight><highlight class="preprocessor"><sp/><sp/><sp/><sp/>#define<sp/>PX_ALLOC(SIZE)<sp/>BxCore::Util::Alloc(SIZE)</highlight><highlight class="normal"></highlight></codeline>
<codeline lineno="6"><highlight class="normal"></highlight><highlight class="preprocessor"><sp/><sp/><sp/><sp/>#define<sp/>PX_FREE(PTR)<sp/>BxCore::Util::Free(PTR)</highlight><highlight class="normal"></highlight></codeline>
<codeline lineno="7"><highlight class="normal"></highlight><highlight class="preprocessor"><sp/><sp/><sp/><sp/>#define<sp/>PX_MEMSET(DST,<sp/>VALUE,<sp/>SIZE)<sp/>BxCore::Util::MemSet(DST,<sp/>VALUE,<sp/>SIZE)</highlight><highlight class="normal"></highlight></codeline>
<codeline lineno="8"><highlight class="normal"></highlight><highlight class="preprocessor"><sp/><sp/><sp/><sp/>#define<sp/>PX_MEMCPY(DST,<sp/>SRC,<sp/>SIZE)<sp/>BxCore::Util::MemCpy(DST,<sp/>SRC,<sp/>SIZE)</highlight><highlight class="normal"></highlight></codeline>
<codeline lineno="9"><highlight class="normal"></highlight><highlight class="preprocessor"><sp/><sp/><sp/><sp/>#define<sp/>PX_MEMCMP(DST,<sp/>SRC,<sp/>SIZE)<sp/>BxCore::Util::MemCmp(DST,<sp/>SRC,<sp/>SIZE)</highlight><highlight class="normal"></highlight></codeline>
<codeline lineno="10"><highlight class="normal"></highlight><highlight class="preprocessor">#else</highlight><highlight class="normal"></highlight></codeline>
<codeline lineno="11"><highlight class="normal"><sp/><sp/><sp/><sp/></highlight><highlight class="keyword">extern</highlight><highlight class="normal"><sp/></highlight><highlight class="stringliteral">&quot;C&quot;</highlight><highlight class="normal"></highlight></codeline>
<codeline lineno="12"><highlight class="normal"><sp/><sp/><sp/><sp/>{</highlight></codeline>
<codeline lineno="13"><highlight class="normal"><sp/><sp/><sp/><sp/><sp/><sp/><sp/><sp/></highlight><highlight class="keyword">extern</highlight><highlight class="normal"><sp/></highlight><highlight class="keywordtype">void</highlight><highlight class="normal">*<sp/>malloc(ublock);</highlight></codeline>
<codeline lineno="14"><highlight class="normal"><sp/><sp/><sp/><sp/><sp/><sp/><sp/><sp/></highlight><highlight class="keyword">extern</highlight><highlight class="normal"><sp/></highlight><highlight class="keywordtype">void</highlight><highlight class="normal"><sp/>free(</highlight><highlight class="keywordtype">void</highlight><highlight class="normal">*);</highlight></codeline>
<codeline lineno="15"><highlight class="normal"><sp/><sp/><sp/><sp/><sp/><sp/><sp/><sp/></highlight><highlight class="keyword">extern</highlight><highlight class="normal"><sp/></highlight><highlight class="keywordtype">void</highlight><highlight class="normal">*<sp/>memset(</highlight><highlight class="keywordtype">void</highlight><highlight class="normal">*,<sp/>sint32,<sp/>ublock);</highlight></codeline>
<codeline lineno="16"><highlight class="normal"><sp/><sp/><sp/><sp/><sp/><sp/><sp/><sp/></highlight><highlight class="keyword">extern</highlight><highlight class="normal"><sp/></highlight><highlight class="keywordtype">void</highlight><highlight class="normal">*<sp/>memcpy(</highlight><highlight class="keywordtype">void</highlight><highlight class="normal">*,<sp/></highlight><highlight class="keyword">const</highlight><highlight class="normal"><sp/></highlight><highlight class="keywordtype">void</highlight><highlight class="normal">*,<sp/>ublock);</highlight></codeline>
<codeline lineno="17"><highlight class="normal"><sp/><sp/><sp/><sp/><sp/><sp/><sp/><sp/></highlight><highlight class="keyword">extern</highlight><highlight class="normal"><sp/>sint32<sp/>memcmp(</highlight><highlight class="keyword">const</highlight><highlight class="normal"><sp/></highlight><highlight class="keywordtype">void</highlight><highlight class="normal">*,<sp/></highlight><highlight class="keyword">const</highlight><highlight class="normal"><sp/></highlight><highlight class="keywordtype">void</highlight><highlight class="normal">*,<sp/>ublock);</highlight></codeline>
<codeline lineno="18"><highlight class="normal"><sp/><sp/><sp/><sp/>}</highlight></codeline>
<codeline lineno="19"><highlight class="normal"></highlight><highlight class="preprocessor"><sp/><sp/><sp/><sp/>#define<sp/>PX_ALLOC(SIZE)<sp/>malloc(SIZE)</highlight><highlight class="normal"></highlight></codeline>
<codeline lineno="20"><highlight class="normal"></highlight><highlight class="preprocessor"><sp/><sp/><sp/><sp/>#define<sp/>PX_FREE(PTR)<sp/>free((void*)<sp/>PTR)</highlight><highlight class="normal"></highlight></codeline>
<codeline lineno="21"><highlight class="normal"></highlight><highlight class="preprocessor"><sp/><sp/><sp/><sp/>#define<sp/>PX_MEMSET(DST,<sp/>VALUE,<sp/>SIZE)<sp/>memset(DST,<sp/>VALUE,<sp/>SIZE)</highlight><highlight class="normal"></highlight></codeline>
<codeline lineno="22"><highlight class="normal"></highlight><highlight class="preprocessor"><sp/><sp/><sp/><sp/>#define<sp/>PX_MEMCPY(DST,<sp/>SRC,<sp/>SIZE)<sp/>memcpy(DST,<sp/>SRC,<sp/>SIZE)</highlight><highlight class="normal"></highlight></codeline>
<codeline lineno="23"><highlight class="normal"></highlight><highlight class="preprocessor"><sp/><sp/><sp/><sp/>#define<sp/>PX_MEMCMP(DST,<sp/>SRC,<sp/>SIZE)<sp/>memcmp(DST,<sp/>SRC,<sp/>SIZE)</highlight><highlight class="normal"></highlight></codeline>
<codeline lineno="24"><highlight class="normal"></highlight><highlight class="preprocessor">#endif</highlight><highlight class="normal"></highlight></codeline>
<codeline lineno="25"><highlight class="normal"></highlight></codeline>
<codeline lineno="26"><highlight class="normal"></highlight><highlight class="keyword">namespace<sp/></highlight><highlight class="normal"><ref refid="namespace_px" kindref="compound">Px</ref></highlight></codeline>
<codeline lineno="27"><highlight class="normal">{</highlight></codeline>
<codeline lineno="28"><highlight class="normal"><sp/><sp/><sp/><sp/></highlight><highlight class="keywordtype">void</highlight><highlight class="normal">*<sp/><ref refid="class_px_1_1_memory_1aa03ce8f24965e7ab7b71b8ef18b9c705" kindref="member">Memory::Alloc</ref>(</highlight><highlight class="keyword">const</highlight><highlight class="normal"><sp/>sint32<sp/>size)</highlight></codeline>
<codeline lineno="29"><highlight class="normal"><sp/><sp/><sp/><sp/>{</highlight></codeline>
<codeline lineno="30"><highlight class="normal"><sp/><sp/><sp/><sp/><sp/><sp/><sp/><sp/></highlight><highlight class="keywordflow">return</highlight><highlight class="normal"><sp/>PX_ALLOC(size);</highlight></codeline>
<codeline lineno="31"><highlight class="normal"><sp/><sp/><sp/><sp/>}</highlight></codeline>
<codeline lineno="32"><highlight class="normal"></highlight></codeline>
<codeline lineno="33"><highlight class="normal"><sp/><sp/><sp/><sp/></highlight><highlight class="keywordtype">void</highlight><highlight class="normal"><sp/><ref refid="class_px_1_1_memory_1a988759ffc0914bc9368f37770c422d4b" kindref="member">Memory::Free</ref>(</highlight><highlight class="keyword">const</highlight><highlight class="normal"><sp/></highlight><highlight class="keywordtype">void</highlight><highlight class="normal">*<sp/>ptr)</highlight></codeline>
<codeline lineno="34"><highlight class="normal"><sp/><sp/><sp/><sp/>{</highlight></codeline>
<codeline lineno="35"><highlight class="normal"><sp/><sp/><sp/><sp/><sp/><sp/><sp/><sp/>PX_FREE(ptr);</highlight></codeline>
<codeline lineno="36"><highlight class="normal"><sp/><sp/><sp/><sp/>}</highlight></codeline>
<codeline lineno="37"><highlight class="normal"></highlight></codeline>
<codeline lineno="38"><highlight class="normal"><sp/><sp/><sp/><sp/></highlight><highlight class="keywordtype">void</highlight><highlight class="normal"><sp/><ref refid="class_px_1_1_memory_1acf2dccecbd6043c2a717b94ac67c12a8" kindref="member">Memory::Set</ref>(</highlight><highlight class="keywordtype">void</highlight><highlight class="normal">*<sp/>ptr,<sp/></highlight><highlight class="keyword">const</highlight><highlight class="normal"><sp/>uint08<sp/>value,<sp/></highlight><highlight class="keyword">const</highlight><highlight class="normal"><sp/>sint32<sp/>size)</highlight></codeline>
<codeline lineno="39"><highlight class="normal"><sp/><sp/><sp/><sp/>{</highlight></codeline>
<codeline lineno="40"><highlight class="normal"><sp/><sp/><sp/><sp/><sp/><sp/><sp/><sp/>PX_MEMSET(ptr,<sp/>value,<sp/>size);</highlight></codeline>
<codeline lineno="41"><highlight class="normal"><sp/><sp/><sp/><sp/>}</highlight></codeline>
<codeline lineno="42"><highlight class="normal"></highlight></codeline>
<codeline lineno="43"><highlight class="normal"><sp/><sp/><sp/><sp/></highlight><highlight class="keywordtype">void</highlight><highlight class="normal"><sp/><ref refid="class_px_1_1_memory_1af9691b1a34d8e8e4d5bfe312a19de938" kindref="member">Memory::Copy</ref>(</highlight><highlight class="keywordtype">void</highlight><highlight class="normal">*<sp/>dst,<sp/></highlight><highlight class="keyword">const</highlight><highlight class="normal"><sp/></highlight><highlight class="keywordtype">void</highlight><highlight class="normal">*<sp/>src,<sp/></highlight><highlight class="keyword">const</highlight><highlight class="normal"><sp/>sint32<sp/>size)</highlight></codeline>
<codeline lineno="44"><highlight class="normal"><sp/><sp/><sp/><sp/>{</highlight></codeline>
<codeline lineno="45"><highlight class="normal"><sp/><sp/><sp/><sp/><sp/><sp/><sp/><sp/>PX_MEMCPY(dst,<sp/>src,<sp/>size);</highlight></codeline>
<codeline lineno="46"><highlight class="normal"><sp/><sp/><sp/><sp/>}</highlight></codeline>
<codeline lineno="47"><highlight class="normal"></highlight></codeline>
<codeline lineno="48"><highlight class="normal"><sp/><sp/><sp/><sp/>sint32<sp/><ref refid="class_px_1_1_memory_1ae5a6062d9de8d4565fe00b02cd42cc92" kindref="member">Memory::Compare</ref>(</highlight><highlight class="keyword">const</highlight><highlight class="normal"><sp/></highlight><highlight class="keywordtype">void</highlight><highlight class="normal">*<sp/>dst,<sp/></highlight><highlight class="keyword">const</highlight><highlight class="normal"><sp/></highlight><highlight class="keywordtype">void</highlight><highlight class="normal">*<sp/>src,<sp/></highlight><highlight class="keyword">const</highlight><highlight class="normal"><sp/>sint32<sp/>size)</highlight></codeline>
<codeline lineno="49"><highlight class="normal"><sp/><sp/><sp/><sp/>{</highlight></codeline>
<codeline lineno="50"><highlight class="normal"><sp/><sp/><sp/><sp/><sp/><sp/><sp/><sp/></highlight><highlight class="keywordflow">return</highlight><highlight class="normal"><sp/>PX_MEMCMP(dst,<sp/>src,<sp/>size);</highlight></codeline>
<codeline lineno="51"><highlight class="normal"><sp/><sp/><sp/><sp/>}</highlight></codeline>
<codeline lineno="52"><highlight class="normal">}</highlight></codeline>
    </programlisting>
    <location file="C:/BonexData/BxProject/PlatyVG/source/px/memory.cpp"/>
  </compounddef>
</doxygen>
