<?xml version='1.0' encoding='UTF-8' standalone='no'?>
<doxygen xmlns:xsi="http://www.w3.org/2001/XMLSchema-instance" xsi:noNamespaceSchemaLocation="compound.xsd" version="1.8.9.1">
  <compounddef id="parser_8cpp" kind="file" language="C++">
    <compoundname>parser.cpp</compoundname>
    <includes refid="parser_8hpp" local="yes">parser.hpp</includes>
    <includes refid="memory_8hpp" local="yes">../px/memory.hpp</includes>
    <incdepgraph>
      <node id="786">
        <label>parser.hpp</label>
        <link refid="parser_8hpp_source"/>
        <childnode refid="787" relation="include">
        </childnode>
      </node>
      <node id="790">
        <label>../px/buffer.hpp</label>
        <link refid="buffer_8hpp_source"/>
        <childnode refid="791" relation="include">
        </childnode>
      </node>
      <node id="785">
        <label>parser.cpp</label>
        <link refid="parser.cpp"/>
        <childnode refid="786" relation="include">
        </childnode>
        <childnode refid="791" relation="include">
        </childnode>
      </node>
      <node id="792">
        <label>../px/px.hpp</label>
        <link refid="px_8hpp_source"/>
      </node>
      <node id="787">
        <label>../px/string.hpp</label>
        <link refid="string_8hpp_source"/>
        <childnode refid="788" relation="include">
        </childnode>
      </node>
      <node id="791">
        <label>../px/memory.hpp</label>
        <link refid="memory_8hpp_source"/>
        <childnode refid="792" relation="include">
        </childnode>
      </node>
      <node id="788">
        <label>../px/array.hpp</label>
        <link refid="array_8hpp_source"/>
        <childnode refid="789" relation="include">
        </childnode>
      </node>
      <node id="789">
        <label>../px/share.hpp</label>
        <link refid="share_8hpp_source"/>
        <childnode refid="790" relation="include">
        </childnode>
      </node>
    </incdepgraph>
    <innernamespace refid="namespace_px">Px</innernamespace>
    <briefdescription>
    </briefdescription>
    <detaileddescription>
    </detaileddescription>
    <programlisting>
<codeline lineno="1"><highlight class="preprocessor">#include<sp/>&quot;parser.hpp&quot;</highlight><highlight class="normal"></highlight></codeline>
<codeline lineno="2"><highlight class="normal"></highlight><highlight class="preprocessor">#include<sp/>&quot;../px/memory.hpp&quot;</highlight><highlight class="normal"></highlight></codeline>
<codeline lineno="3"><highlight class="normal"></highlight></codeline>
<codeline lineno="4"><highlight class="normal"></highlight><highlight class="keyword">namespace<sp/></highlight><highlight class="normal"><ref refid="namespace_px" kindref="compound">Px</ref></highlight></codeline>
<codeline lineno="5"><highlight class="normal">{</highlight></codeline>
<codeline lineno="6"><highlight class="normal"><sp/><sp/><sp/><sp/>Parser::Tag::Tag(</highlight><highlight class="keyword">const</highlight><highlight class="normal"><sp/><ref refid="class_px_1_1_string" kindref="compound">String</ref><sp/>key)<sp/>:<sp/>key(key)</highlight></codeline>
<codeline lineno="7"><highlight class="normal"><sp/><sp/><sp/><sp/>{</highlight></codeline>
<codeline lineno="8"><highlight class="normal"><sp/><sp/><sp/><sp/><sp/><sp/><sp/><sp/>PX_ASSERT(</highlight><highlight class="stringliteral">&quot;검색키의<sp/>길이가<sp/>0입니다&quot;</highlight><highlight class="normal">,<sp/>0<sp/>&lt;<sp/>key.<ref refid="class_px_1_1_string_1abc000093830a711318247017aee2a8cd" kindref="member">Length</ref>());</highlight></codeline>
<codeline lineno="9"><highlight class="normal"><sp/><sp/><sp/><sp/><sp/><sp/><sp/><sp/>Memory::Set(map,<sp/>0,<sp/></highlight><highlight class="keyword">sizeof</highlight><highlight class="normal">(sint32)<sp/>*<sp/>256);</highlight></codeline>
<codeline lineno="10"><highlight class="normal"></highlight></codeline>
<codeline lineno="11"><highlight class="normal"><sp/><sp/><sp/><sp/><sp/><sp/><sp/><sp/>sint32<sp/>Focus<sp/>=<sp/>0;</highlight></codeline>
<codeline lineno="12"><highlight class="normal"><sp/><sp/><sp/><sp/><sp/><sp/><sp/><sp/></highlight><highlight class="keywordflow">while</highlight><highlight class="normal">(key[++Focus])</highlight></codeline>
<codeline lineno="13"><highlight class="normal"><sp/><sp/><sp/><sp/><sp/><sp/><sp/><sp/><sp/><sp/><sp/><sp/>map[(sint32)<sp/>key[Focus<sp/>-<sp/>1]]<sp/>=<sp/>Focus;</highlight></codeline>
<codeline lineno="14"><highlight class="normal"></highlight></codeline>
<codeline lineno="15"><highlight class="normal"><sp/><sp/><sp/><sp/><sp/><sp/><sp/><sp/></highlight><highlight class="keywordflow">for</highlight><highlight class="normal">(sint32<sp/>i<sp/>=<sp/>0;<sp/>i<sp/>&lt;<sp/>256;<sp/>++i)</highlight></codeline>
<codeline lineno="16"><highlight class="normal"><sp/><sp/><sp/><sp/><sp/><sp/><sp/><sp/><sp/><sp/><sp/><sp/>map[i]<sp/>=<sp/>Focus<sp/>-<sp/>map[i];</highlight></codeline>
<codeline lineno="17"><highlight class="normal"><sp/><sp/><sp/><sp/>}</highlight></codeline>
<codeline lineno="18"><highlight class="normal"></highlight></codeline>
<codeline lineno="19"><highlight class="normal"><sp/><sp/><sp/><sp/>Parser::Tag::~Tag()</highlight></codeline>
<codeline lineno="20"><highlight class="normal"><sp/><sp/><sp/><sp/>{</highlight></codeline>
<codeline lineno="21"><highlight class="normal"><sp/><sp/><sp/><sp/>}</highlight></codeline>
<codeline lineno="22"><highlight class="normal"></highlight></codeline>
<codeline lineno="23"><highlight class="normal"><sp/><sp/><sp/><sp/>Parser::Parser(</highlight><highlight class="keyword">const</highlight><highlight class="normal"><sp/><ref refid="class_px_1_1_string" kindref="compound">String</ref><sp/>pool)<sp/>:<sp/>pool(pool)</highlight></codeline>
<codeline lineno="24"><highlight class="normal"><sp/><sp/><sp/><sp/>{</highlight></codeline>
<codeline lineno="25"><highlight class="normal"><sp/><sp/><sp/><sp/><sp/><sp/><sp/><sp/>offset<sp/>=<sp/>0;</highlight></codeline>
<codeline lineno="26"><highlight class="normal"><sp/><sp/><sp/><sp/>}</highlight></codeline>
<codeline lineno="27"><highlight class="normal"></highlight></codeline>
<codeline lineno="28"><highlight class="normal"><sp/><sp/><sp/><sp/>Parser::~Parser()</highlight></codeline>
<codeline lineno="29"><highlight class="normal"><sp/><sp/><sp/><sp/>{</highlight></codeline>
<codeline lineno="30"><highlight class="normal"><sp/><sp/><sp/><sp/>}</highlight></codeline>
<codeline lineno="31"><highlight class="normal"></highlight></codeline>
<codeline lineno="32"><highlight class="normal"><sp/><sp/><sp/><sp/></highlight><highlight class="keyword">const</highlight><highlight class="normal"><sp/></highlight><highlight class="keywordtype">bool</highlight><highlight class="normal"><sp/>Parser::SeekOf(</highlight><highlight class="keyword">const</highlight><highlight class="normal"><sp/>Tag&amp;<sp/>tag)</highlight></codeline>
<codeline lineno="33"><highlight class="normal"><sp/><sp/><sp/><sp/>{</highlight></codeline>
<codeline lineno="34"><highlight class="normal"><sp/><sp/><sp/><sp/><sp/><sp/><sp/><sp/></highlight><highlight class="keyword">const</highlight><highlight class="normal"><sp/>sint32<sp/>KeyLen<sp/>=<sp/>tag.map[0];</highlight></codeline>
<codeline lineno="35"><highlight class="normal"><sp/><sp/><sp/><sp/><sp/><sp/><sp/><sp/></highlight><highlight class="keyword">const</highlight><highlight class="normal"><sp/>sint08<sp/>KeyTail<sp/>=<sp/>tag.key[KeyLen<sp/>-<sp/>1];</highlight></codeline>
<codeline lineno="36"><highlight class="normal"><sp/><sp/><sp/><sp/><sp/><sp/><sp/><sp/></highlight><highlight class="keywordflow">for</highlight><highlight class="normal">(sint32<sp/>i<sp/>=<sp/>offset<sp/>+<sp/>KeyLen<sp/>-<sp/>1,<sp/>iend<sp/>=<sp/>pool.Length();<sp/>i<sp/>&lt;<sp/>iend;<sp/>i<sp/>+=<sp/>tag.map[pool[i]<sp/>&amp;<sp/>0xFF])</highlight></codeline>
<codeline lineno="37"><highlight class="normal"><sp/><sp/><sp/><sp/><sp/><sp/><sp/><sp/>{</highlight></codeline>
<codeline lineno="38"><highlight class="normal"><sp/><sp/><sp/><sp/><sp/><sp/><sp/><sp/><sp/><sp/><sp/><sp/></highlight><highlight class="keywordflow">if</highlight><highlight class="normal">(pool[i]<sp/>!=<sp/>KeyTail)<sp/></highlight><highlight class="keywordflow">continue</highlight><highlight class="normal">;</highlight></codeline>
<codeline lineno="39"><highlight class="normal"><sp/><sp/><sp/><sp/><sp/><sp/><sp/><sp/><sp/><sp/><sp/><sp/></highlight><highlight class="keywordflow">if</highlight><highlight class="normal">(!tag.key.Compare(pool,<sp/>i<sp/>+<sp/>1<sp/>-<sp/>KeyLen))</highlight></codeline>
<codeline lineno="40"><highlight class="normal"><sp/><sp/><sp/><sp/><sp/><sp/><sp/><sp/><sp/><sp/><sp/><sp/>{</highlight></codeline>
<codeline lineno="41"><highlight class="normal"><sp/><sp/><sp/><sp/><sp/><sp/><sp/><sp/><sp/><sp/><sp/><sp/><sp/><sp/><sp/><sp/>offset<sp/>=<sp/>i<sp/>+<sp/>1;</highlight></codeline>
<codeline lineno="42"><highlight class="normal"><sp/><sp/><sp/><sp/><sp/><sp/><sp/><sp/><sp/><sp/><sp/><sp/><sp/><sp/><sp/><sp/></highlight><highlight class="keywordflow">return</highlight><highlight class="normal"><sp/></highlight><highlight class="keyword">true</highlight><highlight class="normal">;</highlight></codeline>
<codeline lineno="43"><highlight class="normal"><sp/><sp/><sp/><sp/><sp/><sp/><sp/><sp/><sp/><sp/><sp/><sp/>}</highlight></codeline>
<codeline lineno="44"><highlight class="normal"><sp/><sp/><sp/><sp/><sp/><sp/><sp/><sp/>}</highlight></codeline>
<codeline lineno="45"><highlight class="normal"><sp/><sp/><sp/><sp/><sp/><sp/><sp/><sp/></highlight><highlight class="keywordflow">return</highlight><highlight class="normal"><sp/></highlight><highlight class="keyword">false</highlight><highlight class="normal">;</highlight></codeline>
<codeline lineno="46"><highlight class="normal"><sp/><sp/><sp/><sp/>}</highlight></codeline>
<codeline lineno="47"><highlight class="normal"></highlight></codeline>
<codeline lineno="48"><highlight class="normal"><sp/><sp/><sp/><sp/></highlight><highlight class="keyword">const</highlight><highlight class="normal"><sp/>sint32<sp/>Parser::ReadInt()</highlight></codeline>
<codeline lineno="49"><highlight class="normal"><sp/><sp/><sp/><sp/>{</highlight></codeline>
<codeline lineno="50"><highlight class="normal"><sp/><sp/><sp/><sp/><sp/><sp/><sp/><sp/>sint32<sp/>MinusFlug<sp/>=<sp/>1;</highlight></codeline>
<codeline lineno="51"><highlight class="normal"><sp/><sp/><sp/><sp/><sp/><sp/><sp/><sp/></highlight><highlight class="keywordflow">if</highlight><highlight class="normal">(pool[offset]<sp/>==<sp/></highlight><highlight class="charliteral">&apos;+&apos;</highlight><highlight class="normal">)<sp/>{++offset;}</highlight></codeline>
<codeline lineno="52"><highlight class="normal"><sp/><sp/><sp/><sp/><sp/><sp/><sp/><sp/></highlight><highlight class="keywordflow">else</highlight><highlight class="normal"><sp/></highlight><highlight class="keywordflow">if</highlight><highlight class="normal">(pool[offset]<sp/>==<sp/></highlight><highlight class="charliteral">&apos;-&apos;</highlight><highlight class="normal">)<sp/>{++offset;<sp/>MinusFlug<sp/>=<sp/>-1;}</highlight></codeline>
<codeline lineno="53"><highlight class="normal"></highlight></codeline>
<codeline lineno="54"><highlight class="normal"><sp/><sp/><sp/><sp/><sp/><sp/><sp/><sp/>sint32<sp/>Value<sp/>=<sp/>0;</highlight></codeline>
<codeline lineno="55"><highlight class="normal"><sp/><sp/><sp/><sp/><sp/><sp/><sp/><sp/>sint08<sp/>OneChar<sp/>=<sp/>pool[offset];</highlight></codeline>
<codeline lineno="56"><highlight class="normal"><sp/><sp/><sp/><sp/><sp/><sp/><sp/><sp/></highlight><highlight class="keywordflow">while</highlight><highlight class="normal">(</highlight><highlight class="charliteral">&apos;0&apos;</highlight><highlight class="normal"><sp/>&lt;=<sp/>OneChar<sp/>&amp;&amp;<sp/>OneChar<sp/>&lt;=<sp/></highlight><highlight class="charliteral">&apos;9&apos;</highlight><highlight class="normal">)</highlight></codeline>
<codeline lineno="57"><highlight class="normal"><sp/><sp/><sp/><sp/><sp/><sp/><sp/><sp/>{</highlight></codeline>
<codeline lineno="58"><highlight class="normal"><sp/><sp/><sp/><sp/><sp/><sp/><sp/><sp/><sp/><sp/><sp/><sp/>Value<sp/>=<sp/>Value<sp/>*<sp/>10<sp/>+<sp/>OneChar<sp/>-<sp/></highlight><highlight class="charliteral">&apos;0&apos;</highlight><highlight class="normal">;</highlight></codeline>
<codeline lineno="59"><highlight class="normal"><sp/><sp/><sp/><sp/><sp/><sp/><sp/><sp/><sp/><sp/><sp/><sp/>OneChar<sp/>=<sp/>pool[++offset];</highlight></codeline>
<codeline lineno="60"><highlight class="normal"><sp/><sp/><sp/><sp/><sp/><sp/><sp/><sp/>}</highlight></codeline>
<codeline lineno="61"><highlight class="normal"><sp/><sp/><sp/><sp/><sp/><sp/><sp/><sp/></highlight><highlight class="keywordflow">return</highlight><highlight class="normal"><sp/>Value<sp/>*<sp/>MinusFlug;</highlight></codeline>
<codeline lineno="62"><highlight class="normal"><sp/><sp/><sp/><sp/>}</highlight></codeline>
<codeline lineno="63"><highlight class="normal"></highlight></codeline>
<codeline lineno="64"><highlight class="normal"><sp/><sp/><sp/><sp/></highlight><highlight class="keyword">const</highlight><highlight class="normal"><sp/><ref refid="class_px_1_1_array" kindref="compound">sint32s</ref><sp/>Parser::ReadInts(</highlight><highlight class="keyword">const</highlight><highlight class="normal"><sp/>sint08<sp/>separator,<sp/></highlight><highlight class="keyword">const</highlight><highlight class="normal"><sp/>sint08<sp/>endmark)</highlight></codeline>
<codeline lineno="65"><highlight class="normal"><sp/><sp/><sp/><sp/>{</highlight></codeline>
<codeline lineno="66"><highlight class="normal"><sp/><sp/><sp/><sp/><sp/><sp/><sp/><sp/><ref refid="class_px_1_1_array" kindref="compound">sint32s</ref><sp/>Collector;</highlight></codeline>
<codeline lineno="67"><highlight class="normal"><sp/><sp/><sp/><sp/><sp/><sp/><sp/><sp/></highlight><highlight class="keywordflow">do</highlight><highlight class="normal"></highlight></codeline>
<codeline lineno="68"><highlight class="normal"><sp/><sp/><sp/><sp/><sp/><sp/><sp/><sp/>{</highlight></codeline>
<codeline lineno="69"><highlight class="normal"><sp/><sp/><sp/><sp/><sp/><sp/><sp/><sp/><sp/><sp/><sp/><sp/>Collector.<ref refid="class_px_1_1_array_1a16683d7ddd43efcf9334d094bfcfc749" kindref="member">AtAdding</ref>()<sp/>=<sp/>ReadInt();</highlight></codeline>
<codeline lineno="70"><highlight class="normal"><sp/><sp/><sp/><sp/><sp/><sp/><sp/><sp/><sp/><sp/><sp/><sp/>sint08<sp/>OneChar<sp/>=<sp/>pool[offset];</highlight></codeline>
<codeline lineno="71"><highlight class="normal"><sp/><sp/><sp/><sp/><sp/><sp/><sp/><sp/><sp/><sp/><sp/><sp/></highlight><highlight class="keywordflow">while</highlight><highlight class="normal">(OneChar<sp/>==<sp/>separator</highlight></codeline>
<codeline lineno="72"><highlight class="normal"><sp/><sp/><sp/><sp/><sp/><sp/><sp/><sp/><sp/><sp/><sp/><sp/><sp/><sp/><sp/><sp/>||<sp/>OneChar<sp/>==<sp/></highlight><highlight class="charliteral">&apos;<sp/>&apos;</highlight><highlight class="normal"><sp/>||<sp/>OneChar<sp/>==<sp/></highlight><highlight class="charliteral">&apos;\t&apos;</highlight><highlight class="normal"></highlight></codeline>
<codeline lineno="73"><highlight class="normal"><sp/><sp/><sp/><sp/><sp/><sp/><sp/><sp/><sp/><sp/><sp/><sp/><sp/><sp/><sp/><sp/>||<sp/>OneChar<sp/>==<sp/></highlight><highlight class="charliteral">&apos;\r&apos;</highlight><highlight class="normal"><sp/>||<sp/>OneChar<sp/>==<sp/></highlight><highlight class="charliteral">&apos;\n&apos;</highlight><highlight class="normal">)</highlight></codeline>
<codeline lineno="74"><highlight class="normal"><sp/><sp/><sp/><sp/><sp/><sp/><sp/><sp/><sp/><sp/><sp/><sp/><sp/><sp/><sp/><sp/>OneChar<sp/>=<sp/>pool[++offset];</highlight></codeline>
<codeline lineno="75"><highlight class="normal"><sp/><sp/><sp/><sp/><sp/><sp/><sp/><sp/>}</highlight></codeline>
<codeline lineno="76"><highlight class="normal"><sp/><sp/><sp/><sp/><sp/><sp/><sp/><sp/></highlight><highlight class="keywordflow">while</highlight><highlight class="normal">(pool[offset]<sp/>!=<sp/>endmark<sp/>&amp;&amp;<sp/>pool[offset]<sp/>!=<sp/></highlight><highlight class="charliteral">&apos;\0&apos;</highlight><highlight class="normal">);</highlight></codeline>
<codeline lineno="77"><highlight class="normal"><sp/><sp/><sp/><sp/><sp/><sp/><sp/><sp/></highlight><highlight class="keywordflow">return</highlight><highlight class="normal"><sp/>Collector;</highlight></codeline>
<codeline lineno="78"><highlight class="normal"><sp/><sp/><sp/><sp/>}</highlight></codeline>
<codeline lineno="79"><highlight class="normal"></highlight></codeline>
<codeline lineno="80"><highlight class="normal"><sp/><sp/><sp/><sp/></highlight><highlight class="keyword">const</highlight><highlight class="normal"><sp/></highlight><highlight class="keywordtype">float</highlight><highlight class="normal"><sp/>Parser::ReadFloat()</highlight></codeline>
<codeline lineno="81"><highlight class="normal"><sp/><sp/><sp/><sp/>{</highlight></codeline>
<codeline lineno="82"><highlight class="normal"><sp/><sp/><sp/><sp/><sp/><sp/><sp/><sp/></highlight><highlight class="keywordtype">float</highlight><highlight class="normal"><sp/>MinusFlug<sp/>=<sp/>1;</highlight></codeline>
<codeline lineno="83"><highlight class="normal"><sp/><sp/><sp/><sp/><sp/><sp/><sp/><sp/></highlight><highlight class="keywordflow">if</highlight><highlight class="normal">(pool[offset]<sp/>==<sp/></highlight><highlight class="charliteral">&apos;+&apos;</highlight><highlight class="normal">)<sp/>{++offset;}</highlight></codeline>
<codeline lineno="84"><highlight class="normal"><sp/><sp/><sp/><sp/><sp/><sp/><sp/><sp/></highlight><highlight class="keywordflow">else</highlight><highlight class="normal"><sp/></highlight><highlight class="keywordflow">if</highlight><highlight class="normal">(pool[offset]<sp/>==<sp/></highlight><highlight class="charliteral">&apos;-&apos;</highlight><highlight class="normal">)<sp/>{++offset;<sp/>MinusFlug<sp/>=<sp/>-1;}</highlight></codeline>
<codeline lineno="85"><highlight class="normal"></highlight></codeline>
<codeline lineno="86"><highlight class="normal"><sp/><sp/><sp/><sp/><sp/><sp/><sp/><sp/>sint32<sp/>Value<sp/>=<sp/>0,<sp/>DecimalLevel<sp/>=<sp/>0;</highlight></codeline>
<codeline lineno="87"><highlight class="normal"><sp/><sp/><sp/><sp/><sp/><sp/><sp/><sp/></highlight><highlight class="keywordtype">float</highlight><highlight class="normal"><sp/>Decimal<sp/>=<sp/>0;</highlight></codeline>
<codeline lineno="88"><highlight class="normal"><sp/><sp/><sp/><sp/><sp/><sp/><sp/><sp/>sint08<sp/>OneChar<sp/>=<sp/>pool[offset];</highlight></codeline>
<codeline lineno="89"><highlight class="normal"><sp/><sp/><sp/><sp/><sp/><sp/><sp/><sp/></highlight><highlight class="keywordflow">while</highlight><highlight class="normal">(</highlight><highlight class="charliteral">&apos;0&apos;</highlight><highlight class="normal"><sp/>&lt;=<sp/>OneChar<sp/>&amp;&amp;<sp/>OneChar<sp/>&lt;=<sp/></highlight><highlight class="charliteral">&apos;9&apos;</highlight><highlight class="normal">)</highlight></codeline>
<codeline lineno="90"><highlight class="normal"><sp/><sp/><sp/><sp/><sp/><sp/><sp/><sp/>{</highlight></codeline>
<codeline lineno="91"><highlight class="normal"><sp/><sp/><sp/><sp/><sp/><sp/><sp/><sp/><sp/><sp/><sp/><sp/></highlight><highlight class="keywordflow">if</highlight><highlight class="normal">(0<sp/>&lt;<sp/>DecimalLevel)</highlight></codeline>
<codeline lineno="92"><highlight class="normal"><sp/><sp/><sp/><sp/><sp/><sp/><sp/><sp/><sp/><sp/><sp/><sp/>{</highlight></codeline>
<codeline lineno="93"><highlight class="normal"><sp/><sp/><sp/><sp/><sp/><sp/><sp/><sp/><sp/><sp/><sp/><sp/><sp/><sp/><sp/><sp/>DecimalLevel<sp/>*=<sp/>10;</highlight></codeline>
<codeline lineno="94"><highlight class="normal"><sp/><sp/><sp/><sp/><sp/><sp/><sp/><sp/><sp/><sp/><sp/><sp/><sp/><sp/><sp/><sp/>Decimal<sp/>+=<sp/>(OneChar<sp/>-<sp/></highlight><highlight class="charliteral">&apos;0&apos;</highlight><highlight class="normal">)<sp/>/<sp/>(</highlight><highlight class="keywordtype">float</highlight><highlight class="normal">)<sp/>DecimalLevel;</highlight></codeline>
<codeline lineno="95"><highlight class="normal"><sp/><sp/><sp/><sp/><sp/><sp/><sp/><sp/><sp/><sp/><sp/><sp/>}</highlight></codeline>
<codeline lineno="96"><highlight class="normal"><sp/><sp/><sp/><sp/><sp/><sp/><sp/><sp/><sp/><sp/><sp/><sp/></highlight><highlight class="keywordflow">else</highlight><highlight class="normal"><sp/>Value<sp/>=<sp/>Value<sp/>*<sp/>10<sp/>+<sp/>OneChar<sp/>-<sp/></highlight><highlight class="charliteral">&apos;0&apos;</highlight><highlight class="normal">;</highlight></codeline>
<codeline lineno="97"><highlight class="normal"></highlight></codeline>
<codeline lineno="98"><highlight class="normal"><sp/><sp/><sp/><sp/><sp/><sp/><sp/><sp/><sp/><sp/><sp/><sp/>OneChar<sp/>=<sp/>pool[++offset];</highlight></codeline>
<codeline lineno="99"><highlight class="normal"><sp/><sp/><sp/><sp/><sp/><sp/><sp/><sp/><sp/><sp/><sp/><sp/></highlight><highlight class="keywordflow">if</highlight><highlight class="normal">(DecimalLevel<sp/>==<sp/>0<sp/>&amp;&amp;<sp/>OneChar<sp/>==<sp/></highlight><highlight class="charliteral">&apos;.&apos;</highlight><highlight class="normal">)</highlight></codeline>
<codeline lineno="100"><highlight class="normal"><sp/><sp/><sp/><sp/><sp/><sp/><sp/><sp/><sp/><sp/><sp/><sp/>{</highlight></codeline>
<codeline lineno="101"><highlight class="normal"><sp/><sp/><sp/><sp/><sp/><sp/><sp/><sp/><sp/><sp/><sp/><sp/><sp/><sp/><sp/><sp/>DecimalLevel<sp/>=<sp/>1;</highlight></codeline>
<codeline lineno="102"><highlight class="normal"><sp/><sp/><sp/><sp/><sp/><sp/><sp/><sp/><sp/><sp/><sp/><sp/><sp/><sp/><sp/><sp/>OneChar<sp/>=<sp/>pool[++offset];</highlight></codeline>
<codeline lineno="103"><highlight class="normal"><sp/><sp/><sp/><sp/><sp/><sp/><sp/><sp/><sp/><sp/><sp/><sp/>}</highlight></codeline>
<codeline lineno="104"><highlight class="normal"><sp/><sp/><sp/><sp/><sp/><sp/><sp/><sp/>}</highlight></codeline>
<codeline lineno="105"><highlight class="normal"><sp/><sp/><sp/><sp/><sp/><sp/><sp/><sp/></highlight><highlight class="keywordflow">return</highlight><highlight class="normal"><sp/>(Value<sp/>+<sp/>Decimal)<sp/>*<sp/>MinusFlug;</highlight></codeline>
<codeline lineno="106"><highlight class="normal"><sp/><sp/><sp/><sp/>}</highlight></codeline>
<codeline lineno="107"><highlight class="normal"></highlight></codeline>
<codeline lineno="108"><highlight class="normal"><sp/><sp/><sp/><sp/></highlight><highlight class="keyword">const</highlight><highlight class="normal"><sp/><ref refid="class_px_1_1_array" kindref="compound">floats</ref><sp/>Parser::ReadFloats(</highlight><highlight class="keyword">const</highlight><highlight class="normal"><sp/>sint08<sp/>separator,<sp/></highlight><highlight class="keyword">const</highlight><highlight class="normal"><sp/>sint08<sp/>endmark)</highlight></codeline>
<codeline lineno="109"><highlight class="normal"><sp/><sp/><sp/><sp/>{</highlight></codeline>
<codeline lineno="110"><highlight class="normal"><sp/><sp/><sp/><sp/><sp/><sp/><sp/><sp/><ref refid="class_px_1_1_array" kindref="compound">floats</ref><sp/>Collector;</highlight></codeline>
<codeline lineno="111"><highlight class="normal"><sp/><sp/><sp/><sp/><sp/><sp/><sp/><sp/></highlight><highlight class="keywordflow">do</highlight><highlight class="normal"></highlight></codeline>
<codeline lineno="112"><highlight class="normal"><sp/><sp/><sp/><sp/><sp/><sp/><sp/><sp/>{</highlight></codeline>
<codeline lineno="113"><highlight class="normal"><sp/><sp/><sp/><sp/><sp/><sp/><sp/><sp/><sp/><sp/><sp/><sp/>Collector.<ref refid="class_px_1_1_array_1a16683d7ddd43efcf9334d094bfcfc749" kindref="member">AtAdding</ref>()<sp/>=<sp/>ReadFloat();</highlight></codeline>
<codeline lineno="114"><highlight class="normal"><sp/><sp/><sp/><sp/><sp/><sp/><sp/><sp/><sp/><sp/><sp/><sp/>sint08<sp/>OneChar<sp/>=<sp/>pool[offset];</highlight></codeline>
<codeline lineno="115"><highlight class="normal"><sp/><sp/><sp/><sp/><sp/><sp/><sp/><sp/><sp/><sp/><sp/><sp/></highlight><highlight class="keywordflow">while</highlight><highlight class="normal">(OneChar<sp/>==<sp/>separator</highlight></codeline>
<codeline lineno="116"><highlight class="normal"><sp/><sp/><sp/><sp/><sp/><sp/><sp/><sp/><sp/><sp/><sp/><sp/><sp/><sp/><sp/><sp/>||<sp/>OneChar<sp/>==<sp/></highlight><highlight class="charliteral">&apos;<sp/>&apos;</highlight><highlight class="normal"><sp/>||<sp/>OneChar<sp/>==<sp/></highlight><highlight class="charliteral">&apos;\t&apos;</highlight><highlight class="normal"></highlight></codeline>
<codeline lineno="117"><highlight class="normal"><sp/><sp/><sp/><sp/><sp/><sp/><sp/><sp/><sp/><sp/><sp/><sp/><sp/><sp/><sp/><sp/>||<sp/>OneChar<sp/>==<sp/></highlight><highlight class="charliteral">&apos;\r&apos;</highlight><highlight class="normal"><sp/>||<sp/>OneChar<sp/>==<sp/></highlight><highlight class="charliteral">&apos;\n&apos;</highlight><highlight class="normal">)</highlight></codeline>
<codeline lineno="118"><highlight class="normal"><sp/><sp/><sp/><sp/><sp/><sp/><sp/><sp/><sp/><sp/><sp/><sp/><sp/><sp/><sp/><sp/>OneChar<sp/>=<sp/>pool[++offset];</highlight></codeline>
<codeline lineno="119"><highlight class="normal"><sp/><sp/><sp/><sp/><sp/><sp/><sp/><sp/>}</highlight></codeline>
<codeline lineno="120"><highlight class="normal"><sp/><sp/><sp/><sp/><sp/><sp/><sp/><sp/></highlight><highlight class="keywordflow">while</highlight><highlight class="normal">(pool[offset]<sp/>!=<sp/>endmark<sp/>&amp;&amp;<sp/>pool[offset]<sp/>!=<sp/></highlight><highlight class="charliteral">&apos;\0&apos;</highlight><highlight class="normal">);</highlight></codeline>
<codeline lineno="121"><highlight class="normal"><sp/><sp/><sp/><sp/><sp/><sp/><sp/><sp/></highlight><highlight class="keywordflow">return</highlight><highlight class="normal"><sp/>Collector;</highlight></codeline>
<codeline lineno="122"><highlight class="normal"><sp/><sp/><sp/><sp/>}</highlight></codeline>
<codeline lineno="123"><highlight class="normal"></highlight></codeline>
<codeline lineno="124"><highlight class="normal"><sp/><sp/><sp/><sp/></highlight><highlight class="keyword">const</highlight><highlight class="normal"><sp/>uint32<sp/>Parser::ReadHex32()</highlight></codeline>
<codeline lineno="125"><highlight class="normal"><sp/><sp/><sp/><sp/>{</highlight></codeline>
<codeline lineno="126"><highlight class="normal"><sp/><sp/><sp/><sp/><sp/><sp/><sp/><sp/></highlight><highlight class="keywordflow">if</highlight><highlight class="normal">(pool[offset]<sp/>==<sp/></highlight><highlight class="charliteral">&apos;0&apos;</highlight><highlight class="normal"></highlight></codeline>
<codeline lineno="127"><highlight class="normal"><sp/><sp/><sp/><sp/><sp/><sp/><sp/><sp/><sp/><sp/><sp/><sp/>&amp;&amp;<sp/>(pool[offset<sp/>+<sp/>1]<sp/>==<sp/></highlight><highlight class="charliteral">&apos;x&apos;</highlight><highlight class="normal"><sp/>||<sp/>pool[offset<sp/>+<sp/>1]<sp/>==<sp/></highlight><highlight class="charliteral">&apos;X&apos;</highlight><highlight class="normal">))</highlight></codeline>
<codeline lineno="128"><highlight class="normal"><sp/><sp/><sp/><sp/><sp/><sp/><sp/><sp/><sp/><sp/><sp/><sp/>offset<sp/>+=<sp/>2;</highlight></codeline>
<codeline lineno="129"><highlight class="normal"></highlight></codeline>
<codeline lineno="130"><highlight class="normal"><sp/><sp/><sp/><sp/><sp/><sp/><sp/><sp/>uint32<sp/>Value<sp/>=<sp/>0;</highlight></codeline>
<codeline lineno="131"><highlight class="normal"><sp/><sp/><sp/><sp/><sp/><sp/><sp/><sp/></highlight><highlight class="keywordtype">bool</highlight><highlight class="normal"><sp/>IsNumeric<sp/>=<sp/></highlight><highlight class="keyword">false</highlight><highlight class="normal">,<sp/>IsHexLower<sp/>=<sp/></highlight><highlight class="keyword">false</highlight><highlight class="normal">,<sp/>IsHexUpper<sp/>=<sp/></highlight><highlight class="keyword">false</highlight><highlight class="normal">;</highlight></codeline>
<codeline lineno="132"><highlight class="normal"><sp/><sp/><sp/><sp/><sp/><sp/><sp/><sp/>sint08<sp/>OneChar<sp/>=<sp/>pool[offset];</highlight></codeline>
<codeline lineno="133"><highlight class="normal"><sp/><sp/><sp/><sp/><sp/><sp/><sp/><sp/></highlight><highlight class="keywordflow">while</highlight><highlight class="normal">((IsNumeric<sp/>=<sp/>(</highlight><highlight class="charliteral">&apos;0&apos;</highlight><highlight class="normal"><sp/>&lt;=<sp/>OneChar<sp/>&amp;&amp;<sp/>OneChar<sp/>&lt;=<sp/></highlight><highlight class="charliteral">&apos;9&apos;</highlight><highlight class="normal">))</highlight></codeline>
<codeline lineno="134"><highlight class="normal"><sp/><sp/><sp/><sp/><sp/><sp/><sp/><sp/><sp/><sp/><sp/><sp/>||<sp/>(IsHexLower<sp/>=<sp/>(</highlight><highlight class="charliteral">&apos;a&apos;</highlight><highlight class="normal"><sp/>&lt;=<sp/>OneChar<sp/>&amp;&amp;<sp/>OneChar<sp/>&lt;=<sp/></highlight><highlight class="charliteral">&apos;f&apos;</highlight><highlight class="normal">))</highlight></codeline>
<codeline lineno="135"><highlight class="normal"><sp/><sp/><sp/><sp/><sp/><sp/><sp/><sp/><sp/><sp/><sp/><sp/>||<sp/>(IsHexUpper<sp/>=<sp/>(</highlight><highlight class="charliteral">&apos;A&apos;</highlight><highlight class="normal"><sp/>&lt;=<sp/>OneChar<sp/>&amp;&amp;<sp/>OneChar<sp/>&lt;=<sp/></highlight><highlight class="charliteral">&apos;F&apos;</highlight><highlight class="normal">)))</highlight></codeline>
<codeline lineno="136"><highlight class="normal"><sp/><sp/><sp/><sp/><sp/><sp/><sp/><sp/>{</highlight></codeline>
<codeline lineno="137"><highlight class="normal"><sp/><sp/><sp/><sp/><sp/><sp/><sp/><sp/><sp/><sp/><sp/><sp/></highlight><highlight class="keywordflow">if</highlight><highlight class="normal">(IsNumeric)<sp/>Value<sp/>=<sp/>(Value<sp/>&lt;&lt;<sp/>4)<sp/>+<sp/>OneChar<sp/>-<sp/></highlight><highlight class="charliteral">&apos;0&apos;</highlight><highlight class="normal">;</highlight></codeline>
<codeline lineno="138"><highlight class="normal"><sp/><sp/><sp/><sp/><sp/><sp/><sp/><sp/><sp/><sp/><sp/><sp/></highlight><highlight class="keywordflow">else</highlight><highlight class="normal"><sp/></highlight><highlight class="keywordflow">if</highlight><highlight class="normal">(IsHexLower)<sp/>Value<sp/>=<sp/>(Value<sp/>&lt;&lt;<sp/>4)<sp/>+<sp/>10<sp/>+<sp/>OneChar<sp/>-<sp/></highlight><highlight class="charliteral">&apos;a&apos;</highlight><highlight class="normal">;</highlight></codeline>
<codeline lineno="139"><highlight class="normal"><sp/><sp/><sp/><sp/><sp/><sp/><sp/><sp/><sp/><sp/><sp/><sp/></highlight><highlight class="keywordflow">else</highlight><highlight class="normal"><sp/></highlight><highlight class="keywordflow">if</highlight><highlight class="normal">(IsHexUpper)<sp/>Value<sp/>=<sp/>(Value<sp/>&lt;&lt;<sp/>4)<sp/>+<sp/>10<sp/>+<sp/>OneChar<sp/>-<sp/></highlight><highlight class="charliteral">&apos;A&apos;</highlight><highlight class="normal">;</highlight></codeline>
<codeline lineno="140"><highlight class="normal"><sp/><sp/><sp/><sp/><sp/><sp/><sp/><sp/><sp/><sp/><sp/><sp/>OneChar<sp/>=<sp/>pool[++offset];</highlight></codeline>
<codeline lineno="141"><highlight class="normal"><sp/><sp/><sp/><sp/><sp/><sp/><sp/><sp/>}</highlight></codeline>
<codeline lineno="142"><highlight class="normal"><sp/><sp/><sp/><sp/><sp/><sp/><sp/><sp/></highlight><highlight class="keywordflow">return</highlight><highlight class="normal"><sp/>Value;</highlight></codeline>
<codeline lineno="143"><highlight class="normal"><sp/><sp/><sp/><sp/>}</highlight></codeline>
<codeline lineno="144"><highlight class="normal">}</highlight></codeline>
    </programlisting>
    <location file="C:/BonexData/BxProject/PlatyVG/source/px/parser.cpp"/>
  </compounddef>
</doxygen>
