<?xml version='1.0' encoding='UTF-8' standalone='no'?>
<doxygen xmlns:xsi="http://www.w3.org/2001/XMLSchema-instance" xsi:noNamespaceSchemaLocation="compound.xsd" version="1.8.9.1">
  <compounddef id="platyvg_8cpp" kind="file" language="C++">
    <compoundname>platyvg.cpp</compoundname>
    <includes refid="platyvg_8hpp" local="no">platyvg.hpp</includes>
    <incdepgraph>
      <node id="828">
        <label>platyvg.hpp</label>
        <link refid="platyvg_8hpp_source"/>
        <childnode refid="829" relation="include">
        </childnode>
        <childnode refid="830" relation="include">
        </childnode>
        <childnode refid="832" relation="include">
        </childnode>
        <childnode refid="834" relation="include">
        </childnode>
        <childnode refid="835" relation="include">
        </childnode>
        <childnode refid="833" relation="include">
        </childnode>
        <childnode refid="836" relation="include">
        </childnode>
        <childnode refid="831" relation="include">
        </childnode>
        <childnode refid="837" relation="include">
        </childnode>
      </node>
      <node id="835">
        <label>../px/math.hpp</label>
        <link refid="math_8hpp_source"/>
        <childnode refid="829" relation="include">
        </childnode>
      </node>
      <node id="836">
        <label>../px/parser.hpp</label>
        <link refid="parser_8hpp_source"/>
        <childnode refid="837" relation="include">
        </childnode>
      </node>
      <node id="827">
        <label>platyvg.cpp</label>
        <link refid="platyvg.cpp"/>
        <childnode refid="828" relation="include">
        </childnode>
      </node>
      <node id="832">
        <label>../px/buffer.hpp</label>
        <link refid="buffer_8hpp_source"/>
        <childnode refid="833" relation="include">
        </childnode>
      </node>
      <node id="829">
        <label>../px/px.hpp</label>
        <link refid="px_8hpp_source"/>
      </node>
      <node id="834">
        <label>../px/file.hpp</label>
        <link refid="file_8hpp_source"/>
        <childnode refid="829" relation="include">
        </childnode>
      </node>
      <node id="837">
        <label>../px/string.hpp</label>
        <link refid="string_8hpp_source"/>
        <childnode refid="830" relation="include">
        </childnode>
      </node>
      <node id="833">
        <label>../px/memory.hpp</label>
        <link refid="memory_8hpp_source"/>
        <childnode refid="829" relation="include">
        </childnode>
      </node>
      <node id="830">
        <label>../px/array.hpp</label>
        <link refid="array_8hpp_source"/>
        <childnode refid="831" relation="include">
        </childnode>
      </node>
      <node id="831">
        <label>../px/share.hpp</label>
        <link refid="share_8hpp_source"/>
        <childnode refid="832" relation="include">
        </childnode>
      </node>
    </incdepgraph>
    <briefdescription>
    </briefdescription>
    <detaileddescription>
    </detaileddescription>
    <programlisting>
<codeline lineno="1"><highlight class="preprocessor">#include<sp/>&lt;platyvg.hpp&gt;</highlight><highlight class="normal"></highlight></codeline>
    </programlisting>
    <location file="C:/BonexData/BxProject/PlatyVG/source/api/platyvg.cpp"/>
  </compounddef>
</doxygen>
