<?xml version='1.0' encoding='UTF-8' standalone='no'?>
<doxygen xmlns:xsi="http://www.w3.org/2001/XMLSchema-instance" xsi:noNamespaceSchemaLocation="compound.xsd" version="1.8.9.1">
  <compounddef id="point_8hpp" kind="file" language="C++">
    <compoundname>point.hpp</compoundname>
    <includes refid="platyvg_8hpp" local="no">platyvg.hpp</includes>
    <includes refid="matrix_8hpp" local="yes">../element/matrix.hpp</includes>
    <includedby refid="zoom_8hpp" local="yes">zoom.hpp</includedby>
    <includedby refid="device_8hpp" local="yes">device.hpp</includedby>
    <includedby refid="edge_8hpp" local="yes">edge.hpp</includedby>
    <includedby refid="shape_8hpp" local="yes">shape.hpp</includedby>
    <includedby refid="selector_8hpp" local="yes">selector.hpp</includedby>
    <includedby refid="rect_8hpp" local="yes">rect.hpp</includedby>
    <includedby refid="action_8hpp" local="yes">action.hpp</includedby>
    <includedby refid="view_8hpp" local="yes">view.hpp</includedby>
    <includedby refid="shape_8cpp" local="yes">shape.cpp</includedby>
    <includedby refid="point_8cpp" local="yes">point.cpp</includedby>
    <incdepgraph>
      <node id="888">
        <label>point.hpp</label>
        <link refid="point.hpp"/>
        <childnode refid="889" relation="include">
        </childnode>
        <childnode refid="899" relation="include">
        </childnode>
      </node>
      <node id="889">
        <label>platyvg.hpp</label>
        <link refid="platyvg_8hpp_source"/>
        <childnode refid="890" relation="include">
        </childnode>
        <childnode refid="891" relation="include">
        </childnode>
        <childnode refid="893" relation="include">
        </childnode>
        <childnode refid="895" relation="include">
        </childnode>
        <childnode refid="896" relation="include">
        </childnode>
        <childnode refid="894" relation="include">
        </childnode>
        <childnode refid="897" relation="include">
        </childnode>
        <childnode refid="892" relation="include">
        </childnode>
        <childnode refid="898" relation="include">
        </childnode>
      </node>
      <node id="896">
        <label>../px/math.hpp</label>
        <link refid="math_8hpp_source"/>
        <childnode refid="890" relation="include">
        </childnode>
      </node>
      <node id="897">
        <label>../px/parser.hpp</label>
        <link refid="parser_8hpp_source"/>
        <childnode refid="898" relation="include">
        </childnode>
      </node>
      <node id="893">
        <label>../px/buffer.hpp</label>
        <link refid="buffer_8hpp_source"/>
        <childnode refid="894" relation="include">
        </childnode>
      </node>
      <node id="890">
        <label>../px/px.hpp</label>
        <link refid="px_8hpp_source"/>
      </node>
      <node id="895">
        <label>../px/file.hpp</label>
        <link refid="file_8hpp_source"/>
        <childnode refid="890" relation="include">
        </childnode>
      </node>
      <node id="899">
        <label>../element/matrix.hpp</label>
        <link refid="matrix_8hpp_source"/>
        <childnode refid="889" relation="include">
        </childnode>
      </node>
      <node id="898">
        <label>../px/string.hpp</label>
        <link refid="string_8hpp_source"/>
        <childnode refid="891" relation="include">
        </childnode>
      </node>
      <node id="894">
        <label>../px/memory.hpp</label>
        <link refid="memory_8hpp_source"/>
        <childnode refid="890" relation="include">
        </childnode>
      </node>
      <node id="891">
        <label>../px/array.hpp</label>
        <link refid="array_8hpp_source"/>
        <childnode refid="892" relation="include">
        </childnode>
      </node>
      <node id="892">
        <label>../px/share.hpp</label>
        <link refid="share_8hpp_source"/>
        <childnode refid="893" relation="include">
        </childnode>
      </node>
    </incdepgraph>
    <invincdepgraph>
      <node id="900">
        <label>point.hpp</label>
        <link refid="point.hpp"/>
        <childnode refid="901" relation="include">
        </childnode>
        <childnode refid="910" relation="include">
        </childnode>
        <childnode refid="911" relation="include">
        </childnode>
        <childnode refid="903" relation="include">
        </childnode>
        <childnode refid="908" relation="include">
        </childnode>
        <childnode refid="907" relation="include">
        </childnode>
        <childnode refid="912" relation="include">
        </childnode>
        <childnode refid="906" relation="include">
        </childnode>
      </node>
      <node id="913">
        <label>record.hpp</label>
        <link refid="record_8hpp_source"/>
        <childnode refid="905" relation="include">
        </childnode>
      </node>
      <node id="912">
        <label>action.hpp</label>
        <link refid="action_8hpp_source"/>
        <childnode refid="913" relation="include">
        </childnode>
      </node>
      <node id="901">
        <label>zoom.hpp</label>
        <link refid="zoom_8hpp_source"/>
        <childnode refid="902" relation="include">
        </childnode>
        <childnode refid="907" relation="include">
        </childnode>
        <childnode refid="903" relation="include">
        </childnode>
        <childnode refid="904" relation="include">
        </childnode>
        <childnode refid="905" relation="include">
        </childnode>
        <childnode refid="909" relation="include">
        </childnode>
      </node>
      <node id="910">
        <label>device.hpp</label>
        <link refid="device_8hpp_source"/>
        <childnode refid="906" relation="include">
        </childnode>
      </node>
      <node id="908">
        <label>selector.hpp</label>
        <link refid="selector_8hpp_source"/>
        <childnode refid="903" relation="include">
        </childnode>
      </node>
      <node id="907">
        <label>rect.hpp</label>
        <link refid="rect_8hpp_source"/>
        <childnode refid="908" relation="include">
        </childnode>
        <childnode refid="905" relation="include">
        </childnode>
        <childnode refid="909" relation="include">
        </childnode>
      </node>
      <node id="903">
        <label>shape.hpp</label>
        <link refid="shape_8hpp_source"/>
        <childnode refid="904" relation="include">
        </childnode>
        <childnode refid="906" relation="include">
        </childnode>
      </node>
      <node id="904">
        <label>layer.hpp</label>
        <link refid="layer_8hpp_source"/>
        <childnode refid="905" relation="include">
        </childnode>
      </node>
      <node id="902">
        <label>adapter.hpp</label>
        <link refid="adapter_8hpp_source"/>
        <childnode refid="903" relation="include">
        </childnode>
      </node>
      <node id="906">
        <label>view.hpp</label>
        <link refid="view_8hpp_source"/>
      </node>
      <node id="909">
        <label>command.hpp</label>
        <link refid="command_8hpp_source"/>
      </node>
      <node id="905">
        <label>document.hpp</label>
        <link refid="document_8hpp_source"/>
        <childnode refid="906" relation="include">
        </childnode>
      </node>
      <node id="911">
        <label>edge.hpp</label>
        <link refid="edge_8hpp_source"/>
        <childnode refid="903" relation="include">
        </childnode>
      </node>
    </invincdepgraph>
    <innerclass refid="class_platy_v_g_element_1_1_point" prot="public">PlatyVGElement::Point</innerclass>
    <innernamespace refid="namespace_platy_v_g_element">PlatyVGElement</innernamespace>
    <briefdescription>
    </briefdescription>
    <detaileddescription>
    </detaileddescription>
    <programlisting>
<codeline lineno="1"><highlight class="preprocessor">#pragma<sp/>once</highlight><highlight class="normal"></highlight></codeline>
<codeline lineno="2"><highlight class="normal"></highlight><highlight class="preprocessor">#include<sp/>&lt;platyvg.hpp&gt;</highlight><highlight class="normal"></highlight></codeline>
<codeline lineno="3"><highlight class="normal"></highlight><highlight class="preprocessor">#include<sp/>&quot;../element/matrix.hpp&quot;</highlight><highlight class="normal"></highlight></codeline>
<codeline lineno="4"><highlight class="normal"></highlight></codeline>
<codeline lineno="5"><highlight class="normal"></highlight><highlight class="keyword">namespace<sp/></highlight><highlight class="normal"><ref refid="namespace_platy_v_g_element" kindref="compound">PlatyVGElement</ref></highlight></codeline>
<codeline lineno="6"><highlight class="normal">{</highlight></codeline>
<codeline lineno="8" refid="class_platy_v_g_element_1_1_point" refkind="compound"><highlight class="normal"><sp/><sp/><sp/><sp/></highlight><highlight class="keyword">class<sp/></highlight><highlight class="normal"><ref refid="class_platy_v_g_element_1_1_point" kindref="compound">Point</ref></highlight></codeline>
<codeline lineno="9"><highlight class="normal"><sp/><sp/><sp/><sp/>{</highlight></codeline>
<codeline lineno="10"><highlight class="normal"><sp/><sp/><sp/><sp/></highlight><highlight class="keyword">public</highlight><highlight class="normal">:</highlight></codeline>
<codeline lineno="11"><highlight class="normal"><sp/><sp/><sp/><sp/><sp/><sp/><sp/><sp/><ref refid="class_platy_v_g_element_1_1_point" kindref="compound">Point</ref>();</highlight></codeline>
<codeline lineno="12"><highlight class="normal"><sp/><sp/><sp/><sp/><sp/><sp/><sp/><sp/><ref refid="class_platy_v_g_element_1_1_point" kindref="compound">Point</ref>(</highlight><highlight class="keyword">const</highlight><highlight class="normal"><sp/><ref refid="class_platy_v_g_element_1_1_point" kindref="compound">Point</ref>&amp;<sp/>rhs);</highlight></codeline>
<codeline lineno="13"><highlight class="normal"><sp/><sp/><sp/><sp/><sp/><sp/><sp/><sp/><ref refid="class_platy_v_g_element_1_1_point" kindref="compound">Point</ref>(</highlight><highlight class="keywordtype">float</highlight><highlight class="normal"><sp/>x,<sp/></highlight><highlight class="keywordtype">float</highlight><highlight class="normal"><sp/>y);</highlight></codeline>
<codeline lineno="14"><highlight class="normal"><sp/><sp/><sp/><sp/><sp/><sp/><sp/><sp/>~<ref refid="class_platy_v_g_element_1_1_point" kindref="compound">Point</ref>();</highlight></codeline>
<codeline lineno="15"><highlight class="normal"></highlight></codeline>
<codeline lineno="16"><highlight class="normal"><sp/><sp/><sp/><sp/><sp/><sp/><sp/><sp/><ref refid="class_platy_v_g_element_1_1_point" kindref="compound">Point</ref>&amp;<sp/>operator=(</highlight><highlight class="keyword">const</highlight><highlight class="normal"><sp/><ref refid="class_platy_v_g_element_1_1_point" kindref="compound">Point</ref>&amp;<sp/>rhs);</highlight></codeline>
<codeline lineno="17"><highlight class="normal"><sp/><sp/><sp/><sp/><sp/><sp/><sp/><sp/><ref refid="class_platy_v_g_element_1_1_point" kindref="compound">Point</ref>&amp;<sp/>operator*=(</highlight><highlight class="keyword">const</highlight><highlight class="normal"><sp/><ref refid="class_platy_v_g_element_1_1_matrix" kindref="compound">Matrix</ref>&amp;<sp/>rhs);</highlight></codeline>
<codeline lineno="18"><highlight class="normal"><sp/><sp/><sp/><sp/><sp/><sp/><sp/><sp/><ref refid="class_platy_v_g_element_1_1_point" kindref="compound">Point</ref><sp/>operator*(</highlight><highlight class="keyword">const</highlight><highlight class="normal"><sp/><ref refid="class_platy_v_g_element_1_1_matrix" kindref="compound">Matrix</ref>&amp;<sp/>rhs)<sp/></highlight><highlight class="keyword">const</highlight><highlight class="normal">;</highlight></codeline>
<codeline lineno="19"><highlight class="normal"><sp/><sp/><sp/><sp/><sp/><sp/><sp/><sp/></highlight><highlight class="keywordtype">bool</highlight><highlight class="normal"><sp/>operator==(</highlight><highlight class="keyword">const</highlight><highlight class="normal"><sp/><ref refid="class_platy_v_g_element_1_1_point" kindref="compound">Point</ref>&amp;<sp/>rhs)<sp/></highlight><highlight class="keyword">const</highlight><highlight class="normal">;</highlight></codeline>
<codeline lineno="20"><highlight class="normal"><sp/><sp/><sp/><sp/><sp/><sp/><sp/><sp/></highlight><highlight class="keywordtype">bool</highlight><highlight class="normal"><sp/>operator!=(</highlight><highlight class="keyword">const</highlight><highlight class="normal"><sp/><ref refid="class_platy_v_g_element_1_1_point" kindref="compound">Point</ref>&amp;<sp/>rhs)<sp/></highlight><highlight class="keyword">const</highlight><highlight class="normal">;</highlight></codeline>
<codeline lineno="21"><highlight class="normal"></highlight></codeline>
<codeline lineno="22"><highlight class="normal"><sp/><sp/><sp/><sp/><sp/><sp/><sp/><sp/></highlight><highlight class="keyword">const</highlight><highlight class="normal"><sp/></highlight><highlight class="keywordtype">bool</highlight><highlight class="normal"><sp/>ClockwiseTest(</highlight><highlight class="keyword">const</highlight><highlight class="normal"><sp/><ref refid="class_platy_v_g_element_1_1_point" kindref="compound">Point</ref><sp/>begin,<sp/></highlight><highlight class="keyword">const</highlight><highlight class="normal"><sp/><ref refid="class_platy_v_g_element_1_1_point" kindref="compound">Point</ref><sp/>end)<sp/></highlight><highlight class="keyword">const</highlight><highlight class="normal">;</highlight></codeline>
<codeline lineno="23"><highlight class="normal"></highlight></codeline>
<codeline lineno="24"><highlight class="normal"><sp/><sp/><sp/><sp/></highlight><highlight class="keyword">public</highlight><highlight class="normal">:</highlight></codeline>
<codeline lineno="25"><highlight class="normal"><sp/><sp/><sp/><sp/><sp/><sp/><sp/><sp/></highlight><highlight class="keywordtype">float</highlight><highlight class="normal"><sp/>x;</highlight></codeline>
<codeline lineno="26"><highlight class="normal"><sp/><sp/><sp/><sp/><sp/><sp/><sp/><sp/></highlight><highlight class="keywordtype">float</highlight><highlight class="normal"><sp/>y;</highlight></codeline>
<codeline lineno="27"><highlight class="normal"><sp/><sp/><sp/><sp/>};</highlight></codeline>
<codeline lineno="28"><highlight class="normal"><sp/><sp/><sp/><sp/></highlight><highlight class="keyword">typedef</highlight><highlight class="normal"><sp/><ref refid="class_px_1_1_array" kindref="compound">Array&lt;Point, true&gt;</ref><sp/><ref refid="class_px_1_1_array" kindref="compound">Points</ref>;</highlight></codeline>
<codeline lineno="29"><highlight class="normal">}</highlight></codeline>
    </programlisting>
    <location file="C:/BonexData/BxProject/PlatyVG/source/element/point.hpp"/>
  </compounddef>
</doxygen>
