<?xml version='1.0' encoding='UTF-8' standalone='no'?>
<doxygen xmlns:xsi="http://www.w3.org/2001/XMLSchema-instance" xsi:noNamespaceSchemaLocation="compound.xsd" version="1.8.9.1">
  <compounddef id="record_8cpp" kind="file" language="C++">
    <compoundname>record.cpp</compoundname>
    <includes refid="platyvg_8hpp" local="no">platyvg.hpp</includes>
    <includes refid="record_8hpp" local="yes">record.hpp</includes>
    <includes refid="document_8hpp" local="yes">../core/document.hpp</includes>
    <incdepgraph>
      <node id="972">
        <label>../element/point.hpp</label>
        <link refid="point_8hpp_source"/>
        <childnode refid="959" relation="include">
        </childnode>
        <childnode refid="973" relation="include">
        </childnode>
      </node>
      <node id="959">
        <label>platyvg.hpp</label>
        <link refid="platyvg_8hpp_source"/>
        <childnode refid="960" relation="include">
        </childnode>
        <childnode refid="961" relation="include">
        </childnode>
        <childnode refid="963" relation="include">
        </childnode>
        <childnode refid="965" relation="include">
        </childnode>
        <childnode refid="966" relation="include">
        </childnode>
        <childnode refid="964" relation="include">
        </childnode>
        <childnode refid="967" relation="include">
        </childnode>
        <childnode refid="962" relation="include">
        </childnode>
        <childnode refid="968" relation="include">
        </childnode>
      </node>
      <node id="969">
        <label>record.hpp</label>
        <link refid="record_8hpp_source"/>
        <childnode refid="959" relation="include">
        </childnode>
        <childnode refid="970" relation="include">
        </childnode>
      </node>
      <node id="971">
        <label>../element/color.hpp</label>
        <link refid="color_8hpp_source"/>
        <childnode refid="959" relation="include">
        </childnode>
      </node>
      <node id="966">
        <label>../px/math.hpp</label>
        <link refid="math_8hpp_source"/>
        <childnode refid="960" relation="include">
        </childnode>
      </node>
      <node id="967">
        <label>../px/parser.hpp</label>
        <link refid="parser_8hpp_source"/>
        <childnode refid="968" relation="include">
        </childnode>
      </node>
      <node id="970">
        <label>../element/action.hpp</label>
        <link refid="action_8hpp_source"/>
        <childnode refid="959" relation="include">
        </childnode>
        <childnode refid="971" relation="include">
        </childnode>
        <childnode refid="972" relation="include">
        </childnode>
      </node>
      <node id="981">
        <label>../element/context.hpp</label>
        <link refid="context_8hpp_source"/>
        <childnode refid="959" relation="include">
        </childnode>
        <childnode refid="971" relation="include">
        </childnode>
      </node>
      <node id="980">
        <label>../element/zoom.hpp</label>
        <link refid="zoom_8hpp_source"/>
        <childnode refid="959" relation="include">
        </childnode>
        <childnode refid="972" relation="include">
        </childnode>
      </node>
      <node id="979">
        <label>../element/mesh.hpp</label>
        <link refid="mesh_8hpp_source"/>
        <childnode refid="959" relation="include">
        </childnode>
      </node>
      <node id="963">
        <label>../px/buffer.hpp</label>
        <link refid="buffer_8hpp_source"/>
        <childnode refid="964" relation="include">
        </childnode>
      </node>
      <node id="983">
        <label>../element/selector.hpp</label>
        <link refid="selector_8hpp_source"/>
        <childnode refid="959" relation="include">
        </childnode>
        <childnode refid="978" relation="include">
        </childnode>
        <childnode refid="972" relation="include">
        </childnode>
        <childnode refid="984" relation="include">
        </childnode>
        <childnode refid="986" relation="include">
        </childnode>
      </node>
      <node id="960">
        <label>../px/px.hpp</label>
        <link refid="px_8hpp_source"/>
      </node>
      <node id="984">
        <label>../element/rect.hpp</label>
        <link refid="rect_8hpp_source"/>
        <childnode refid="959" relation="include">
        </childnode>
        <childnode refid="972" relation="include">
        </childnode>
        <childnode refid="985" relation="include">
        </childnode>
        <childnode refid="980" relation="include">
        </childnode>
      </node>
      <node id="965">
        <label>../px/file.hpp</label>
        <link refid="file_8hpp_source"/>
        <childnode refid="960" relation="include">
        </childnode>
      </node>
      <node id="973">
        <label>../element/matrix.hpp</label>
        <link refid="matrix_8hpp_source"/>
        <childnode refid="959" relation="include">
        </childnode>
      </node>
      <node id="976">
        <label>../core/shape.hpp</label>
        <link refid="shape_8hpp_source"/>
        <childnode refid="959" relation="include">
        </childnode>
        <childnode refid="977" relation="include">
        </childnode>
        <childnode refid="981" relation="include">
        </childnode>
        <childnode refid="978" relation="include">
        </childnode>
        <childnode refid="982" relation="include">
        </childnode>
        <childnode refid="973" relation="include">
        </childnode>
        <childnode refid="979" relation="include">
        </childnode>
        <childnode refid="972" relation="include">
        </childnode>
        <childnode refid="983" relation="include">
        </childnode>
        <childnode refid="985" relation="include">
        </childnode>
        <childnode refid="980" relation="include">
        </childnode>
      </node>
      <node id="975">
        <label>../core/layer.hpp</label>
        <link refid="layer_8hpp_source"/>
        <childnode refid="959" relation="include">
        </childnode>
        <childnode refid="976" relation="include">
        </childnode>
        <childnode refid="980" relation="include">
        </childnode>
      </node>
      <node id="977">
        <label>../api/adapter.hpp</label>
        <link refid="adapter_8hpp_source"/>
        <childnode refid="959" relation="include">
        </childnode>
        <childnode refid="971" relation="include">
        </childnode>
        <childnode refid="978" relation="include">
        </childnode>
        <childnode refid="973" relation="include">
        </childnode>
        <childnode refid="979" relation="include">
        </childnode>
        <childnode refid="980" relation="include">
        </childnode>
      </node>
      <node id="958">
        <label>record.cpp</label>
        <link refid="record.cpp"/>
        <childnode refid="959" relation="include">
        </childnode>
        <childnode refid="969" relation="include">
        </childnode>
        <childnode refid="974" relation="include">
        </childnode>
      </node>
      <node id="968">
        <label>../px/string.hpp</label>
        <link refid="string_8hpp_source"/>
        <childnode refid="961" relation="include">
        </childnode>
      </node>
      <node id="964">
        <label>../px/memory.hpp</label>
        <link refid="memory_8hpp_source"/>
        <childnode refid="960" relation="include">
        </childnode>
      </node>
      <node id="961">
        <label>../px/array.hpp</label>
        <link refid="array_8hpp_source"/>
        <childnode refid="962" relation="include">
        </childnode>
      </node>
      <node id="978">
        <label>../element/coord.hpp</label>
        <link refid="coord_8hpp_source"/>
        <childnode refid="959" relation="include">
        </childnode>
      </node>
      <node id="985">
        <label>../element/size.hpp</label>
        <link refid="size_8hpp_source"/>
        <childnode refid="959" relation="include">
        </childnode>
      </node>
      <node id="974">
        <label>../core/document.hpp</label>
        <link refid="document_8hpp_source"/>
        <childnode refid="959" relation="include">
        </childnode>
        <childnode refid="975" relation="include">
        </childnode>
        <childnode refid="969" relation="include">
        </childnode>
        <childnode refid="984" relation="include">
        </childnode>
        <childnode refid="980" relation="include">
        </childnode>
      </node>
      <node id="986">
        <label>../element/table.hpp</label>
        <link refid="table_8hpp_source"/>
        <childnode refid="959" relation="include">
        </childnode>
      </node>
      <node id="982">
        <label>../element/edge.hpp</label>
        <link refid="edge_8hpp_source"/>
        <childnode refid="959" relation="include">
        </childnode>
        <childnode refid="972" relation="include">
        </childnode>
      </node>
      <node id="962">
        <label>../px/share.hpp</label>
        <link refid="share_8hpp_source"/>
        <childnode refid="963" relation="include">
        </childnode>
      </node>
    </incdepgraph>
    <innernamespace refid="namespace_platy_v_g_core">PlatyVGCore</innernamespace>
    <briefdescription>
    </briefdescription>
    <detaileddescription>
    </detaileddescription>
    <programlisting>
<codeline lineno="1"><highlight class="preprocessor">#include<sp/>&lt;platyvg.hpp&gt;</highlight><highlight class="normal"></highlight></codeline>
<codeline lineno="2"><highlight class="normal"></highlight><highlight class="preprocessor">#include<sp/>&quot;record.hpp&quot;</highlight><highlight class="normal"></highlight></codeline>
<codeline lineno="3"><highlight class="normal"></highlight><highlight class="preprocessor">#include<sp/>&quot;../core/document.hpp&quot;</highlight><highlight class="normal"></highlight></codeline>
<codeline lineno="4"><highlight class="normal"></highlight></codeline>
<codeline lineno="5"><highlight class="normal"></highlight><highlight class="keyword">namespace<sp/></highlight><highlight class="normal"><ref refid="namespace_platy_v_g_core" kindref="compound">PlatyVGCore</ref></highlight></codeline>
<codeline lineno="6"><highlight class="normal">{</highlight></codeline>
<codeline lineno="7"><highlight class="normal"><sp/><sp/><sp/><sp/>Record::Record()</highlight></codeline>
<codeline lineno="8"><highlight class="normal"><sp/><sp/><sp/><sp/>{</highlight></codeline>
<codeline lineno="9"><highlight class="normal"><sp/><sp/><sp/><sp/><sp/><sp/><sp/><sp/>ActionFocus<sp/>=<sp/>0;</highlight></codeline>
<codeline lineno="10"><highlight class="normal"><sp/><sp/><sp/><sp/><sp/><sp/><sp/><sp/>ActionLength<sp/>=<sp/>0;</highlight></codeline>
<codeline lineno="11"><highlight class="normal"><sp/><sp/><sp/><sp/><sp/><sp/><sp/><sp/>ActionLengthMax<sp/>=<sp/>100;</highlight></codeline>
<codeline lineno="12"><highlight class="normal"><sp/><sp/><sp/><sp/>}</highlight></codeline>
<codeline lineno="13"><highlight class="normal"></highlight></codeline>
<codeline lineno="14"><highlight class="normal"><sp/><sp/><sp/><sp/>Record::~Record()</highlight></codeline>
<codeline lineno="15"><highlight class="normal"><sp/><sp/><sp/><sp/>{</highlight></codeline>
<codeline lineno="16"><highlight class="normal"><sp/><sp/><sp/><sp/>}</highlight></codeline>
<codeline lineno="17"><highlight class="normal"></highlight></codeline>
<codeline lineno="18"><highlight class="normal"><sp/><sp/><sp/><sp/></highlight><highlight class="keywordtype">void</highlight><highlight class="normal"><sp/><ref refid="class_platy_v_g_core_1_1_record_1a595623078bd207b98efe78a91f57d445" kindref="member">Record::Commit</ref>(<ref refid="class_platy_v_g_core_1_1_document" kindref="compound">Document</ref>*<sp/>doc,<sp/>buffer<sp/>action)</highlight></codeline>
<codeline lineno="19"><highlight class="normal"><sp/><sp/><sp/><sp/>{</highlight></codeline>
<codeline lineno="20"><highlight class="normal"><sp/><sp/><sp/><sp/><sp/><sp/><sp/><sp/>doc-&gt;ShapeRec.AllActions.<ref refid="class_px_1_1_array_1a16683d7ddd43efcf9334d094bfcfc749" kindref="member">AtAdding</ref>()<sp/>=<sp/>action;</highlight></codeline>
<codeline lineno="21"><highlight class="normal"><sp/><sp/><sp/><sp/>}</highlight></codeline>
<codeline lineno="22"><highlight class="normal"></highlight></codeline>
<codeline lineno="23"><highlight class="normal"><sp/><sp/><sp/><sp/>sint32<sp/><ref refid="class_platy_v_g_core_1_1_record_1a6b39259e17b3b72a8851de3a4204c00b" kindref="member">Record::Undo</ref>(<ref refid="class_platy_v_g_core_1_1_document" kindref="compound">Document</ref>*<sp/>doc)</highlight></codeline>
<codeline lineno="24"><highlight class="normal"><sp/><sp/><sp/><sp/>{</highlight></codeline>
<codeline lineno="25"><highlight class="normal"><sp/><sp/><sp/><sp/><sp/><sp/><sp/><sp/></highlight><highlight class="keywordflow">return</highlight><highlight class="normal"><sp/>0;<sp/></highlight></codeline>
<codeline lineno="26"><highlight class="normal"><sp/><sp/><sp/><sp/>}</highlight></codeline>
<codeline lineno="27"><highlight class="normal"></highlight></codeline>
<codeline lineno="28"><highlight class="normal"><sp/><sp/><sp/><sp/>sint32<sp/><ref refid="class_platy_v_g_core_1_1_record_1ad8bf722191fa454039cdefbeb9936198" kindref="member">Record::Redo</ref>(<ref refid="class_platy_v_g_core_1_1_document" kindref="compound">Document</ref>*<sp/>doc)</highlight></codeline>
<codeline lineno="29"><highlight class="normal"><sp/><sp/><sp/><sp/>{</highlight></codeline>
<codeline lineno="30"><highlight class="normal"><sp/><sp/><sp/><sp/><sp/><sp/><sp/><sp/></highlight><highlight class="keywordflow">return</highlight><highlight class="normal"><sp/>0;<sp/></highlight></codeline>
<codeline lineno="31"><highlight class="normal"><sp/><sp/><sp/><sp/>}</highlight></codeline>
<codeline lineno="32"><highlight class="normal"></highlight></codeline>
<codeline lineno="33"><highlight class="normal"><sp/><sp/><sp/><sp/>sint32<sp/><ref refid="class_platy_v_g_core_1_1_record_1a45773750a0c677ec518e51979d8f9f4a" kindref="member">Record::GetFocus</ref>(<ref refid="class_platy_v_g_core_1_1_document" kindref="compound">Document</ref>*<sp/>doc)</highlight></codeline>
<codeline lineno="34"><highlight class="normal"><sp/><sp/><sp/><sp/>{</highlight></codeline>
<codeline lineno="35"><highlight class="normal"><sp/><sp/><sp/><sp/><sp/><sp/><sp/><sp/></highlight><highlight class="keywordflow">return</highlight><highlight class="normal"><sp/>doc-&gt;ShapeRec.ActionFocus;</highlight></codeline>
<codeline lineno="36"><highlight class="normal"><sp/><sp/><sp/><sp/>}</highlight></codeline>
<codeline lineno="37"><highlight class="normal"></highlight></codeline>
<codeline lineno="38"><highlight class="normal"><sp/><sp/><sp/><sp/>sint32<sp/><ref refid="class_platy_v_g_core_1_1_record_1aba8196a1bd7d3872ac9d6747490ad1d1" kindref="member">Record::GetCount</ref>(<ref refid="class_platy_v_g_core_1_1_document" kindref="compound">Document</ref>*<sp/>doc)</highlight></codeline>
<codeline lineno="39"><highlight class="normal"><sp/><sp/><sp/><sp/>{</highlight></codeline>
<codeline lineno="40"><highlight class="normal"><sp/><sp/><sp/><sp/><sp/><sp/><sp/><sp/></highlight><highlight class="keywordflow">return</highlight><highlight class="normal"><sp/>doc-&gt;ShapeRec.ActionLength;</highlight></codeline>
<codeline lineno="41"><highlight class="normal"><sp/><sp/><sp/><sp/>}</highlight></codeline>
<codeline lineno="42"><highlight class="normal"></highlight></codeline>
<codeline lineno="43"><highlight class="normal"><sp/><sp/><sp/><sp/></highlight><highlight class="keywordtype">void</highlight><highlight class="normal"><sp/><ref refid="class_platy_v_g_core_1_1_record_1a2c07838b0db136f57d2632dc4ee6307a" kindref="member">Record::SetCountMax</ref>(<ref refid="class_platy_v_g_core_1_1_document" kindref="compound">Document</ref>*<sp/>doc,<sp/>sint32<sp/>value)</highlight></codeline>
<codeline lineno="44"><highlight class="normal"><sp/><sp/><sp/><sp/>{</highlight></codeline>
<codeline lineno="45"><highlight class="normal"><sp/><sp/><sp/><sp/><sp/><sp/><sp/><sp/>doc-&gt;ShapeRec.ActionLengthMax<sp/>=<sp/>value;</highlight></codeline>
<codeline lineno="46"><highlight class="normal"><sp/><sp/><sp/><sp/>}</highlight></codeline>
<codeline lineno="47"><highlight class="normal"></highlight></codeline>
<codeline lineno="48"><highlight class="normal"><sp/><sp/><sp/><sp/>sint32<sp/><ref refid="class_platy_v_g_core_1_1_record_1a3df14fe0828209fdc1e8262d480feb1e" kindref="member">Record::GetCountMax</ref>(<ref refid="class_platy_v_g_core_1_1_document" kindref="compound">Document</ref>*<sp/>doc)</highlight></codeline>
<codeline lineno="49"><highlight class="normal"><sp/><sp/><sp/><sp/>{</highlight></codeline>
<codeline lineno="50"><highlight class="normal"><sp/><sp/><sp/><sp/><sp/><sp/><sp/><sp/></highlight><highlight class="keywordflow">return</highlight><highlight class="normal"><sp/>doc-&gt;ShapeRec.ActionLengthMax;</highlight></codeline>
<codeline lineno="51"><highlight class="normal"><sp/><sp/><sp/><sp/>}</highlight></codeline>
<codeline lineno="52"><highlight class="normal">}</highlight></codeline>
    </programlisting>
    <location file="C:/BonexData/BxProject/PlatyVG/source/core/record.cpp"/>
  </compounddef>
</doxygen>
