<?xml version='1.0' encoding='UTF-8' standalone='no'?>
<doxygen xmlns:xsi="http://www.w3.org/2001/XMLSchema-instance" xsi:noNamespaceSchemaLocation="compound.xsd" version="1.8.9.1">
  <compounddef id="selector_8hpp" kind="file" language="C++">
    <compoundname>selector.hpp</compoundname>
    <includes refid="platyvg_8hpp" local="no">platyvg.hpp</includes>
    <includes refid="coord_8hpp" local="yes">../element/coord.hpp</includes>
    <includes refid="point_8hpp" local="yes">../element/point.hpp</includes>
    <includes refid="rect_8hpp" local="yes">../element/rect.hpp</includes>
    <includes refid="table_8hpp" local="yes">../element/table.hpp</includes>
    <includedby refid="shape_8hpp" local="yes">shape.hpp</includedby>
    <includedby refid="input_8cpp" local="yes">input.cpp</includedby>
    <includedby refid="selector_8cpp" local="yes">selector.cpp</includedby>
    <incdepgraph>
      <node id="1077">
        <label>../element/point.hpp</label>
        <link refid="point_8hpp_source"/>
        <childnode refid="1066" relation="include">
        </childnode>
        <childnode refid="1078" relation="include">
        </childnode>
      </node>
      <node id="1066">
        <label>platyvg.hpp</label>
        <link refid="platyvg_8hpp_source"/>
        <childnode refid="1067" relation="include">
        </childnode>
        <childnode refid="1068" relation="include">
        </childnode>
        <childnode refid="1070" relation="include">
        </childnode>
        <childnode refid="1072" relation="include">
        </childnode>
        <childnode refid="1073" relation="include">
        </childnode>
        <childnode refid="1071" relation="include">
        </childnode>
        <childnode refid="1074" relation="include">
        </childnode>
        <childnode refid="1069" relation="include">
        </childnode>
        <childnode refid="1075" relation="include">
        </childnode>
      </node>
      <node id="1073">
        <label>../px/math.hpp</label>
        <link refid="math_8hpp_source"/>
        <childnode refid="1067" relation="include">
        </childnode>
      </node>
      <node id="1074">
        <label>../px/parser.hpp</label>
        <link refid="parser_8hpp_source"/>
        <childnode refid="1075" relation="include">
        </childnode>
      </node>
      <node id="1081">
        <label>../element/zoom.hpp</label>
        <link refid="zoom_8hpp_source"/>
        <childnode refid="1066" relation="include">
        </childnode>
        <childnode refid="1077" relation="include">
        </childnode>
      </node>
      <node id="1070">
        <label>../px/buffer.hpp</label>
        <link refid="buffer_8hpp_source"/>
        <childnode refid="1071" relation="include">
        </childnode>
      </node>
      <node id="1065">
        <label>selector.hpp</label>
        <link refid="selector.hpp"/>
        <childnode refid="1066" relation="include">
        </childnode>
        <childnode refid="1076" relation="include">
        </childnode>
        <childnode refid="1077" relation="include">
        </childnode>
        <childnode refid="1079" relation="include">
        </childnode>
        <childnode refid="1082" relation="include">
        </childnode>
      </node>
      <node id="1067">
        <label>../px/px.hpp</label>
        <link refid="px_8hpp_source"/>
      </node>
      <node id="1079">
        <label>../element/rect.hpp</label>
        <link refid="rect_8hpp_source"/>
        <childnode refid="1066" relation="include">
        </childnode>
        <childnode refid="1077" relation="include">
        </childnode>
        <childnode refid="1080" relation="include">
        </childnode>
        <childnode refid="1081" relation="include">
        </childnode>
      </node>
      <node id="1072">
        <label>../px/file.hpp</label>
        <link refid="file_8hpp_source"/>
        <childnode refid="1067" relation="include">
        </childnode>
      </node>
      <node id="1078">
        <label>../element/matrix.hpp</label>
        <link refid="matrix_8hpp_source"/>
        <childnode refid="1066" relation="include">
        </childnode>
      </node>
      <node id="1075">
        <label>../px/string.hpp</label>
        <link refid="string_8hpp_source"/>
        <childnode refid="1068" relation="include">
        </childnode>
      </node>
      <node id="1071">
        <label>../px/memory.hpp</label>
        <link refid="memory_8hpp_source"/>
        <childnode refid="1067" relation="include">
        </childnode>
      </node>
      <node id="1068">
        <label>../px/array.hpp</label>
        <link refid="array_8hpp_source"/>
        <childnode refid="1069" relation="include">
        </childnode>
      </node>
      <node id="1076">
        <label>../element/coord.hpp</label>
        <link refid="coord_8hpp_source"/>
        <childnode refid="1066" relation="include">
        </childnode>
      </node>
      <node id="1080">
        <label>../element/size.hpp</label>
        <link refid="size_8hpp_source"/>
        <childnode refid="1066" relation="include">
        </childnode>
      </node>
      <node id="1082">
        <label>../element/table.hpp</label>
        <link refid="table_8hpp_source"/>
        <childnode refid="1066" relation="include">
        </childnode>
      </node>
      <node id="1069">
        <label>../px/share.hpp</label>
        <link refid="share_8hpp_source"/>
        <childnode refid="1070" relation="include">
        </childnode>
      </node>
    </incdepgraph>
    <invincdepgraph>
      <node id="1083">
        <label>selector.hpp</label>
        <link refid="selector.hpp"/>
        <childnode refid="1084" relation="include">
        </childnode>
      </node>
      <node id="1084">
        <label>shape.hpp</label>
        <link refid="shape_8hpp_source"/>
        <childnode refid="1085" relation="include">
        </childnode>
        <childnode refid="1087" relation="include">
        </childnode>
      </node>
      <node id="1085">
        <label>layer.hpp</label>
        <link refid="layer_8hpp_source"/>
        <childnode refid="1086" relation="include">
        </childnode>
      </node>
      <node id="1087">
        <label>view.hpp</label>
        <link refid="view_8hpp_source"/>
      </node>
      <node id="1086">
        <label>document.hpp</label>
        <link refid="document_8hpp_source"/>
        <childnode refid="1087" relation="include">
        </childnode>
      </node>
    </invincdepgraph>
    <innerclass refid="class_platy_v_g_element_1_1_selector" prot="public">PlatyVGElement::Selector</innerclass>
    <innernamespace refid="namespace_platy_v_g_element">PlatyVGElement</innernamespace>
    <briefdescription>
    </briefdescription>
    <detaileddescription>
    </detaileddescription>
    <programlisting>
<codeline lineno="1"><highlight class="preprocessor">#pragma<sp/>once</highlight><highlight class="normal"></highlight></codeline>
<codeline lineno="2"><highlight class="normal"></highlight><highlight class="preprocessor">#include<sp/>&lt;platyvg.hpp&gt;</highlight><highlight class="normal"></highlight></codeline>
<codeline lineno="3"><highlight class="normal"></highlight><highlight class="preprocessor">#include<sp/>&quot;../element/coord.hpp&quot;</highlight><highlight class="normal"></highlight></codeline>
<codeline lineno="4"><highlight class="normal"></highlight><highlight class="preprocessor">#include<sp/>&quot;../element/point.hpp&quot;</highlight><highlight class="normal"></highlight></codeline>
<codeline lineno="5"><highlight class="normal"></highlight><highlight class="preprocessor">#include<sp/>&quot;../element/rect.hpp&quot;</highlight><highlight class="normal"></highlight></codeline>
<codeline lineno="6"><highlight class="normal"></highlight><highlight class="preprocessor">#include<sp/>&quot;../element/table.hpp&quot;</highlight><highlight class="normal"></highlight></codeline>
<codeline lineno="7"><highlight class="normal"></highlight></codeline>
<codeline lineno="8"><highlight class="normal"></highlight><highlight class="keyword">namespace<sp/></highlight><highlight class="normal"><ref refid="namespace_platy_v_g_element" kindref="compound">PlatyVGElement</ref></highlight></codeline>
<codeline lineno="9"><highlight class="normal">{</highlight></codeline>
<codeline lineno="11" refid="class_platy_v_g_element_1_1_selector" refkind="compound"><highlight class="normal"><sp/><sp/><sp/><sp/></highlight><highlight class="keyword">class<sp/></highlight><highlight class="normal"><ref refid="class_platy_v_g_element_1_1_selector" kindref="compound">Selector</ref></highlight></codeline>
<codeline lineno="12"><highlight class="normal"><sp/><sp/><sp/><sp/>{</highlight></codeline>
<codeline lineno="13"><highlight class="normal"><sp/><sp/><sp/><sp/></highlight><highlight class="keyword">public</highlight><highlight class="normal">:</highlight></codeline>
<codeline lineno="14"><highlight class="normal"><sp/><sp/><sp/><sp/><sp/><sp/><sp/><sp/><ref refid="class_platy_v_g_element_1_1_selector" kindref="compound">Selector</ref>(</highlight><highlight class="keyword">const</highlight><highlight class="normal"><sp/><ref refid="class_px_1_1_array" kindref="compound">Coords</ref><sp/>coods);</highlight></codeline>
<codeline lineno="15"><highlight class="normal"><sp/><sp/><sp/><sp/><sp/><sp/><sp/><sp/>~<ref refid="class_platy_v_g_element_1_1_selector" kindref="compound">Selector</ref>();</highlight></codeline>
<codeline lineno="16"><highlight class="normal"></highlight></codeline>
<codeline lineno="17"><highlight class="normal"><sp/><sp/><sp/><sp/></highlight><highlight class="keyword">public</highlight><highlight class="normal">:</highlight></codeline>
<codeline lineno="18"><highlight class="normal"><sp/><sp/><sp/><sp/><sp/><sp/><sp/><sp/></highlight><highlight class="keyword">const</highlight><highlight class="normal"><sp/></highlight><highlight class="keywordtype">bool</highlight><highlight class="normal"><sp/>IsValid()<sp/></highlight><highlight class="keyword">const</highlight><highlight class="normal">;</highlight></codeline>
<codeline lineno="19"><highlight class="normal"><sp/><sp/><sp/><sp/><sp/><sp/><sp/><sp/></highlight><highlight class="keyword">const</highlight><highlight class="normal"><sp/><ref refid="class_platy_v_g_element_1_1_rect" kindref="compound">Rect</ref><sp/>GetRect()<sp/></highlight><highlight class="keyword">const</highlight><highlight class="normal">;</highlight></codeline>
<codeline lineno="20"><highlight class="normal"><sp/><sp/><sp/><sp/><sp/><sp/><sp/><sp/></highlight><highlight class="keyword">const</highlight><highlight class="normal"><sp/><ref refid="class_px_1_1_array" kindref="compound">Rects</ref><sp/>GetRects();</highlight></codeline>
<codeline lineno="21"><highlight class="normal"><sp/><sp/><sp/><sp/><sp/><sp/><sp/><sp/></highlight><highlight class="keyword">const</highlight><highlight class="normal"><sp/><ref refid="class_px_1_1_array" kindref="compound">Points</ref><sp/>GetPoints();</highlight></codeline>
<codeline lineno="22"><highlight class="normal"><sp/><sp/><sp/><sp/><sp/><sp/><sp/><sp/></highlight><highlight class="keyword">const</highlight><highlight class="normal"><sp/><ref refid="class_px_1_1_array" kindref="compound">Tables</ref><sp/>GetTables(sint32*<sp/>ymin);</highlight></codeline>
<codeline lineno="23"><highlight class="normal"></highlight></codeline>
<codeline lineno="24"><highlight class="normal"><sp/><sp/><sp/><sp/></highlight><highlight class="keyword">private</highlight><highlight class="normal">:</highlight></codeline>
<codeline lineno="25"><highlight class="normal"><sp/><sp/><sp/><sp/><sp/><sp/><sp/><sp/></highlight><highlight class="keyword">const</highlight><highlight class="normal"><sp/><ref refid="class_px_1_1_array" kindref="compound">Coords</ref><sp/>coods;</highlight></codeline>
<codeline lineno="26"><highlight class="normal"><sp/><sp/><sp/><sp/><sp/><sp/><sp/><sp/><ref refid="class_px_1_1_array" kindref="compound">Rects</ref><sp/>rects;</highlight></codeline>
<codeline lineno="27"><highlight class="normal"><sp/><sp/><sp/><sp/><sp/><sp/><sp/><sp/><ref refid="class_px_1_1_array" kindref="compound">Points</ref><sp/>points;</highlight></codeline>
<codeline lineno="28"><highlight class="normal"><sp/><sp/><sp/><sp/><sp/><sp/><sp/><sp/><ref refid="class_px_1_1_array" kindref="compound">Tables</ref><sp/>tables;</highlight></codeline>
<codeline lineno="29"><highlight class="normal"><sp/><sp/><sp/><sp/><sp/><sp/><sp/><sp/>sint32<sp/>tables_ymin;</highlight></codeline>
<codeline lineno="30"><highlight class="normal"><sp/><sp/><sp/><sp/>};</highlight></codeline>
<codeline lineno="31"><highlight class="normal">}</highlight></codeline>
    </programlisting>
    <location file="C:/BonexData/BxProject/PlatyVG/source/element/selector.hpp"/>
  </compounddef>
</doxygen>
