<?xml version='1.0' encoding='UTF-8' standalone='no'?>
<doxygen xmlns:xsi="http://www.w3.org/2001/XMLSchema-instance" xsi:noNamespaceSchemaLocation="compound.xsd" version="1.8.9.1">
  <compounddef id="shape_8hpp" kind="file" language="C++">
    <compoundname>shape.hpp</compoundname>
    <includes refid="platyvg_8hpp" local="no">platyvg.hpp</includes>
    <includes refid="adapter_8hpp" local="yes">../api/adapter.hpp</includes>
    <includes refid="context_8hpp" local="yes">../element/context.hpp</includes>
    <includes refid="coord_8hpp" local="yes">../element/coord.hpp</includes>
    <includes refid="edge_8hpp" local="yes">../element/edge.hpp</includes>
    <includes refid="matrix_8hpp" local="yes">../element/matrix.hpp</includes>
    <includes refid="mesh_8hpp" local="yes">../element/mesh.hpp</includes>
    <includes refid="point_8hpp" local="yes">../element/point.hpp</includes>
    <includes refid="selector_8hpp" local="yes">../element/selector.hpp</includes>
    <includes refid="size_8hpp" local="yes">../element/size.hpp</includes>
    <includes refid="zoom_8hpp" local="yes">../element/zoom.hpp</includes>
    <includedby refid="layer_8hpp" local="yes">layer.hpp</includedby>
    <includedby refid="view_8hpp" local="yes">view.hpp</includedby>
    <includedby refid="shape_8cpp" local="yes">shape.cpp</includedby>
    <incdepgraph>
      <node id="1131">
        <label>../element/point.hpp</label>
        <link refid="point_8hpp_source"/>
        <childnode refid="1115" relation="include">
        </childnode>
        <childnode refid="1128" relation="include">
        </childnode>
      </node>
      <node id="1115">
        <label>platyvg.hpp</label>
        <link refid="platyvg_8hpp_source"/>
        <childnode refid="1116" relation="include">
        </childnode>
        <childnode refid="1117" relation="include">
        </childnode>
        <childnode refid="1119" relation="include">
        </childnode>
        <childnode refid="1121" relation="include">
        </childnode>
        <childnode refid="1122" relation="include">
        </childnode>
        <childnode refid="1120" relation="include">
        </childnode>
        <childnode refid="1123" relation="include">
        </childnode>
        <childnode refid="1118" relation="include">
        </childnode>
        <childnode refid="1124" relation="include">
        </childnode>
      </node>
      <node id="1126">
        <label>../element/color.hpp</label>
        <link refid="color_8hpp_source"/>
        <childnode refid="1115" relation="include">
        </childnode>
      </node>
      <node id="1122">
        <label>../px/math.hpp</label>
        <link refid="math_8hpp_source"/>
        <childnode refid="1116" relation="include">
        </childnode>
      </node>
      <node id="1123">
        <label>../px/parser.hpp</label>
        <link refid="parser_8hpp_source"/>
        <childnode refid="1124" relation="include">
        </childnode>
      </node>
      <node id="1132">
        <label>../element/context.hpp</label>
        <link refid="context_8hpp_source"/>
        <childnode refid="1115" relation="include">
        </childnode>
        <childnode refid="1126" relation="include">
        </childnode>
      </node>
      <node id="1130">
        <label>../element/zoom.hpp</label>
        <link refid="zoom_8hpp_source"/>
        <childnode refid="1115" relation="include">
        </childnode>
        <childnode refid="1131" relation="include">
        </childnode>
      </node>
      <node id="1129">
        <label>../element/mesh.hpp</label>
        <link refid="mesh_8hpp_source"/>
        <childnode refid="1115" relation="include">
        </childnode>
      </node>
      <node id="1119">
        <label>../px/buffer.hpp</label>
        <link refid="buffer_8hpp_source"/>
        <childnode refid="1120" relation="include">
        </childnode>
      </node>
      <node id="1134">
        <label>../element/selector.hpp</label>
        <link refid="selector_8hpp_source"/>
        <childnode refid="1115" relation="include">
        </childnode>
        <childnode refid="1127" relation="include">
        </childnode>
        <childnode refid="1131" relation="include">
        </childnode>
        <childnode refid="1135" relation="include">
        </childnode>
        <childnode refid="1137" relation="include">
        </childnode>
      </node>
      <node id="1116">
        <label>../px/px.hpp</label>
        <link refid="px_8hpp_source"/>
      </node>
      <node id="1135">
        <label>../element/rect.hpp</label>
        <link refid="rect_8hpp_source"/>
        <childnode refid="1115" relation="include">
        </childnode>
        <childnode refid="1131" relation="include">
        </childnode>
        <childnode refid="1136" relation="include">
        </childnode>
        <childnode refid="1130" relation="include">
        </childnode>
      </node>
      <node id="1121">
        <label>../px/file.hpp</label>
        <link refid="file_8hpp_source"/>
        <childnode refid="1116" relation="include">
        </childnode>
      </node>
      <node id="1128">
        <label>../element/matrix.hpp</label>
        <link refid="matrix_8hpp_source"/>
        <childnode refid="1115" relation="include">
        </childnode>
      </node>
      <node id="1114">
        <label>shape.hpp</label>
        <link refid="shape.hpp"/>
        <childnode refid="1115" relation="include">
        </childnode>
        <childnode refid="1125" relation="include">
        </childnode>
        <childnode refid="1132" relation="include">
        </childnode>
        <childnode refid="1127" relation="include">
        </childnode>
        <childnode refid="1133" relation="include">
        </childnode>
        <childnode refid="1128" relation="include">
        </childnode>
        <childnode refid="1129" relation="include">
        </childnode>
        <childnode refid="1131" relation="include">
        </childnode>
        <childnode refid="1134" relation="include">
        </childnode>
        <childnode refid="1136" relation="include">
        </childnode>
        <childnode refid="1130" relation="include">
        </childnode>
      </node>
      <node id="1125">
        <label>../api/adapter.hpp</label>
        <link refid="adapter_8hpp_source"/>
        <childnode refid="1115" relation="include">
        </childnode>
        <childnode refid="1126" relation="include">
        </childnode>
        <childnode refid="1127" relation="include">
        </childnode>
        <childnode refid="1128" relation="include">
        </childnode>
        <childnode refid="1129" relation="include">
        </childnode>
        <childnode refid="1130" relation="include">
        </childnode>
      </node>
      <node id="1124">
        <label>../px/string.hpp</label>
        <link refid="string_8hpp_source"/>
        <childnode refid="1117" relation="include">
        </childnode>
      </node>
      <node id="1120">
        <label>../px/memory.hpp</label>
        <link refid="memory_8hpp_source"/>
        <childnode refid="1116" relation="include">
        </childnode>
      </node>
      <node id="1117">
        <label>../px/array.hpp</label>
        <link refid="array_8hpp_source"/>
        <childnode refid="1118" relation="include">
        </childnode>
      </node>
      <node id="1127">
        <label>../element/coord.hpp</label>
        <link refid="coord_8hpp_source"/>
        <childnode refid="1115" relation="include">
        </childnode>
      </node>
      <node id="1136">
        <label>../element/size.hpp</label>
        <link refid="size_8hpp_source"/>
        <childnode refid="1115" relation="include">
        </childnode>
      </node>
      <node id="1137">
        <label>../element/table.hpp</label>
        <link refid="table_8hpp_source"/>
        <childnode refid="1115" relation="include">
        </childnode>
      </node>
      <node id="1133">
        <label>../element/edge.hpp</label>
        <link refid="edge_8hpp_source"/>
        <childnode refid="1115" relation="include">
        </childnode>
        <childnode refid="1131" relation="include">
        </childnode>
      </node>
      <node id="1118">
        <label>../px/share.hpp</label>
        <link refid="share_8hpp_source"/>
        <childnode refid="1119" relation="include">
        </childnode>
      </node>
    </incdepgraph>
    <invincdepgraph>
      <node id="1138">
        <label>shape.hpp</label>
        <link refid="shape.hpp"/>
        <childnode refid="1139" relation="include">
        </childnode>
        <childnode refid="1141" relation="include">
        </childnode>
      </node>
      <node id="1139">
        <label>layer.hpp</label>
        <link refid="layer_8hpp_source"/>
        <childnode refid="1140" relation="include">
        </childnode>
      </node>
      <node id="1141">
        <label>view.hpp</label>
        <link refid="view_8hpp_source"/>
      </node>
      <node id="1140">
        <label>document.hpp</label>
        <link refid="document_8hpp_source"/>
        <childnode refid="1141" relation="include">
        </childnode>
      </node>
    </invincdepgraph>
    <innerclass refid="class_platy_v_g_core_1_1_shape" prot="public">PlatyVGCore::Shape</innerclass>
    <innerclass refid="class_platy_v_g_core_1_1_shape_spline" prot="public">PlatyVGCore::ShapeSpline</innerclass>
    <innerclass refid="class_platy_v_g_core_1_1_shape_tube" prot="public">PlatyVGCore::ShapeTube</innerclass>
    <innerclass refid="class_platy_v_g_core_1_1_shape_tube_aqua" prot="public">PlatyVGCore::ShapeTubeAqua</innerclass>
    <innernamespace refid="namespace_platy_v_g_core">PlatyVGCore</innernamespace>
    <briefdescription>
    </briefdescription>
    <detaileddescription>
    </detaileddescription>
    <programlisting>
<codeline lineno="1"><highlight class="preprocessor">#pragma<sp/>once</highlight><highlight class="normal"></highlight></codeline>
<codeline lineno="2"><highlight class="normal"></highlight><highlight class="preprocessor">#include<sp/>&lt;platyvg.hpp&gt;</highlight><highlight class="normal"></highlight></codeline>
<codeline lineno="3"><highlight class="normal"></highlight><highlight class="preprocessor">#include<sp/>&quot;../api/adapter.hpp&quot;</highlight><highlight class="normal"></highlight></codeline>
<codeline lineno="4"><highlight class="normal"></highlight><highlight class="preprocessor">#include<sp/>&quot;../element/context.hpp&quot;</highlight><highlight class="normal"></highlight></codeline>
<codeline lineno="5"><highlight class="normal"></highlight><highlight class="preprocessor">#include<sp/>&quot;../element/coord.hpp&quot;</highlight><highlight class="normal"></highlight></codeline>
<codeline lineno="6"><highlight class="normal"></highlight><highlight class="preprocessor">#include<sp/>&quot;../element/edge.hpp&quot;</highlight><highlight class="normal"></highlight></codeline>
<codeline lineno="7"><highlight class="normal"></highlight><highlight class="preprocessor">#include<sp/>&quot;../element/matrix.hpp&quot;</highlight><highlight class="normal"></highlight></codeline>
<codeline lineno="8"><highlight class="normal"></highlight><highlight class="preprocessor">#include<sp/>&quot;../element/mesh.hpp&quot;</highlight><highlight class="normal"></highlight></codeline>
<codeline lineno="9"><highlight class="normal"></highlight><highlight class="preprocessor">#include<sp/>&quot;../element/point.hpp&quot;</highlight><highlight class="normal"></highlight></codeline>
<codeline lineno="10"><highlight class="normal"></highlight><highlight class="preprocessor">#include<sp/>&quot;../element/selector.hpp&quot;</highlight><highlight class="normal"></highlight></codeline>
<codeline lineno="11"><highlight class="normal"></highlight><highlight class="preprocessor">#include<sp/>&quot;../element/size.hpp&quot;</highlight><highlight class="normal"></highlight></codeline>
<codeline lineno="12"><highlight class="normal"></highlight><highlight class="preprocessor">#include<sp/>&quot;../element/zoom.hpp&quot;</highlight><highlight class="normal"></highlight></codeline>
<codeline lineno="13"><highlight class="normal"></highlight></codeline>
<codeline lineno="14"><highlight class="normal"></highlight><highlight class="keyword">namespace<sp/></highlight><highlight class="normal"><ref refid="namespace_platy_v_g_core" kindref="compound">PlatyVGCore</ref></highlight></codeline>
<codeline lineno="15"><highlight class="normal">{</highlight></codeline>
<codeline lineno="17" refid="class_platy_v_g_core_1_1_shape" refkind="compound"><highlight class="normal"><sp/><sp/><sp/><sp/></highlight><highlight class="keyword">class<sp/></highlight><highlight class="normal"><ref refid="class_platy_v_g_core_1_1_shape" kindref="compound">Shape</ref></highlight></codeline>
<codeline lineno="18"><highlight class="normal"><sp/><sp/><sp/><sp/>{</highlight></codeline>
<codeline lineno="19"><highlight class="normal"><sp/><sp/><sp/><sp/></highlight><highlight class="keyword">public</highlight><highlight class="normal">:</highlight></codeline>
<codeline lineno="20"><highlight class="normal"><sp/><sp/><sp/><sp/><sp/><sp/><sp/><sp/><ref refid="class_platy_v_g_core_1_1_shape" kindref="compound">Shape</ref>();</highlight></codeline>
<codeline lineno="21"><highlight class="normal"><sp/><sp/><sp/><sp/><sp/><sp/><sp/><sp/><ref refid="class_platy_v_g_core_1_1_shape" kindref="compound">Shape</ref>(</highlight><highlight class="keyword">const</highlight><highlight class="normal"><sp/><ref refid="class_platy_v_g_core_1_1_shape" kindref="compound">Shape</ref>&amp;<sp/>rhs);</highlight></codeline>
<codeline lineno="22"><highlight class="normal"><sp/><sp/><sp/><sp/><sp/><sp/><sp/><sp/></highlight><highlight class="keyword">virtual</highlight><highlight class="normal"><sp/>~<ref refid="class_platy_v_g_core_1_1_shape" kindref="compound">Shape</ref>();</highlight></codeline>
<codeline lineno="23"><highlight class="normal"><sp/><sp/><sp/><sp/><sp/><sp/><sp/><sp/><ref refid="class_platy_v_g_core_1_1_shape" kindref="compound">Shape</ref>&amp;<sp/>operator=(</highlight><highlight class="keyword">const</highlight><highlight class="normal"><sp/><ref refid="class_platy_v_g_core_1_1_shape" kindref="compound">Shape</ref>&amp;<sp/>rhs);</highlight></codeline>
<codeline lineno="24"><highlight class="normal"></highlight></codeline>
<codeline lineno="25"><highlight class="normal"><sp/><sp/><sp/><sp/></highlight><highlight class="keyword">public</highlight><highlight class="normal">:</highlight></codeline>
<codeline lineno="26"><highlight class="normal"><sp/><sp/><sp/><sp/><sp/><sp/><sp/><sp/></highlight><highlight class="keyword">virtual</highlight><highlight class="normal"><sp/></highlight><highlight class="keywordtype">void</highlight><highlight class="normal"><sp/>Process(</highlight><highlight class="keyword">const</highlight><highlight class="normal"><sp/><ref refid="class_platy_v_g_element_1_1_context" kindref="compound">Context</ref>&amp;<sp/>ctx,<sp/></highlight><highlight class="keyword">const</highlight><highlight class="normal"><sp/><ref refid="class_px_1_1_array" kindref="compound">Coords</ref><sp/>coods);</highlight></codeline>
<codeline lineno="27"><highlight class="normal"><sp/><sp/><sp/><sp/><sp/><sp/><sp/><sp/></highlight><highlight class="keyword">virtual</highlight><highlight class="normal"><sp/></highlight><highlight class="keywordtype">void</highlight><highlight class="normal"><sp/>Update(</highlight><highlight class="keyword">const</highlight><highlight class="normal"><sp/><ref refid="class_platy_v_g_element_1_1_point" kindref="compound">Point</ref>&amp;<sp/>offset,<sp/></highlight><highlight class="keyword">const</highlight><highlight class="normal"><sp/></highlight><highlight class="keywordtype">float</highlight><highlight class="normal"><sp/>scale,<sp/></highlight><highlight class="keyword">const</highlight><highlight class="normal"><sp/></highlight><highlight class="keywordtype">float</highlight><highlight class="normal"><sp/>radius);</highlight></codeline>
<codeline lineno="28"><highlight class="normal"><sp/><sp/><sp/><sp/><sp/><sp/><sp/><sp/></highlight><highlight class="keyword">virtual</highlight><highlight class="normal"><sp/></highlight><highlight class="keywordtype">void</highlight><highlight class="normal"><sp/>Reset();</highlight></codeline>
<codeline lineno="29"><highlight class="normal"></highlight></codeline>
<codeline lineno="30"><highlight class="normal"><sp/><sp/><sp/><sp/></highlight><highlight class="keyword">public</highlight><highlight class="normal">:</highlight></codeline>
<codeline lineno="31"><highlight class="normal"><sp/><sp/><sp/><sp/><sp/><sp/><sp/><sp/></highlight><highlight class="keywordtype">bool</highlight><highlight class="normal"><sp/>IsSelected()<sp/></highlight><highlight class="keyword">const</highlight><highlight class="normal">;</highlight></codeline>
<codeline lineno="32"><highlight class="normal"><sp/><sp/><sp/><sp/><sp/><sp/><sp/><sp/></highlight><highlight class="keywordtype">void</highlight><highlight class="normal"><sp/>Select();</highlight></codeline>
<codeline lineno="33"><highlight class="normal"><sp/><sp/><sp/><sp/><sp/><sp/><sp/><sp/></highlight><highlight class="keywordtype">void</highlight><highlight class="normal"><sp/>Select(</highlight><highlight class="keyword">const</highlight><highlight class="normal"><sp/>SelectBy<sp/>selectby,<sp/><ref refid="class_platy_v_g_element_1_1_selector" kindref="compound">Selector</ref>&amp;<sp/>selector,<sp/></highlight><highlight class="keyword">const</highlight><highlight class="normal"><sp/>MergeBy<sp/>mergeby);</highlight></codeline>
<codeline lineno="34"><highlight class="normal"><sp/><sp/><sp/><sp/><sp/><sp/><sp/><sp/></highlight><highlight class="keywordtype">bool</highlight><highlight class="normal"><sp/>SelectTest(</highlight><highlight class="keyword">const</highlight><highlight class="normal"><sp/>SelectBy<sp/>selectby,<sp/><ref refid="class_platy_v_g_element_1_1_selector" kindref="compound">Selector</ref>&amp;<sp/>selector);</highlight></codeline>
<codeline lineno="35"><highlight class="normal"><sp/><sp/><sp/><sp/><sp/><sp/><sp/><sp/></highlight><highlight class="keywordtype">void</highlight><highlight class="normal"><sp/>Unselect();</highlight></codeline>
<codeline lineno="36"><highlight class="normal"></highlight></codeline>
<codeline lineno="37"><highlight class="normal"><sp/><sp/><sp/><sp/></highlight><highlight class="keyword">public</highlight><highlight class="normal">:</highlight></codeline>
<codeline lineno="38"><highlight class="normal"><sp/><sp/><sp/><sp/><sp/><sp/><sp/><sp/></highlight><highlight class="keywordtype">void</highlight><highlight class="normal"><sp/>ChangeRGB(</highlight><highlight class="keyword">const</highlight><highlight class="normal"><sp/>uint08<sp/>r,<sp/></highlight><highlight class="keyword">const</highlight><highlight class="normal"><sp/>uint08<sp/>g,<sp/></highlight><highlight class="keyword">const</highlight><highlight class="normal"><sp/>uint08<sp/>b);</highlight></codeline>
<codeline lineno="39"><highlight class="normal"><sp/><sp/><sp/><sp/><sp/><sp/><sp/><sp/></highlight><highlight class="keywordtype">void</highlight><highlight class="normal"><sp/>ChangeAlpha(</highlight><highlight class="keyword">const</highlight><highlight class="normal"><sp/>uint08<sp/>alpha,<sp/></highlight><highlight class="keyword">const</highlight><highlight class="normal"><sp/>uint32<sp/>aqua);</highlight></codeline>
<codeline lineno="40"><highlight class="normal"><sp/><sp/><sp/><sp/><sp/><sp/><sp/><sp/></highlight><highlight class="keywordtype">void</highlight><highlight class="normal"><sp/>ChangeAlpha(</highlight><highlight class="keyword">const</highlight><highlight class="normal"><sp/>uint08<sp/>alpha);</highlight></codeline>
<codeline lineno="41"><highlight class="normal"><sp/><sp/><sp/><sp/><sp/><sp/><sp/><sp/></highlight><highlight class="keywordtype">void</highlight><highlight class="normal"><sp/>ChangeAqua(</highlight><highlight class="keyword">const</highlight><highlight class="normal"><sp/>uint32<sp/>aqua);</highlight></codeline>
<codeline lineno="42"><highlight class="normal"><sp/><sp/><sp/><sp/><sp/><sp/><sp/><sp/></highlight><highlight class="keywordtype">void</highlight><highlight class="normal"><sp/>ChangeMatrix(</highlight><highlight class="keyword">const</highlight><highlight class="normal"><sp/><ref refid="class_platy_v_g_element_1_1_point" kindref="compound">Point</ref><sp/>(&amp;oldpoint)[2],<sp/></highlight><highlight class="keyword">const</highlight><highlight class="normal"><sp/><ref refid="class_platy_v_g_element_1_1_point" kindref="compound">Point</ref><sp/>(&amp;newpoint)[2],<sp/></highlight><highlight class="keyword">const</highlight><highlight class="normal"><sp/><ref refid="class_platy_v_g_element_1_1_zoom" kindref="compound">Zoom</ref><sp/>zoom);</highlight></codeline>
<codeline lineno="43"><highlight class="normal"></highlight></codeline>
<codeline lineno="44"><highlight class="normal"><sp/><sp/><sp/><sp/></highlight><highlight class="keyword">public</highlight><highlight class="normal">:</highlight></codeline>
<codeline lineno="45"><highlight class="normal"><sp/><sp/><sp/><sp/><sp/><sp/><sp/><sp/></highlight><highlight class="keywordtype">void</highlight><highlight class="normal"><sp/>SetContext(</highlight><highlight class="keyword">const</highlight><highlight class="normal"><sp/><ref refid="class_platy_v_g_element_1_1_context" kindref="compound">Context</ref>&amp;<sp/>ctx);</highlight></codeline>
<codeline lineno="46"><highlight class="normal"><sp/><sp/><sp/><sp/><sp/><sp/><sp/><sp/></highlight><highlight class="keyword">const</highlight><highlight class="normal"><sp/><ref refid="class_platy_v_g_element_1_1_context" kindref="compound">Context</ref>&amp;<sp/>GetContext()<sp/></highlight><highlight class="keyword">const</highlight><highlight class="normal">;</highlight></codeline>
<codeline lineno="47"><highlight class="normal"><sp/><sp/><sp/><sp/><sp/><sp/><sp/><sp/></highlight><highlight class="keyword">const</highlight><highlight class="normal"><sp/><ref refid="class_platy_v_g_element_1_1_matrix" kindref="compound">Matrix</ref>&amp;<sp/>GetMatrix()<sp/></highlight><highlight class="keyword">const</highlight><highlight class="normal">;</highlight></codeline>
<codeline lineno="48"><highlight class="normal"><sp/><sp/><sp/><sp/><sp/><sp/><sp/><sp/></highlight><highlight class="comment">//<sp/>Edge</highlight><highlight class="normal"></highlight></codeline>
<codeline lineno="49"><highlight class="normal"><sp/><sp/><sp/><sp/><sp/><sp/><sp/><sp/></highlight><highlight class="keyword">virtual</highlight><highlight class="normal"><sp/>chars<sp/>GetEdgeType()<sp/></highlight><highlight class="keyword">const</highlight><highlight class="normal">;</highlight></codeline>
<codeline lineno="50"><highlight class="normal"><sp/><sp/><sp/><sp/><sp/><sp/><sp/><sp/></highlight><highlight class="keyword">virtual</highlight><highlight class="normal"><sp/>sint32<sp/>GetEdgeCount()<sp/></highlight><highlight class="keyword">const</highlight><highlight class="normal">;</highlight></codeline>
<codeline lineno="51"><highlight class="normal"><sp/><sp/><sp/><sp/><sp/><sp/><sp/><sp/></highlight><highlight class="keyword">virtual</highlight><highlight class="normal"><sp/></highlight><highlight class="keyword">const</highlight><highlight class="normal"><sp/><ref refid="class_platy_v_g_element_1_1_edge" kindref="compound">Edge</ref>*<sp/>GetEdge(sint32<sp/>index)<sp/></highlight><highlight class="keyword">const</highlight><highlight class="normal">;</highlight></codeline>
<codeline lineno="52"><highlight class="normal"><sp/><sp/><sp/><sp/><sp/><sp/><sp/><sp/></highlight><highlight class="keyword">virtual</highlight><highlight class="normal"><sp/></highlight><highlight class="keywordtype">void</highlight><highlight class="normal"><sp/>AddEdge(bytes<sp/>edgebuffer);</highlight></codeline>
<codeline lineno="53"><highlight class="normal"><sp/><sp/><sp/><sp/><sp/><sp/><sp/><sp/></highlight><highlight class="comment">//<sp/>Mesh</highlight><highlight class="normal"></highlight></codeline>
<codeline lineno="54"><highlight class="normal"><sp/><sp/><sp/><sp/><sp/><sp/><sp/><sp/></highlight><highlight class="keyword">virtual</highlight><highlight class="normal"><sp/>chars<sp/>GetMeshType()<sp/></highlight><highlight class="keyword">const</highlight><highlight class="normal">;</highlight></codeline>
<codeline lineno="55"><highlight class="normal"><sp/><sp/><sp/><sp/><sp/><sp/><sp/><sp/></highlight><highlight class="keyword">virtual</highlight><highlight class="normal"><sp/>sint32<sp/>GetMeshCount()<sp/></highlight><highlight class="keyword">const</highlight><highlight class="normal">;</highlight></codeline>
<codeline lineno="56"><highlight class="normal"><sp/><sp/><sp/><sp/><sp/><sp/><sp/><sp/></highlight><highlight class="keyword">virtual</highlight><highlight class="normal"><sp/></highlight><highlight class="keyword">const</highlight><highlight class="normal"><sp/><ref refid="class_platy_v_g_element_1_1_mesh" kindref="compound">Mesh</ref>*<sp/>GetMesh(sint32<sp/>index)<sp/></highlight><highlight class="keyword">const</highlight><highlight class="normal">;</highlight></codeline>
<codeline lineno="57"><highlight class="normal"></highlight></codeline>
<codeline lineno="58"><highlight class="normal"><sp/><sp/><sp/><sp/></highlight><highlight class="keyword">protected</highlight><highlight class="normal">:</highlight></codeline>
<codeline lineno="59"><highlight class="normal"><sp/><sp/><sp/><sp/><sp/><sp/><sp/><sp/><ref refid="class_platy_v_g_element_1_1_context" kindref="compound">Context</ref><sp/>context;</highlight></codeline>
<codeline lineno="60"><highlight class="normal"><sp/><sp/><sp/><sp/><sp/><sp/><sp/><sp/><ref refid="class_platy_v_g_element_1_1_matrix" kindref="compound">Matrix</ref><sp/>matrix;</highlight></codeline>
<codeline lineno="61"><highlight class="normal"><sp/><sp/><sp/><sp/><sp/><sp/><sp/><sp/></highlight><highlight class="keywordtype">bool</highlight><highlight class="normal"><sp/>selected;</highlight></codeline>
<codeline lineno="62"><highlight class="normal"><sp/><sp/><sp/><sp/>};</highlight></codeline>
<codeline lineno="63"><highlight class="normal"><sp/><sp/><sp/><sp/></highlight><highlight class="keyword">typedef</highlight><highlight class="normal"><sp/><ref refid="class_px_1_1_union" kindref="compound">Union&lt;Shape&gt;</ref><sp/><ref refid="class_px_1_1_union" kindref="compound">UnionShape</ref>;</highlight></codeline>
<codeline lineno="64"><highlight class="normal"><sp/><sp/><sp/><sp/></highlight><highlight class="keyword">typedef</highlight><highlight class="normal"><sp/><ref refid="class_px_1_1_array" kindref="compound">Array&lt;UnionShape&gt;</ref><sp/><ref refid="class_px_1_1_array" kindref="compound">UnionShapes</ref>;</highlight></codeline>
<codeline lineno="65"><highlight class="normal"></highlight></codeline>
<codeline lineno="67" refid="class_platy_v_g_core_1_1_shape_spline" refkind="compound"><highlight class="normal"><sp/><sp/><sp/><sp/></highlight><highlight class="keyword">class<sp/></highlight><highlight class="normal"><ref refid="class_platy_v_g_core_1_1_shape_spline" kindref="compound">ShapeSpline</ref><sp/>:<sp/></highlight><highlight class="keyword">public</highlight><highlight class="normal"><sp/><ref refid="class_platy_v_g_core_1_1_shape" kindref="compound">Shape</ref></highlight></codeline>
<codeline lineno="68"><highlight class="normal"><sp/><sp/><sp/><sp/>{</highlight></codeline>
<codeline lineno="69"><highlight class="normal"><sp/><sp/><sp/><sp/></highlight><highlight class="keyword">public</highlight><highlight class="normal">:</highlight></codeline>
<codeline lineno="70"><highlight class="normal"><sp/><sp/><sp/><sp/><sp/><sp/><sp/><sp/><ref refid="class_platy_v_g_core_1_1_shape_spline" kindref="compound">ShapeSpline</ref>();</highlight></codeline>
<codeline lineno="71"><highlight class="normal"><sp/><sp/><sp/><sp/><sp/><sp/><sp/><sp/><ref refid="class_platy_v_g_core_1_1_shape_spline" kindref="compound">ShapeSpline</ref>(</highlight><highlight class="keyword">const</highlight><highlight class="normal"><sp/><ref refid="class_platy_v_g_core_1_1_shape_spline" kindref="compound">ShapeSpline</ref>&amp;<sp/>rhs);</highlight></codeline>
<codeline lineno="72"><highlight class="normal"><sp/><sp/><sp/><sp/><sp/><sp/><sp/><sp/></highlight><highlight class="keyword">virtual</highlight><highlight class="normal"><sp/>~<ref refid="class_platy_v_g_core_1_1_shape_spline" kindref="compound">ShapeSpline</ref>();</highlight></codeline>
<codeline lineno="73"><highlight class="normal"><sp/><sp/><sp/><sp/><sp/><sp/><sp/><sp/><ref refid="class_platy_v_g_core_1_1_shape_spline" kindref="compound">ShapeSpline</ref>&amp;<sp/>operator=(</highlight><highlight class="keyword">const</highlight><highlight class="normal"><sp/><ref refid="class_platy_v_g_core_1_1_shape_spline" kindref="compound">ShapeSpline</ref>&amp;<sp/>rhs);</highlight></codeline>
<codeline lineno="74"><highlight class="normal"><sp/><sp/><sp/><sp/><sp/><sp/><sp/><sp/></highlight><highlight class="keywordtype">void</highlight><highlight class="normal"><sp/>Init(</highlight><highlight class="keyword">const</highlight><highlight class="normal"><sp/><ref refid="class_platy_v_g_element_1_1_context" kindref="compound">Context</ref>&amp;<sp/>ctx,<sp/></highlight><highlight class="keyword">const</highlight><highlight class="normal"><sp/><ref refid="class_px_1_1_array" kindref="compound">EdgeSplines</ref>&amp;<sp/>rhs);</highlight></codeline>
<codeline lineno="75"><highlight class="normal"></highlight></codeline>
<codeline lineno="76"><highlight class="normal"><sp/><sp/><sp/><sp/></highlight><highlight class="keyword">public</highlight><highlight class="normal">:</highlight></codeline>
<codeline lineno="77"><highlight class="normal"><sp/><sp/><sp/><sp/><sp/><sp/><sp/><sp/></highlight><highlight class="keyword">virtual</highlight><highlight class="normal"><sp/></highlight><highlight class="keywordtype">void</highlight><highlight class="normal"><sp/>Process(</highlight><highlight class="keyword">const</highlight><highlight class="normal"><sp/><ref refid="class_platy_v_g_element_1_1_context" kindref="compound">Context</ref>&amp;<sp/>ctx,<sp/></highlight><highlight class="keyword">const</highlight><highlight class="normal"><sp/><ref refid="class_px_1_1_array" kindref="compound">Coords</ref><sp/>coods);</highlight></codeline>
<codeline lineno="78"><highlight class="normal"><sp/><sp/><sp/><sp/><sp/><sp/><sp/><sp/></highlight><highlight class="keyword">virtual</highlight><highlight class="normal"><sp/></highlight><highlight class="keywordtype">void</highlight><highlight class="normal"><sp/>Update(</highlight><highlight class="keyword">const</highlight><highlight class="normal"><sp/><ref refid="class_platy_v_g_element_1_1_point" kindref="compound">Point</ref>&amp;<sp/>offset,<sp/></highlight><highlight class="keyword">const</highlight><highlight class="normal"><sp/></highlight><highlight class="keywordtype">float</highlight><highlight class="normal"><sp/>scale,<sp/></highlight><highlight class="keyword">const</highlight><highlight class="normal"><sp/></highlight><highlight class="keywordtype">float</highlight><highlight class="normal"><sp/>radius);</highlight></codeline>
<codeline lineno="79"><highlight class="normal"><sp/><sp/><sp/><sp/><sp/><sp/><sp/><sp/></highlight><highlight class="keyword">virtual</highlight><highlight class="normal"><sp/></highlight><highlight class="keywordtype">void</highlight><highlight class="normal"><sp/>Reset();</highlight></codeline>
<codeline lineno="80"><highlight class="normal"></highlight></codeline>
<codeline lineno="81"><highlight class="normal"><sp/><sp/><sp/><sp/></highlight><highlight class="keyword">public</highlight><highlight class="normal">:</highlight></codeline>
<codeline lineno="82"><highlight class="normal"><sp/><sp/><sp/><sp/><sp/><sp/><sp/><sp/></highlight><highlight class="comment">//<sp/>Edge</highlight><highlight class="normal"></highlight></codeline>
<codeline lineno="83"><highlight class="normal"><sp/><sp/><sp/><sp/><sp/><sp/><sp/><sp/></highlight><highlight class="keyword">virtual</highlight><highlight class="normal"><sp/>chars<sp/>GetEdgeType()<sp/></highlight><highlight class="keyword">const</highlight><highlight class="normal">;</highlight></codeline>
<codeline lineno="84"><highlight class="normal"><sp/><sp/><sp/><sp/><sp/><sp/><sp/><sp/></highlight><highlight class="keyword">virtual</highlight><highlight class="normal"><sp/>sint32<sp/>GetEdgeCount()<sp/></highlight><highlight class="keyword">const</highlight><highlight class="normal">;</highlight></codeline>
<codeline lineno="85"><highlight class="normal"><sp/><sp/><sp/><sp/><sp/><sp/><sp/><sp/></highlight><highlight class="keyword">virtual</highlight><highlight class="normal"><sp/></highlight><highlight class="keyword">const</highlight><highlight class="normal"><sp/><ref refid="class_platy_v_g_element_1_1_edge" kindref="compound">Edge</ref>*<sp/>GetEdge(sint32<sp/>index)<sp/></highlight><highlight class="keyword">const</highlight><highlight class="normal">;</highlight></codeline>
<codeline lineno="86"><highlight class="normal"><sp/><sp/><sp/><sp/><sp/><sp/><sp/><sp/></highlight><highlight class="keyword">virtual</highlight><highlight class="normal"><sp/></highlight><highlight class="keywordtype">void</highlight><highlight class="normal"><sp/>AddEdge(bytes<sp/>edgebuffer);</highlight></codeline>
<codeline lineno="87"><highlight class="normal"><sp/><sp/><sp/><sp/><sp/><sp/><sp/><sp/></highlight><highlight class="comment">//<sp/>Mesh</highlight><highlight class="normal"></highlight></codeline>
<codeline lineno="88"><highlight class="normal"><sp/><sp/><sp/><sp/><sp/><sp/><sp/><sp/></highlight><highlight class="keyword">virtual</highlight><highlight class="normal"><sp/>chars<sp/>GetMeshType()<sp/></highlight><highlight class="keyword">const</highlight><highlight class="normal">;</highlight></codeline>
<codeline lineno="89"><highlight class="normal"><sp/><sp/><sp/><sp/><sp/><sp/><sp/><sp/></highlight><highlight class="keyword">virtual</highlight><highlight class="normal"><sp/>sint32<sp/>GetMeshCount()<sp/></highlight><highlight class="keyword">const</highlight><highlight class="normal">;</highlight></codeline>
<codeline lineno="90"><highlight class="normal"><sp/><sp/><sp/><sp/><sp/><sp/><sp/><sp/></highlight><highlight class="keyword">virtual</highlight><highlight class="normal"><sp/></highlight><highlight class="keyword">const</highlight><highlight class="normal"><sp/><ref refid="class_platy_v_g_element_1_1_mesh" kindref="compound">Mesh</ref>*<sp/>GetMesh(sint32<sp/>index)<sp/></highlight><highlight class="keyword">const</highlight><highlight class="normal">;</highlight></codeline>
<codeline lineno="91"><highlight class="normal"></highlight></codeline>
<codeline lineno="92"><highlight class="normal"><sp/><sp/><sp/><sp/></highlight><highlight class="keyword">protected</highlight><highlight class="normal">:</highlight></codeline>
<codeline lineno="93"><highlight class="normal"><sp/><sp/><sp/><sp/><sp/><sp/><sp/><sp/><ref refid="class_px_1_1_array" kindref="compound">EdgeSplines</ref><sp/>edges;</highlight></codeline>
<codeline lineno="94"><highlight class="normal"><sp/><sp/><sp/><sp/><sp/><sp/><sp/><sp/><ref refid="class_px_1_1_array" kindref="compound">MeshSplines</ref><sp/>meshes;</highlight></codeline>
<codeline lineno="95"><highlight class="normal"><sp/><sp/><sp/><sp/>};</highlight></codeline>
<codeline lineno="96"><highlight class="normal"></highlight></codeline>
<codeline lineno="98" refid="class_platy_v_g_core_1_1_shape_tube" refkind="compound"><highlight class="normal"><sp/><sp/><sp/><sp/></highlight><highlight class="keyword">class<sp/></highlight><highlight class="normal"><ref refid="class_platy_v_g_core_1_1_shape_tube" kindref="compound">ShapeTube</ref><sp/>:<sp/></highlight><highlight class="keyword">public</highlight><highlight class="normal"><sp/><ref refid="class_platy_v_g_core_1_1_shape" kindref="compound">Shape</ref></highlight></codeline>
<codeline lineno="99"><highlight class="normal"><sp/><sp/><sp/><sp/>{</highlight></codeline>
<codeline lineno="100"><highlight class="normal"><sp/><sp/><sp/><sp/></highlight><highlight class="keyword">public</highlight><highlight class="normal">:</highlight></codeline>
<codeline lineno="101"><highlight class="normal"><sp/><sp/><sp/><sp/><sp/><sp/><sp/><sp/><ref refid="class_platy_v_g_core_1_1_shape_tube" kindref="compound">ShapeTube</ref>();</highlight></codeline>
<codeline lineno="102"><highlight class="normal"><sp/><sp/><sp/><sp/><sp/><sp/><sp/><sp/><ref refid="class_platy_v_g_core_1_1_shape_tube" kindref="compound">ShapeTube</ref>(</highlight><highlight class="keyword">const</highlight><highlight class="normal"><sp/><ref refid="class_platy_v_g_core_1_1_shape_tube" kindref="compound">ShapeTube</ref>&amp;<sp/>rhs);</highlight></codeline>
<codeline lineno="103"><highlight class="normal"><sp/><sp/><sp/><sp/><sp/><sp/><sp/><sp/></highlight><highlight class="keyword">virtual</highlight><highlight class="normal"><sp/>~<ref refid="class_platy_v_g_core_1_1_shape_tube" kindref="compound">ShapeTube</ref>();</highlight></codeline>
<codeline lineno="104"><highlight class="normal"><sp/><sp/><sp/><sp/><sp/><sp/><sp/><sp/><ref refid="class_platy_v_g_core_1_1_shape_tube" kindref="compound">ShapeTube</ref>&amp;<sp/>operator=(</highlight><highlight class="keyword">const</highlight><highlight class="normal"><sp/><ref refid="class_platy_v_g_core_1_1_shape_tube" kindref="compound">ShapeTube</ref>&amp;<sp/>rhs);</highlight></codeline>
<codeline lineno="105"><highlight class="normal"><sp/><sp/><sp/><sp/><sp/><sp/><sp/><sp/></highlight><highlight class="keywordtype">void</highlight><highlight class="normal"><sp/>Init(</highlight><highlight class="keyword">const</highlight><highlight class="normal"><sp/><ref refid="class_platy_v_g_element_1_1_context" kindref="compound">Context</ref>&amp;<sp/>ctx,<sp/></highlight><highlight class="keyword">const</highlight><highlight class="normal"><sp/><ref refid="class_px_1_1_array" kindref="compound">EdgeTubes</ref>&amp;<sp/>rhs);</highlight></codeline>
<codeline lineno="106"><highlight class="normal"></highlight></codeline>
<codeline lineno="107"><highlight class="normal"><sp/><sp/><sp/><sp/></highlight><highlight class="keyword">public</highlight><highlight class="normal">:</highlight></codeline>
<codeline lineno="108"><highlight class="normal"><sp/><sp/><sp/><sp/><sp/><sp/><sp/><sp/></highlight><highlight class="keyword">virtual</highlight><highlight class="normal"><sp/></highlight><highlight class="keywordtype">void</highlight><highlight class="normal"><sp/>Process(</highlight><highlight class="keyword">const</highlight><highlight class="normal"><sp/><ref refid="class_platy_v_g_element_1_1_context" kindref="compound">Context</ref>&amp;<sp/>ctx,<sp/></highlight><highlight class="keyword">const</highlight><highlight class="normal"><sp/><ref refid="class_px_1_1_array" kindref="compound">Coords</ref><sp/>coods);</highlight></codeline>
<codeline lineno="109"><highlight class="normal"><sp/><sp/><sp/><sp/><sp/><sp/><sp/><sp/></highlight><highlight class="keyword">virtual</highlight><highlight class="normal"><sp/></highlight><highlight class="keywordtype">void</highlight><highlight class="normal"><sp/>Update(</highlight><highlight class="keyword">const</highlight><highlight class="normal"><sp/><ref refid="class_platy_v_g_element_1_1_point" kindref="compound">Point</ref>&amp;<sp/>offset,<sp/></highlight><highlight class="keyword">const</highlight><highlight class="normal"><sp/></highlight><highlight class="keywordtype">float</highlight><highlight class="normal"><sp/>scale,<sp/></highlight><highlight class="keyword">const</highlight><highlight class="normal"><sp/></highlight><highlight class="keywordtype">float</highlight><highlight class="normal"><sp/>radius);</highlight></codeline>
<codeline lineno="110"><highlight class="normal"><sp/><sp/><sp/><sp/><sp/><sp/><sp/><sp/></highlight><highlight class="keyword">virtual</highlight><highlight class="normal"><sp/></highlight><highlight class="keywordtype">void</highlight><highlight class="normal"><sp/>Reset();</highlight></codeline>
<codeline lineno="111"><highlight class="normal"></highlight></codeline>
<codeline lineno="112"><highlight class="normal"><sp/><sp/><sp/><sp/></highlight><highlight class="keyword">public</highlight><highlight class="normal">:</highlight></codeline>
<codeline lineno="113"><highlight class="normal"><sp/><sp/><sp/><sp/><sp/><sp/><sp/><sp/></highlight><highlight class="comment">//<sp/>Edge</highlight><highlight class="normal"></highlight></codeline>
<codeline lineno="114"><highlight class="normal"><sp/><sp/><sp/><sp/><sp/><sp/><sp/><sp/></highlight><highlight class="keyword">virtual</highlight><highlight class="normal"><sp/>chars<sp/>GetEdgeType()<sp/></highlight><highlight class="keyword">const</highlight><highlight class="normal">;</highlight></codeline>
<codeline lineno="115"><highlight class="normal"><sp/><sp/><sp/><sp/><sp/><sp/><sp/><sp/></highlight><highlight class="keyword">virtual</highlight><highlight class="normal"><sp/>sint32<sp/>GetEdgeCount()<sp/></highlight><highlight class="keyword">const</highlight><highlight class="normal">;</highlight></codeline>
<codeline lineno="116"><highlight class="normal"><sp/><sp/><sp/><sp/><sp/><sp/><sp/><sp/></highlight><highlight class="keyword">virtual</highlight><highlight class="normal"><sp/></highlight><highlight class="keyword">const</highlight><highlight class="normal"><sp/><ref refid="class_platy_v_g_element_1_1_edge" kindref="compound">Edge</ref>*<sp/>GetEdge(sint32<sp/>index)<sp/></highlight><highlight class="keyword">const</highlight><highlight class="normal">;</highlight></codeline>
<codeline lineno="117"><highlight class="normal"><sp/><sp/><sp/><sp/><sp/><sp/><sp/><sp/></highlight><highlight class="keyword">virtual</highlight><highlight class="normal"><sp/></highlight><highlight class="keywordtype">void</highlight><highlight class="normal"><sp/>AddEdge(bytes<sp/>edgebuffer);</highlight></codeline>
<codeline lineno="118"><highlight class="normal"><sp/><sp/><sp/><sp/><sp/><sp/><sp/><sp/></highlight><highlight class="comment">//<sp/>Mesh</highlight><highlight class="normal"></highlight></codeline>
<codeline lineno="119"><highlight class="normal"><sp/><sp/><sp/><sp/><sp/><sp/><sp/><sp/></highlight><highlight class="keyword">virtual</highlight><highlight class="normal"><sp/>chars<sp/>GetMeshType()<sp/></highlight><highlight class="keyword">const</highlight><highlight class="normal">;</highlight></codeline>
<codeline lineno="120"><highlight class="normal"><sp/><sp/><sp/><sp/><sp/><sp/><sp/><sp/></highlight><highlight class="keyword">virtual</highlight><highlight class="normal"><sp/>sint32<sp/>GetMeshCount()<sp/></highlight><highlight class="keyword">const</highlight><highlight class="normal">;</highlight></codeline>
<codeline lineno="121"><highlight class="normal"><sp/><sp/><sp/><sp/><sp/><sp/><sp/><sp/></highlight><highlight class="keyword">virtual</highlight><highlight class="normal"><sp/></highlight><highlight class="keyword">const</highlight><highlight class="normal"><sp/><ref refid="class_platy_v_g_element_1_1_mesh" kindref="compound">Mesh</ref>*<sp/>GetMesh(sint32<sp/>index)<sp/></highlight><highlight class="keyword">const</highlight><highlight class="normal">;</highlight></codeline>
<codeline lineno="122"><highlight class="normal"></highlight></codeline>
<codeline lineno="123"><highlight class="normal"><sp/><sp/><sp/><sp/></highlight><highlight class="keyword">protected</highlight><highlight class="normal">:</highlight></codeline>
<codeline lineno="124"><highlight class="normal"><sp/><sp/><sp/><sp/><sp/><sp/><sp/><sp/><ref refid="class_px_1_1_array" kindref="compound">EdgeTubes</ref><sp/>edges;</highlight></codeline>
<codeline lineno="125"><highlight class="normal"><sp/><sp/><sp/><sp/><sp/><sp/><sp/><sp/><ref refid="class_px_1_1_array" kindref="compound">MeshTubes</ref><sp/>meshes;</highlight></codeline>
<codeline lineno="126"><highlight class="normal"><sp/><sp/><sp/><sp/>};</highlight></codeline>
<codeline lineno="127"><highlight class="normal"></highlight></codeline>
<codeline lineno="129" refid="class_platy_v_g_core_1_1_shape_tube_aqua" refkind="compound"><highlight class="normal"><sp/><sp/><sp/><sp/></highlight><highlight class="keyword">class<sp/></highlight><highlight class="normal"><ref refid="class_platy_v_g_core_1_1_shape_tube_aqua" kindref="compound">ShapeTubeAqua</ref><sp/>:<sp/></highlight><highlight class="keyword">public</highlight><highlight class="normal"><sp/><ref refid="class_platy_v_g_core_1_1_shape_tube" kindref="compound">ShapeTube</ref></highlight></codeline>
<codeline lineno="130"><highlight class="normal"><sp/><sp/><sp/><sp/>{</highlight></codeline>
<codeline lineno="131"><highlight class="normal"><sp/><sp/><sp/><sp/></highlight><highlight class="keyword">public</highlight><highlight class="normal">:</highlight></codeline>
<codeline lineno="132"><highlight class="normal"><sp/><sp/><sp/><sp/><sp/><sp/><sp/><sp/><ref refid="class_platy_v_g_core_1_1_shape_tube_aqua" kindref="compound">ShapeTubeAqua</ref>();</highlight></codeline>
<codeline lineno="133"><highlight class="normal"><sp/><sp/><sp/><sp/><sp/><sp/><sp/><sp/><ref refid="class_platy_v_g_core_1_1_shape_tube_aqua" kindref="compound">ShapeTubeAqua</ref>(</highlight><highlight class="keyword">const</highlight><highlight class="normal"><sp/><ref refid="class_platy_v_g_core_1_1_shape_tube_aqua" kindref="compound">ShapeTubeAqua</ref>&amp;<sp/>rhs);</highlight></codeline>
<codeline lineno="134"><highlight class="normal"><sp/><sp/><sp/><sp/><sp/><sp/><sp/><sp/></highlight><highlight class="keyword">virtual</highlight><highlight class="normal"><sp/>~<ref refid="class_platy_v_g_core_1_1_shape_tube_aqua" kindref="compound">ShapeTubeAqua</ref>();</highlight></codeline>
<codeline lineno="135"><highlight class="normal"><sp/><sp/><sp/><sp/><sp/><sp/><sp/><sp/><ref refid="class_platy_v_g_core_1_1_shape_tube_aqua" kindref="compound">ShapeTubeAqua</ref>&amp;<sp/>operator=(</highlight><highlight class="keyword">const</highlight><highlight class="normal"><sp/><ref refid="class_platy_v_g_core_1_1_shape_tube_aqua" kindref="compound">ShapeTubeAqua</ref>&amp;<sp/>rhs);</highlight></codeline>
<codeline lineno="136"><highlight class="normal"></highlight></codeline>
<codeline lineno="137"><highlight class="normal"><sp/><sp/><sp/><sp/></highlight><highlight class="keyword">protected</highlight><highlight class="normal">:</highlight></codeline>
<codeline lineno="138"><highlight class="normal"><sp/><sp/><sp/><sp/><sp/><sp/><sp/><sp/></highlight><highlight class="keyword">static</highlight><highlight class="normal"><sp/></highlight><highlight class="keywordtype">void</highlight><highlight class="normal"><sp/>GetCubicSpline(</highlight><highlight class="keyword">const</highlight><highlight class="normal"><sp/></highlight><highlight class="keywordtype">float</highlight><highlight class="normal"><sp/>VecX,<sp/></highlight><highlight class="keyword">const</highlight><highlight class="normal"><sp/></highlight><highlight class="keywordtype">float</highlight><highlight class="normal"><sp/>VecY,</highlight></codeline>
<codeline lineno="139"><highlight class="normal"><sp/><sp/><sp/><sp/><sp/><sp/><sp/><sp/><sp/><sp/><sp/><sp/></highlight><highlight class="keyword">const</highlight><highlight class="normal"><sp/></highlight><highlight class="keywordtype">float</highlight><highlight class="normal"><sp/>VecXB,<sp/></highlight><highlight class="keyword">const</highlight><highlight class="normal"><sp/></highlight><highlight class="keywordtype">float</highlight><highlight class="normal"><sp/>VecYB,<sp/><ref refid="class_platy_v_g_element_1_1_point" kindref="compound">Point</ref>&amp;<sp/>ResultB,</highlight></codeline>
<codeline lineno="140"><highlight class="normal"><sp/><sp/><sp/><sp/><sp/><sp/><sp/><sp/><sp/><sp/><sp/><sp/></highlight><highlight class="keyword">const</highlight><highlight class="normal"><sp/></highlight><highlight class="keywordtype">float</highlight><highlight class="normal"><sp/>VecXE,<sp/></highlight><highlight class="keyword">const</highlight><highlight class="normal"><sp/></highlight><highlight class="keywordtype">float</highlight><highlight class="normal"><sp/>VecYE,<sp/><ref refid="class_platy_v_g_element_1_1_point" kindref="compound">Point</ref>&amp;<sp/>ResultE);</highlight></codeline>
<codeline lineno="141"><highlight class="normal"><sp/><sp/><sp/><sp/><sp/><sp/><sp/><sp/></highlight><highlight class="keyword">static</highlight><highlight class="normal"><sp/></highlight><highlight class="keywordtype">void</highlight><highlight class="normal"><sp/>Collect(<ref refid="class_px_1_1_array" kindref="compound">MeshAquas</ref>&amp;<sp/>Collector,<sp/></highlight><highlight class="keyword">const</highlight><highlight class="normal"><sp/><ref refid="class_platy_v_g_element_1_1_mesh_tube" kindref="compound">MeshTube</ref>&amp;<sp/>Tube,</highlight></codeline>
<codeline lineno="142"><highlight class="normal"><sp/><sp/><sp/><sp/><sp/><sp/><sp/><sp/><sp/><sp/><sp/><sp/></highlight><highlight class="keyword">const</highlight><highlight class="normal"><sp/></highlight><highlight class="keywordtype">float</highlight><highlight class="normal"><sp/>Dense,<sp/></highlight><highlight class="keyword">const</highlight><highlight class="normal"><sp/></highlight><highlight class="keywordtype">float</highlight><highlight class="normal"><sp/>ForceB,<sp/></highlight><highlight class="keyword">const</highlight><highlight class="normal"><sp/></highlight><highlight class="keywordtype">float</highlight><highlight class="normal"><sp/>ForceE,<sp/></highlight><highlight class="keyword">const</highlight><highlight class="normal"><sp/></highlight><highlight class="keywordtype">bool</highlight><highlight class="normal"><sp/>SortByReverse);</highlight></codeline>
<codeline lineno="143"><highlight class="normal"></highlight></codeline>
<codeline lineno="144"><highlight class="normal"><sp/><sp/><sp/><sp/></highlight><highlight class="keyword">public</highlight><highlight class="normal">:</highlight></codeline>
<codeline lineno="145"><highlight class="normal"><sp/><sp/><sp/><sp/><sp/><sp/><sp/><sp/></highlight><highlight class="keyword">virtual</highlight><highlight class="normal"><sp/></highlight><highlight class="keywordtype">void</highlight><highlight class="normal"><sp/>Update(</highlight><highlight class="keyword">const</highlight><highlight class="normal"><sp/><ref refid="class_platy_v_g_element_1_1_point" kindref="compound">Point</ref>&amp;<sp/>offset,<sp/></highlight><highlight class="keyword">const</highlight><highlight class="normal"><sp/></highlight><highlight class="keywordtype">float</highlight><highlight class="normal"><sp/>scale,<sp/></highlight><highlight class="keyword">const</highlight><highlight class="normal"><sp/></highlight><highlight class="keywordtype">float</highlight><highlight class="normal"><sp/>radius);</highlight></codeline>
<codeline lineno="146"><highlight class="normal"><sp/><sp/><sp/><sp/><sp/><sp/><sp/><sp/></highlight><highlight class="keyword">virtual</highlight><highlight class="normal"><sp/></highlight><highlight class="keywordtype">void</highlight><highlight class="normal"><sp/>Reset();</highlight></codeline>
<codeline lineno="147"><highlight class="normal"></highlight></codeline>
<codeline lineno="148"><highlight class="normal"><sp/><sp/><sp/><sp/></highlight><highlight class="keyword">public</highlight><highlight class="normal">:</highlight></codeline>
<codeline lineno="149"><highlight class="normal"><sp/><sp/><sp/><sp/><sp/><sp/><sp/><sp/></highlight><highlight class="comment">//<sp/>Mesh</highlight><highlight class="normal"></highlight></codeline>
<codeline lineno="150"><highlight class="normal"><sp/><sp/><sp/><sp/><sp/><sp/><sp/><sp/></highlight><highlight class="keyword">virtual</highlight><highlight class="normal"><sp/>chars<sp/>GetMeshType()<sp/></highlight><highlight class="keyword">const</highlight><highlight class="normal">;</highlight></codeline>
<codeline lineno="151"><highlight class="normal"><sp/><sp/><sp/><sp/><sp/><sp/><sp/><sp/></highlight><highlight class="keyword">virtual</highlight><highlight class="normal"><sp/>sint32<sp/>GetMeshCount()<sp/></highlight><highlight class="keyword">const</highlight><highlight class="normal">;</highlight></codeline>
<codeline lineno="152"><highlight class="normal"><sp/><sp/><sp/><sp/><sp/><sp/><sp/><sp/></highlight><highlight class="keyword">virtual</highlight><highlight class="normal"><sp/></highlight><highlight class="keyword">const</highlight><highlight class="normal"><sp/><ref refid="class_platy_v_g_element_1_1_mesh" kindref="compound">Mesh</ref>*<sp/>GetMesh(sint32<sp/>index)<sp/></highlight><highlight class="keyword">const</highlight><highlight class="normal">;</highlight></codeline>
<codeline lineno="153"><highlight class="normal"></highlight></codeline>
<codeline lineno="154"><highlight class="normal"><sp/><sp/><sp/><sp/></highlight><highlight class="keyword">protected</highlight><highlight class="normal">:</highlight></codeline>
<codeline lineno="155"><highlight class="normal"><sp/><sp/><sp/><sp/><sp/><sp/><sp/><sp/><ref refid="class_px_1_1_array" kindref="compound">MeshAquas</ref><sp/>meshes2;</highlight></codeline>
<codeline lineno="156"><highlight class="normal"><sp/><sp/><sp/><sp/>};</highlight></codeline>
<codeline lineno="157"><highlight class="normal">}</highlight></codeline>
    </programlisting>
    <location file="C:/BonexData/BxProject/PlatyVG/source/core/shape.hpp"/>
  </compounddef>
</doxygen>
