<?xml version='1.0' encoding='UTF-8' standalone='no'?>
<doxygen xmlns:xsi="http://www.w3.org/2001/XMLSchema-instance" xsi:noNamespaceSchemaLocation="compound.xsd" version="1.8.9.1">
  <compounddef id="size_8hpp" kind="file" language="C++">
    <compoundname>size.hpp</compoundname>
    <includes refid="platyvg_8hpp" local="no">platyvg.hpp</includes>
    <includedby refid="rect_8hpp" local="yes">rect.hpp</includedby>
    <includedby refid="shape_8hpp" local="yes">shape.hpp</includedby>
    <includedby refid="view_8hpp" local="yes">view.hpp</includedby>
    <includedby refid="command_8hpp" local="yes">command.hpp</includedby>
    <includedby refid="size_8cpp" local="yes">size.cpp</includedby>
    <incdepgraph>
      <node id="1197">
        <label>platyvg.hpp</label>
        <link refid="platyvg_8hpp_source"/>
        <childnode refid="1198" relation="include">
        </childnode>
        <childnode refid="1199" relation="include">
        </childnode>
        <childnode refid="1201" relation="include">
        </childnode>
        <childnode refid="1203" relation="include">
        </childnode>
        <childnode refid="1204" relation="include">
        </childnode>
        <childnode refid="1202" relation="include">
        </childnode>
        <childnode refid="1205" relation="include">
        </childnode>
        <childnode refid="1200" relation="include">
        </childnode>
        <childnode refid="1206" relation="include">
        </childnode>
      </node>
      <node id="1204">
        <label>../px/math.hpp</label>
        <link refid="math_8hpp_source"/>
        <childnode refid="1198" relation="include">
        </childnode>
      </node>
      <node id="1205">
        <label>../px/parser.hpp</label>
        <link refid="parser_8hpp_source"/>
        <childnode refid="1206" relation="include">
        </childnode>
      </node>
      <node id="1201">
        <label>../px/buffer.hpp</label>
        <link refid="buffer_8hpp_source"/>
        <childnode refid="1202" relation="include">
        </childnode>
      </node>
      <node id="1198">
        <label>../px/px.hpp</label>
        <link refid="px_8hpp_source"/>
      </node>
      <node id="1203">
        <label>../px/file.hpp</label>
        <link refid="file_8hpp_source"/>
        <childnode refid="1198" relation="include">
        </childnode>
      </node>
      <node id="1206">
        <label>../px/string.hpp</label>
        <link refid="string_8hpp_source"/>
        <childnode refid="1199" relation="include">
        </childnode>
      </node>
      <node id="1202">
        <label>../px/memory.hpp</label>
        <link refid="memory_8hpp_source"/>
        <childnode refid="1198" relation="include">
        </childnode>
      </node>
      <node id="1199">
        <label>../px/array.hpp</label>
        <link refid="array_8hpp_source"/>
        <childnode refid="1200" relation="include">
        </childnode>
      </node>
      <node id="1196">
        <label>size.hpp</label>
        <link refid="size.hpp"/>
        <childnode refid="1197" relation="include">
        </childnode>
      </node>
      <node id="1200">
        <label>../px/share.hpp</label>
        <link refid="share_8hpp_source"/>
        <childnode refid="1201" relation="include">
        </childnode>
      </node>
    </incdepgraph>
    <invincdepgraph>
      <node id="1209">
        <label>selector.hpp</label>
        <link refid="selector_8hpp_source"/>
        <childnode refid="1210" relation="include">
        </childnode>
      </node>
      <node id="1208">
        <label>rect.hpp</label>
        <link refid="rect_8hpp_source"/>
        <childnode refid="1209" relation="include">
        </childnode>
        <childnode refid="1212" relation="include">
        </childnode>
        <childnode refid="1214" relation="include">
        </childnode>
      </node>
      <node id="1210">
        <label>shape.hpp</label>
        <link refid="shape_8hpp_source"/>
        <childnode refid="1211" relation="include">
        </childnode>
        <childnode refid="1213" relation="include">
        </childnode>
      </node>
      <node id="1211">
        <label>layer.hpp</label>
        <link refid="layer_8hpp_source"/>
        <childnode refid="1212" relation="include">
        </childnode>
      </node>
      <node id="1213">
        <label>view.hpp</label>
        <link refid="view_8hpp_source"/>
      </node>
      <node id="1214">
        <label>command.hpp</label>
        <link refid="command_8hpp_source"/>
      </node>
      <node id="1207">
        <label>size.hpp</label>
        <link refid="size.hpp"/>
        <childnode refid="1208" relation="include">
        </childnode>
        <childnode refid="1210" relation="include">
        </childnode>
        <childnode refid="1213" relation="include">
        </childnode>
        <childnode refid="1214" relation="include">
        </childnode>
      </node>
      <node id="1212">
        <label>document.hpp</label>
        <link refid="document_8hpp_source"/>
        <childnode refid="1213" relation="include">
        </childnode>
      </node>
    </invincdepgraph>
    <innerclass refid="class_platy_v_g_element_1_1_size" prot="public">PlatyVGElement::Size</innerclass>
    <innernamespace refid="namespace_platy_v_g_element">PlatyVGElement</innernamespace>
    <briefdescription>
    </briefdescription>
    <detaileddescription>
    </detaileddescription>
    <programlisting>
<codeline lineno="1"><highlight class="preprocessor">#pragma<sp/>once</highlight><highlight class="normal"></highlight></codeline>
<codeline lineno="2"><highlight class="normal"></highlight><highlight class="preprocessor">#include<sp/>&lt;platyvg.hpp&gt;</highlight><highlight class="normal"></highlight></codeline>
<codeline lineno="3"><highlight class="normal"></highlight></codeline>
<codeline lineno="4"><highlight class="normal"></highlight><highlight class="keyword">namespace<sp/></highlight><highlight class="normal"><ref refid="namespace_platy_v_g_element" kindref="compound">PlatyVGElement</ref></highlight></codeline>
<codeline lineno="5"><highlight class="normal">{</highlight></codeline>
<codeline lineno="7" refid="class_platy_v_g_element_1_1_size" refkind="compound"><highlight class="normal"><sp/><sp/><sp/><sp/></highlight><highlight class="keyword">class<sp/></highlight><highlight class="normal"><ref refid="class_platy_v_g_element_1_1_size" kindref="compound">Size</ref></highlight></codeline>
<codeline lineno="8"><highlight class="normal"><sp/><sp/><sp/><sp/>{</highlight></codeline>
<codeline lineno="9"><highlight class="normal"><sp/><sp/><sp/><sp/></highlight><highlight class="keyword">public</highlight><highlight class="normal">:</highlight></codeline>
<codeline lineno="10"><highlight class="normal"><sp/><sp/><sp/><sp/><sp/><sp/><sp/><sp/><ref refid="class_platy_v_g_element_1_1_size" kindref="compound">Size</ref>();</highlight></codeline>
<codeline lineno="11"><highlight class="normal"><sp/><sp/><sp/><sp/><sp/><sp/><sp/><sp/><ref refid="class_platy_v_g_element_1_1_size" kindref="compound">Size</ref>(</highlight><highlight class="keyword">const</highlight><highlight class="normal"><sp/><ref refid="class_platy_v_g_element_1_1_size" kindref="compound">Size</ref>&amp;<sp/>rhs);</highlight></codeline>
<codeline lineno="12"><highlight class="normal"><sp/><sp/><sp/><sp/><sp/><sp/><sp/><sp/><ref refid="class_platy_v_g_element_1_1_size" kindref="compound">Size</ref>(</highlight><highlight class="keywordtype">float</highlight><highlight class="normal"><sp/>w,<sp/></highlight><highlight class="keywordtype">float</highlight><highlight class="normal"><sp/>h);</highlight></codeline>
<codeline lineno="13"><highlight class="normal"><sp/><sp/><sp/><sp/><sp/><sp/><sp/><sp/>~<ref refid="class_platy_v_g_element_1_1_size" kindref="compound">Size</ref>();</highlight></codeline>
<codeline lineno="14"><highlight class="normal"><sp/><sp/><sp/><sp/><sp/><sp/><sp/><sp/><ref refid="class_platy_v_g_element_1_1_size" kindref="compound">Size</ref>&amp;<sp/>operator=(</highlight><highlight class="keyword">const</highlight><highlight class="normal"><sp/><ref refid="class_platy_v_g_element_1_1_size" kindref="compound">Size</ref>&amp;<sp/>rhs);</highlight></codeline>
<codeline lineno="15"><highlight class="normal"></highlight></codeline>
<codeline lineno="16"><highlight class="normal"><sp/><sp/><sp/><sp/></highlight><highlight class="keyword">public</highlight><highlight class="normal">:</highlight></codeline>
<codeline lineno="17"><highlight class="normal"><sp/><sp/><sp/><sp/><sp/><sp/><sp/><sp/></highlight><highlight class="keywordtype">float</highlight><highlight class="normal"><sp/>w;</highlight></codeline>
<codeline lineno="18"><highlight class="normal"><sp/><sp/><sp/><sp/><sp/><sp/><sp/><sp/></highlight><highlight class="keywordtype">float</highlight><highlight class="normal"><sp/>h;</highlight></codeline>
<codeline lineno="19"><highlight class="normal"><sp/><sp/><sp/><sp/>};</highlight></codeline>
<codeline lineno="20"><highlight class="normal">}</highlight></codeline>
    </programlisting>
    <location file="C:/BonexData/BxProject/PlatyVG/source/element/size.hpp"/>
  </compounddef>
</doxygen>
