<?xml version='1.0' encoding='UTF-8' standalone='no'?>
<doxygen xmlns:xsi="http://www.w3.org/2001/XMLSchema-instance" xsi:noNamespaceSchemaLocation="compound.xsd" version="1.8.9.1">
  <compounddef id="string_8cpp" kind="file" language="C++">
    <compoundname>string.cpp</compoundname>
    <includes refid="string_8hpp" local="yes">string.hpp</includes>
    <includes refid="math_8hpp" local="yes">../px/math.hpp</includes>
    <includes refid="memory_8hpp" local="yes">../px/memory.hpp</includes>
    <incdepgraph>
      <node id="1222">
        <label>../px/math.hpp</label>
        <link refid="math_8hpp_source"/>
        <childnode refid="1221" relation="include">
        </childnode>
      </node>
      <node id="1219">
        <label>../px/buffer.hpp</label>
        <link refid="buffer_8hpp_source"/>
        <childnode refid="1220" relation="include">
        </childnode>
      </node>
      <node id="1221">
        <label>../px/px.hpp</label>
        <link refid="px_8hpp_source"/>
      </node>
      <node id="1215">
        <label>string.cpp</label>
        <link refid="string.cpp"/>
        <childnode refid="1216" relation="include">
        </childnode>
        <childnode refid="1222" relation="include">
        </childnode>
        <childnode refid="1220" relation="include">
        </childnode>
      </node>
      <node id="1216">
        <label>string.hpp</label>
        <link refid="string_8hpp_source"/>
        <childnode refid="1217" relation="include">
        </childnode>
      </node>
      <node id="1220">
        <label>../px/memory.hpp</label>
        <link refid="memory_8hpp_source"/>
        <childnode refid="1221" relation="include">
        </childnode>
      </node>
      <node id="1217">
        <label>../px/array.hpp</label>
        <link refid="array_8hpp_source"/>
        <childnode refid="1218" relation="include">
        </childnode>
      </node>
      <node id="1218">
        <label>../px/share.hpp</label>
        <link refid="share_8hpp_source"/>
        <childnode refid="1219" relation="include">
        </childnode>
      </node>
    </incdepgraph>
    <innernamespace refid="namespace_px">Px</innernamespace>
      <sectiondef kind="define">
      <memberdef kind="define" id="string_8cpp_1ae2ebdb652f167e192812ec8abb408e70" prot="public" static="no">
        <name>PX_STRSAME</name>
        <param><defname>A</defname></param>
        <param><defname>B</defname></param>
        <initializer>(strcmp(A, B) == 0)</initializer>
        <briefdescription>
        </briefdescription>
        <detaileddescription>
        </detaileddescription>
        <inbodydescription>
        </inbodydescription>
        <location file="C:/BonexData/BxProject/PlatyVG/source/px/string.cpp" line="13" column="10" bodyfile="C:/BonexData/BxProject/PlatyVG/source/px/string.cpp" bodystart="13" bodyend="-1"/>
      </memberdef>
      </sectiondef>
      <sectiondef kind="func">
      <memberdef kind="function" id="string_8cpp_1a21e4788b4a0ae39b11aa32e9a1079f98" prot="public" static="no" const="no" explicit="no" inline="no" virt="non-virtual">
        <type>int</type>
        <definition>int strcmp</definition>
        <argsstring>(const char *, const char *)</argsstring>
        <name>strcmp</name>
        <param>
          <type>const char *</type>
        </param>
        <param>
          <type>const char *</type>
        </param>
        <briefdescription>
        </briefdescription>
        <detaileddescription>
        </detaileddescription>
        <inbodydescription>
        </inbodydescription>
        <location file="C:/BonexData/BxProject/PlatyVG/source/px/string.cpp" line="11" column="1"/>
      </memberdef>
      </sectiondef>
    <briefdescription>
    </briefdescription>
    <detaileddescription>
    </detaileddescription>
    <programlisting>
<codeline lineno="1"><highlight class="preprocessor">#include<sp/>&quot;string.hpp&quot;</highlight><highlight class="normal"></highlight></codeline>
<codeline lineno="2"><highlight class="normal"></highlight><highlight class="preprocessor">#include<sp/>&quot;../px/math.hpp&quot;</highlight><highlight class="normal"></highlight></codeline>
<codeline lineno="3"><highlight class="normal"></highlight><highlight class="preprocessor">#include<sp/>&quot;../px/memory.hpp&quot;</highlight><highlight class="normal"></highlight></codeline>
<codeline lineno="4"><highlight class="normal"></highlight></codeline>
<codeline lineno="5"><highlight class="normal"></highlight><highlight class="preprocessor">#ifdef<sp/>__BX_APPLICATION</highlight><highlight class="normal"></highlight></codeline>
<codeline lineno="6"><highlight class="normal"></highlight><highlight class="preprocessor"><sp/><sp/><sp/><sp/>#include<sp/>&lt;BxUtil.hpp&gt;</highlight><highlight class="normal"></highlight></codeline>
<codeline lineno="7"><highlight class="normal"></highlight><highlight class="preprocessor"><sp/><sp/><sp/><sp/>#define<sp/>PX_STRSAME(A,<sp/>B)<sp/>(BxUtilGlobal::StrCmp(A,<sp/>B)<sp/>==<sp/>same)</highlight><highlight class="normal"></highlight></codeline>
<codeline lineno="8"><highlight class="normal"></highlight><highlight class="preprocessor">#else</highlight><highlight class="normal"></highlight></codeline>
<codeline lineno="9"><highlight class="normal"><sp/><sp/><sp/><sp/></highlight><highlight class="keyword">extern</highlight><highlight class="normal"><sp/></highlight><highlight class="stringliteral">&quot;C&quot;</highlight><highlight class="normal"></highlight></codeline>
<codeline lineno="10"><highlight class="normal"><sp/><sp/><sp/><sp/>{</highlight></codeline>
<codeline lineno="11"><highlight class="normal"><sp/><sp/><sp/><sp/><sp/><sp/><sp/><sp/></highlight><highlight class="keyword">extern</highlight><highlight class="normal"><sp/></highlight><highlight class="keywordtype">int</highlight><highlight class="normal"><sp/>strcmp(</highlight><highlight class="keyword">const</highlight><highlight class="normal"><sp/></highlight><highlight class="keywordtype">char</highlight><highlight class="normal">*,<sp/></highlight><highlight class="keyword">const</highlight><highlight class="normal"><sp/></highlight><highlight class="keywordtype">char</highlight><highlight class="normal">*);</highlight></codeline>
<codeline lineno="12"><highlight class="normal"><sp/><sp/><sp/><sp/>}</highlight></codeline>
<codeline lineno="13"><highlight class="normal"></highlight><highlight class="preprocessor"><sp/><sp/><sp/><sp/>#define<sp/>PX_STRSAME(A,<sp/>B)<sp/>(strcmp(A,<sp/>B)<sp/>==<sp/>0)</highlight><highlight class="normal"></highlight></codeline>
<codeline lineno="14"><highlight class="normal"></highlight><highlight class="preprocessor">#endif</highlight><highlight class="normal"></highlight></codeline>
<codeline lineno="15"><highlight class="normal"></highlight></codeline>
<codeline lineno="16"><highlight class="normal"></highlight><highlight class="keyword">namespace<sp/></highlight><highlight class="normal"><ref refid="namespace_px" kindref="compound">Px</ref></highlight></codeline>
<codeline lineno="17"><highlight class="normal">{</highlight></codeline>
<codeline lineno="18"><highlight class="normal"><sp/><sp/><sp/><sp/><ref refid="class_px_1_1_string_1a7d7eb9a6aba602afa9186f557000f856" kindref="member">String::String</ref>()</highlight></codeline>
<codeline lineno="19"><highlight class="normal"><sp/><sp/><sp/><sp/>{</highlight></codeline>
<codeline lineno="20"><highlight class="normal"><sp/><sp/><sp/><sp/><sp/><sp/><sp/><sp/>words.<ref refid="class_px_1_1_array_1a16683d7ddd43efcf9334d094bfcfc749" kindref="member">AtAdding</ref>()<sp/>=<sp/></highlight><highlight class="charliteral">&apos;\0&apos;</highlight><highlight class="normal">;</highlight></codeline>
<codeline lineno="21"><highlight class="normal"><sp/><sp/><sp/><sp/>}</highlight></codeline>
<codeline lineno="22"><highlight class="normal"></highlight></codeline>
<codeline lineno="23"><highlight class="normal"><sp/><sp/><sp/><sp/><ref refid="class_px_1_1_string_1a7d7eb9a6aba602afa9186f557000f856" kindref="member">String::String</ref>(</highlight><highlight class="keyword">const</highlight><highlight class="normal"><sp/><ref refid="class_px_1_1_string" kindref="compound">String</ref>&amp;<sp/>rhs)</highlight></codeline>
<codeline lineno="24"><highlight class="normal"><sp/><sp/><sp/><sp/>{</highlight></codeline>
<codeline lineno="25"><highlight class="normal"><sp/><sp/><sp/><sp/><sp/><sp/><sp/><sp/><ref refid="class_px_1_1_string_1afbd8fa067ed5fdfd71faeb2b64728d6f" kindref="member">operator=</ref>(rhs);</highlight></codeline>
<codeline lineno="26"><highlight class="normal"><sp/><sp/><sp/><sp/>}</highlight></codeline>
<codeline lineno="27"><highlight class="normal"></highlight></codeline>
<codeline lineno="28"><highlight class="normal"><sp/><sp/><sp/><sp/><ref refid="class_px_1_1_string_1a7d7eb9a6aba602afa9186f557000f856" kindref="member">String::String</ref>(chars<sp/>rhs)</highlight></codeline>
<codeline lineno="29"><highlight class="normal"><sp/><sp/><sp/><sp/>{</highlight></codeline>
<codeline lineno="30"><highlight class="normal"><sp/><sp/><sp/><sp/><sp/><sp/><sp/><sp/><ref refid="class_px_1_1_string_1afbd8fa067ed5fdfd71faeb2b64728d6f" kindref="member">operator=</ref>(rhs);</highlight></codeline>
<codeline lineno="31"><highlight class="normal"><sp/><sp/><sp/><sp/>}</highlight></codeline>
<codeline lineno="32"><highlight class="normal"></highlight></codeline>
<codeline lineno="33"><highlight class="normal"><sp/><sp/><sp/><sp/><ref refid="class_px_1_1_string_1a7d7eb9a6aba602afa9186f557000f856" kindref="member">String::String</ref>(chars<sp/>rhs,<sp/>sint32<sp/>length)</highlight></codeline>
<codeline lineno="34"><highlight class="normal"><sp/><sp/><sp/><sp/>{</highlight></codeline>
<codeline lineno="35"><highlight class="normal"><sp/><sp/><sp/><sp/><sp/><sp/><sp/><sp/>words.<ref refid="class_px_1_1_array_1aa0ddc439e186162b6907647281e94980" kindref="member">Clear</ref>();</highlight></codeline>
<codeline lineno="36"><highlight class="normal"><sp/><sp/><sp/><sp/><sp/><sp/><sp/><sp/></highlight><highlight class="keywordflow">for</highlight><highlight class="normal">(sint32<sp/>i<sp/>=<sp/>0;<sp/>i<sp/>&lt;<sp/>length;<sp/>++i)</highlight></codeline>
<codeline lineno="37"><highlight class="normal"><sp/><sp/><sp/><sp/><sp/><sp/><sp/><sp/><sp/><sp/><sp/><sp/>words.<ref refid="class_px_1_1_array_1a16683d7ddd43efcf9334d094bfcfc749" kindref="member">AtAdding</ref>()<sp/>=<sp/>rhs[i];</highlight></codeline>
<codeline lineno="38"><highlight class="normal"><sp/><sp/><sp/><sp/><sp/><sp/><sp/><sp/>words.<ref refid="class_px_1_1_array_1a16683d7ddd43efcf9334d094bfcfc749" kindref="member">AtAdding</ref>()<sp/>=<sp/></highlight><highlight class="charliteral">&apos;\0&apos;</highlight><highlight class="normal">;</highlight></codeline>
<codeline lineno="39"><highlight class="normal"><sp/><sp/><sp/><sp/>}</highlight></codeline>
<codeline lineno="40"><highlight class="normal"></highlight></codeline>
<codeline lineno="41"><highlight class="normal"><sp/><sp/><sp/><sp/><ref refid="class_px_1_1_string_1ae40fb81560cbb7f36ccd2113a1ca7d7e" kindref="member">String::~String</ref>()</highlight></codeline>
<codeline lineno="42"><highlight class="normal"><sp/><sp/><sp/><sp/>{</highlight></codeline>
<codeline lineno="43"><highlight class="normal"><sp/><sp/><sp/><sp/>}</highlight></codeline>
<codeline lineno="44"><highlight class="normal"></highlight></codeline>
<codeline lineno="45"><highlight class="normal"><sp/><sp/><sp/><sp/><ref refid="class_px_1_1_string" kindref="compound">String</ref>&amp;<sp/><ref refid="class_px_1_1_string_1afbd8fa067ed5fdfd71faeb2b64728d6f" kindref="member">String::operator=</ref>(</highlight><highlight class="keyword">const</highlight><highlight class="normal"><sp/><ref refid="class_px_1_1_string" kindref="compound">String</ref>&amp;<sp/>rhs)</highlight></codeline>
<codeline lineno="46"><highlight class="normal"><sp/><sp/><sp/><sp/>{</highlight></codeline>
<codeline lineno="47"><highlight class="normal"><sp/><sp/><sp/><sp/><sp/><sp/><sp/><sp/>words<sp/>=<sp/>rhs.words;</highlight></codeline>
<codeline lineno="48"><highlight class="normal"><sp/><sp/><sp/><sp/><sp/><sp/><sp/><sp/></highlight><highlight class="keywordflow">return</highlight><highlight class="normal"><sp/>*</highlight><highlight class="keyword">this</highlight><highlight class="normal">;</highlight></codeline>
<codeline lineno="49"><highlight class="normal"><sp/><sp/><sp/><sp/>}</highlight></codeline>
<codeline lineno="50"><highlight class="normal"></highlight></codeline>
<codeline lineno="51"><highlight class="normal"><sp/><sp/><sp/><sp/><ref refid="class_px_1_1_string" kindref="compound">String</ref>&amp;<sp/><ref refid="class_px_1_1_string_1afbd8fa067ed5fdfd71faeb2b64728d6f" kindref="member">String::operator=</ref>(chars<sp/>rhs)</highlight></codeline>
<codeline lineno="52"><highlight class="normal"><sp/><sp/><sp/><sp/>{</highlight></codeline>
<codeline lineno="53"><highlight class="normal"><sp/><sp/><sp/><sp/><sp/><sp/><sp/><sp/>words.<ref refid="class_px_1_1_array_1aa0ddc439e186162b6907647281e94980" kindref="member">Clear</ref>();</highlight></codeline>
<codeline lineno="54"><highlight class="normal"><sp/><sp/><sp/><sp/><sp/><sp/><sp/><sp/></highlight><highlight class="keywordflow">do</highlight><highlight class="normal"><sp/>{words.<ref refid="class_px_1_1_array_1a16683d7ddd43efcf9334d094bfcfc749" kindref="member">AtAdding</ref>()<sp/>=<sp/>*rhs;}</highlight></codeline>
<codeline lineno="55"><highlight class="normal"><sp/><sp/><sp/><sp/><sp/><sp/><sp/><sp/></highlight><highlight class="keywordflow">while</highlight><highlight class="normal">(*(rhs++));</highlight></codeline>
<codeline lineno="56"><highlight class="normal"><sp/><sp/><sp/><sp/><sp/><sp/><sp/><sp/></highlight><highlight class="keywordflow">return</highlight><highlight class="normal"><sp/>*</highlight><highlight class="keyword">this</highlight><highlight class="normal">;</highlight></codeline>
<codeline lineno="57"><highlight class="normal"><sp/><sp/><sp/><sp/>}</highlight></codeline>
<codeline lineno="58"><highlight class="normal"></highlight></codeline>
<codeline lineno="59"><highlight class="normal"><sp/><sp/><sp/><sp/></highlight><highlight class="keywordtype">bool</highlight><highlight class="normal"><sp/><ref refid="class_px_1_1_string_1a2a8aa56a2035b69b606d592060b47c10" kindref="member">String::operator==</ref>(</highlight><highlight class="keyword">const</highlight><highlight class="normal"><sp/><ref refid="class_px_1_1_string" kindref="compound">String</ref>&amp;<sp/>rhs)</highlight><highlight class="keyword"><sp/>const</highlight></codeline>
<codeline lineno="60"><highlight class="keyword"><sp/><sp/><sp/><sp/></highlight><highlight class="normal">{</highlight></codeline>
<codeline lineno="61"><highlight class="normal"><sp/><sp/><sp/><sp/><sp/><sp/><sp/><sp/></highlight><highlight class="keywordflow">return</highlight><highlight class="normal"><sp/>PX_STRSAME(&amp;words[0],<sp/>&amp;rhs.words[0]);</highlight></codeline>
<codeline lineno="62"><highlight class="normal"><sp/><sp/><sp/><sp/>}</highlight></codeline>
<codeline lineno="63"><highlight class="normal"></highlight></codeline>
<codeline lineno="64"><highlight class="normal"><sp/><sp/><sp/><sp/></highlight><highlight class="keywordtype">bool</highlight><highlight class="normal"><sp/><ref refid="class_px_1_1_string_1a2a8aa56a2035b69b606d592060b47c10" kindref="member">String::operator==</ref>(chars<sp/>rhs)</highlight><highlight class="keyword"><sp/>const</highlight></codeline>
<codeline lineno="65"><highlight class="keyword"><sp/><sp/><sp/><sp/></highlight><highlight class="normal">{</highlight></codeline>
<codeline lineno="66"><highlight class="normal"><sp/><sp/><sp/><sp/><sp/><sp/><sp/><sp/></highlight><highlight class="keywordflow">return</highlight><highlight class="normal"><sp/>PX_STRSAME(&amp;words[0],<sp/>rhs);</highlight></codeline>
<codeline lineno="67"><highlight class="normal"><sp/><sp/><sp/><sp/>}</highlight></codeline>
<codeline lineno="68"><highlight class="normal"></highlight></codeline>
<codeline lineno="69"><highlight class="normal"><sp/><sp/><sp/><sp/></highlight><highlight class="keywordtype">bool</highlight><highlight class="normal"><sp/><ref refid="class_px_1_1_string_1aa27114d6a55411da2d0fb9f163f808c2" kindref="member">String::operator!=</ref>(</highlight><highlight class="keyword">const</highlight><highlight class="normal"><sp/><ref refid="class_px_1_1_string" kindref="compound">String</ref>&amp;<sp/>rhs)</highlight><highlight class="keyword"><sp/>const</highlight></codeline>
<codeline lineno="70"><highlight class="keyword"><sp/><sp/><sp/><sp/></highlight><highlight class="normal">{</highlight></codeline>
<codeline lineno="71"><highlight class="normal"><sp/><sp/><sp/><sp/><sp/><sp/><sp/><sp/></highlight><highlight class="keywordflow">return</highlight><highlight class="normal"><sp/>!<ref refid="class_px_1_1_string_1a2a8aa56a2035b69b606d592060b47c10" kindref="member">operator==</ref>(rhs);</highlight></codeline>
<codeline lineno="72"><highlight class="normal"><sp/><sp/><sp/><sp/>}</highlight></codeline>
<codeline lineno="73"><highlight class="normal"></highlight></codeline>
<codeline lineno="74"><highlight class="normal"><sp/><sp/><sp/><sp/></highlight><highlight class="keywordtype">bool</highlight><highlight class="normal"><sp/><ref refid="class_px_1_1_string_1aa27114d6a55411da2d0fb9f163f808c2" kindref="member">String::operator!=</ref>(chars<sp/>rhs)</highlight><highlight class="keyword"><sp/>const</highlight></codeline>
<codeline lineno="75"><highlight class="keyword"><sp/><sp/><sp/><sp/></highlight><highlight class="normal">{</highlight></codeline>
<codeline lineno="76"><highlight class="normal"><sp/><sp/><sp/><sp/><sp/><sp/><sp/><sp/></highlight><highlight class="keywordflow">return</highlight><highlight class="normal"><sp/>!<ref refid="class_px_1_1_string_1a2a8aa56a2035b69b606d592060b47c10" kindref="member">operator==</ref>(rhs);</highlight></codeline>
<codeline lineno="77"><highlight class="normal"><sp/><sp/><sp/><sp/>}</highlight></codeline>
<codeline lineno="78"><highlight class="normal"></highlight></codeline>
<codeline lineno="79"><highlight class="normal"><sp/><sp/><sp/><sp/>String::operator<sp/>chars()</highlight><highlight class="keyword"><sp/>const</highlight></codeline>
<codeline lineno="80"><highlight class="keyword"><sp/><sp/><sp/><sp/></highlight><highlight class="normal">{</highlight></codeline>
<codeline lineno="81"><highlight class="normal"><sp/><sp/><sp/><sp/><sp/><sp/><sp/><sp/></highlight><highlight class="keywordflow">return</highlight><highlight class="normal"><sp/>&amp;words[0];</highlight></codeline>
<codeline lineno="82"><highlight class="normal"><sp/><sp/><sp/><sp/>}</highlight></codeline>
<codeline lineno="83"><highlight class="normal"></highlight></codeline>
<codeline lineno="84"><highlight class="normal"><sp/><sp/><sp/><sp/></highlight><highlight class="keywordtype">void</highlight><highlight class="normal"><sp/><ref refid="class_px_1_1_string_1a340c730f5c1f05313ae9c9fa11112116" kindref="member">String::Empty</ref>()</highlight></codeline>
<codeline lineno="85"><highlight class="normal"><sp/><sp/><sp/><sp/>{</highlight></codeline>
<codeline lineno="86"><highlight class="normal"><sp/><sp/><sp/><sp/><sp/><sp/><sp/><sp/>words.<ref refid="class_px_1_1_array_1aa0ddc439e186162b6907647281e94980" kindref="member">Clear</ref>();</highlight></codeline>
<codeline lineno="87"><highlight class="normal"><sp/><sp/><sp/><sp/>}</highlight></codeline>
<codeline lineno="88"><highlight class="normal"></highlight></codeline>
<codeline lineno="89"><highlight class="normal"><sp/><sp/><sp/><sp/></highlight><highlight class="keyword">const</highlight><highlight class="normal"><sp/>sint08<sp/><ref refid="class_px_1_1_string_1af9d5531db2956b33874cf207373d05fa" kindref="member">String::operator[]</ref>(sint32<sp/>index)</highlight><highlight class="keyword"><sp/>const</highlight></codeline>
<codeline lineno="90"><highlight class="keyword"><sp/><sp/><sp/><sp/></highlight><highlight class="normal">{</highlight></codeline>
<codeline lineno="91"><highlight class="normal"><sp/><sp/><sp/><sp/><sp/><sp/><sp/><sp/></highlight><highlight class="keywordflow">return</highlight><highlight class="normal"><sp/>words[index];</highlight></codeline>
<codeline lineno="92"><highlight class="normal"><sp/><sp/><sp/><sp/>}</highlight></codeline>
<codeline lineno="93"><highlight class="normal"></highlight></codeline>
<codeline lineno="94"><highlight class="normal"><sp/><sp/><sp/><sp/>sint32<sp/><ref refid="class_px_1_1_string_1abc000093830a711318247017aee2a8cd" kindref="member">String::Length</ref>()</highlight><highlight class="keyword"><sp/>const</highlight></codeline>
<codeline lineno="95"><highlight class="keyword"><sp/><sp/><sp/><sp/></highlight><highlight class="normal">{</highlight></codeline>
<codeline lineno="96"><highlight class="normal"><sp/><sp/><sp/><sp/><sp/><sp/><sp/><sp/></highlight><highlight class="keywordflow">return</highlight><highlight class="normal"><sp/>words.<ref refid="class_px_1_1_array_1ab0002d07743eee641bc62e3b0f115c52" kindref="member">Count</ref>()<sp/>-<sp/>1;</highlight></codeline>
<codeline lineno="97"><highlight class="normal"><sp/><sp/><sp/><sp/>}</highlight></codeline>
<codeline lineno="98"><highlight class="normal"></highlight></codeline>
<codeline lineno="99"><highlight class="normal"><sp/><sp/><sp/><sp/>sint32<sp/><ref refid="class_px_1_1_string_1a5cc7dde27a2acc2f69376a4563d48c6a" kindref="member">String::Compare</ref>(</highlight><highlight class="keyword">const</highlight><highlight class="normal"><sp/><ref refid="class_px_1_1_string" kindref="compound">String</ref>&amp;<sp/>other,<sp/>sint32<sp/>offset)</highlight><highlight class="keyword"><sp/>const</highlight></codeline>
<codeline lineno="100"><highlight class="keyword"><sp/><sp/><sp/><sp/></highlight><highlight class="normal">{</highlight></codeline>
<codeline lineno="101"><highlight class="normal"><sp/><sp/><sp/><sp/><sp/><sp/><sp/><sp/>PX_ASSERT(</highlight><highlight class="stringliteral">&quot;other의<sp/>범위를<sp/>초과한<sp/>접근입니다&quot;</highlight><highlight class="normal">,<sp/>0<sp/>&lt;=<sp/>offset<sp/>&amp;&amp;<sp/>offset<sp/>+<sp/><ref refid="class_px_1_1_string_1abc000093830a711318247017aee2a8cd" kindref="member">Length</ref>()<sp/>&lt;=<sp/>other.<ref refid="class_px_1_1_string_1abc000093830a711318247017aee2a8cd" kindref="member">Length</ref>());</highlight></codeline>
<codeline lineno="102"><highlight class="normal"><sp/><sp/><sp/><sp/><sp/><sp/><sp/><sp/></highlight><highlight class="keywordflow">return</highlight><highlight class="normal"><sp/><ref refid="class_px_1_1_memory_1ae5a6062d9de8d4565fe00b02cd42cc92" kindref="member">Memory::Compare</ref>(&amp;words[0],<sp/>&amp;other.words[offset],</highlight></codeline>
<codeline lineno="103"><highlight class="normal"><sp/><sp/><sp/><sp/><sp/><sp/><sp/><sp/><sp/><sp/><sp/><sp/><ref refid="class_px_1_1_math_1a59f46ea2c5e3cef50edea36fb273beba" kindref="member">Math::Min</ref>(words.<ref refid="class_px_1_1_array_1ab0002d07743eee641bc62e3b0f115c52" kindref="member">Count</ref>(),<sp/>other.words.<ref refid="class_px_1_1_array_1ab0002d07743eee641bc62e3b0f115c52" kindref="member">Count</ref>()));</highlight></codeline>
<codeline lineno="104"><highlight class="normal"><sp/><sp/><sp/><sp/>}</highlight></codeline>
<codeline lineno="105"><highlight class="normal">}</highlight></codeline>
    </programlisting>
    <location file="C:/BonexData/BxProject/PlatyVG/source/px/string.cpp"/>
  </compounddef>
</doxygen>
