<?xml version='1.0' encoding='UTF-8' standalone='no'?>
<doxygen xmlns:xsi="http://www.w3.org/2001/XMLSchema-instance" xsi:noNamespaceSchemaLocation="compound.xsd" version="1.8.9.1">
  <compounddef id="table_8hpp" kind="file" language="C++">
    <compoundname>table.hpp</compoundname>
    <includes refid="platyvg_8hpp" local="no">platyvg.hpp</includes>
    <includedby refid="selector_8hpp" local="yes">selector.hpp</includedby>
    <includedby refid="table_8cpp" local="yes">table.cpp</includedby>
    <incdepgraph>
      <node id="1271">
        <label>platyvg.hpp</label>
        <link refid="platyvg_8hpp_source"/>
        <childnode refid="1272" relation="include">
        </childnode>
        <childnode refid="1273" relation="include">
        </childnode>
        <childnode refid="1275" relation="include">
        </childnode>
        <childnode refid="1277" relation="include">
        </childnode>
        <childnode refid="1278" relation="include">
        </childnode>
        <childnode refid="1276" relation="include">
        </childnode>
        <childnode refid="1279" relation="include">
        </childnode>
        <childnode refid="1274" relation="include">
        </childnode>
        <childnode refid="1280" relation="include">
        </childnode>
      </node>
      <node id="1278">
        <label>../px/math.hpp</label>
        <link refid="math_8hpp_source"/>
        <childnode refid="1272" relation="include">
        </childnode>
      </node>
      <node id="1279">
        <label>../px/parser.hpp</label>
        <link refid="parser_8hpp_source"/>
        <childnode refid="1280" relation="include">
        </childnode>
      </node>
      <node id="1275">
        <label>../px/buffer.hpp</label>
        <link refid="buffer_8hpp_source"/>
        <childnode refid="1276" relation="include">
        </childnode>
      </node>
      <node id="1272">
        <label>../px/px.hpp</label>
        <link refid="px_8hpp_source"/>
      </node>
      <node id="1277">
        <label>../px/file.hpp</label>
        <link refid="file_8hpp_source"/>
        <childnode refid="1272" relation="include">
        </childnode>
      </node>
      <node id="1280">
        <label>../px/string.hpp</label>
        <link refid="string_8hpp_source"/>
        <childnode refid="1273" relation="include">
        </childnode>
      </node>
      <node id="1276">
        <label>../px/memory.hpp</label>
        <link refid="memory_8hpp_source"/>
        <childnode refid="1272" relation="include">
        </childnode>
      </node>
      <node id="1273">
        <label>../px/array.hpp</label>
        <link refid="array_8hpp_source"/>
        <childnode refid="1274" relation="include">
        </childnode>
      </node>
      <node id="1270">
        <label>table.hpp</label>
        <link refid="table.hpp"/>
        <childnode refid="1271" relation="include">
        </childnode>
      </node>
      <node id="1274">
        <label>../px/share.hpp</label>
        <link refid="share_8hpp_source"/>
        <childnode refid="1275" relation="include">
        </childnode>
      </node>
    </incdepgraph>
    <invincdepgraph>
      <node id="1282">
        <label>selector.hpp</label>
        <link refid="selector_8hpp_source"/>
        <childnode refid="1283" relation="include">
        </childnode>
      </node>
      <node id="1283">
        <label>shape.hpp</label>
        <link refid="shape_8hpp_source"/>
        <childnode refid="1284" relation="include">
        </childnode>
        <childnode refid="1286" relation="include">
        </childnode>
      </node>
      <node id="1284">
        <label>layer.hpp</label>
        <link refid="layer_8hpp_source"/>
        <childnode refid="1285" relation="include">
        </childnode>
      </node>
      <node id="1286">
        <label>view.hpp</label>
        <link refid="view_8hpp_source"/>
      </node>
      <node id="1285">
        <label>document.hpp</label>
        <link refid="document_8hpp_source"/>
        <childnode refid="1286" relation="include">
        </childnode>
      </node>
      <node id="1281">
        <label>table.hpp</label>
        <link refid="table.hpp"/>
        <childnode refid="1282" relation="include">
        </childnode>
      </node>
    </invincdepgraph>
    <innerclass refid="class_platy_v_g_element_1_1_table" prot="public">PlatyVGElement::Table</innerclass>
    <innernamespace refid="namespace_platy_v_g_element">PlatyVGElement</innernamespace>
    <briefdescription>
    </briefdescription>
    <detaileddescription>
    </detaileddescription>
    <programlisting>
<codeline lineno="1"><highlight class="preprocessor">#pragma<sp/>once</highlight><highlight class="normal"></highlight></codeline>
<codeline lineno="2"><highlight class="normal"></highlight><highlight class="preprocessor">#include<sp/>&lt;platyvg.hpp&gt;</highlight><highlight class="normal"></highlight></codeline>
<codeline lineno="3"><highlight class="normal"></highlight></codeline>
<codeline lineno="4"><highlight class="normal"></highlight><highlight class="keyword">namespace<sp/></highlight><highlight class="normal"><ref refid="namespace_platy_v_g_element" kindref="compound">PlatyVGElement</ref></highlight></codeline>
<codeline lineno="5"><highlight class="normal">{</highlight></codeline>
<codeline lineno="7" refid="class_platy_v_g_element_1_1_table" refkind="compound"><highlight class="normal"><sp/><sp/><sp/><sp/></highlight><highlight class="keyword">class<sp/></highlight><highlight class="normal"><ref refid="class_platy_v_g_element_1_1_table" kindref="compound">Table</ref></highlight></codeline>
<codeline lineno="8"><highlight class="normal"><sp/><sp/><sp/><sp/>{</highlight></codeline>
<codeline lineno="9"><highlight class="normal"><sp/><sp/><sp/><sp/></highlight><highlight class="keyword">public</highlight><highlight class="normal">:</highlight></codeline>
<codeline lineno="10"><highlight class="normal"><sp/><sp/><sp/><sp/><sp/><sp/><sp/><sp/><ref refid="class_platy_v_g_element_1_1_table" kindref="compound">Table</ref>();</highlight></codeline>
<codeline lineno="11"><highlight class="normal"><sp/><sp/><sp/><sp/><sp/><sp/><sp/><sp/><ref refid="class_platy_v_g_element_1_1_table" kindref="compound">Table</ref>(</highlight><highlight class="keyword">const</highlight><highlight class="normal"><sp/><ref refid="class_platy_v_g_element_1_1_table" kindref="compound">Table</ref>&amp;<sp/>rhs);</highlight></codeline>
<codeline lineno="12"><highlight class="normal"><sp/><sp/><sp/><sp/><sp/><sp/><sp/><sp/>~<ref refid="class_platy_v_g_element_1_1_table" kindref="compound">Table</ref>();</highlight></codeline>
<codeline lineno="13"><highlight class="normal"><sp/><sp/><sp/><sp/><sp/><sp/><sp/><sp/><ref refid="class_platy_v_g_element_1_1_table" kindref="compound">Table</ref>&amp;<sp/>operator=(</highlight><highlight class="keyword">const</highlight><highlight class="normal"><sp/><ref refid="class_platy_v_g_element_1_1_table" kindref="compound">Table</ref>&amp;<sp/>rhs);</highlight></codeline>
<codeline lineno="14"><highlight class="normal"></highlight></codeline>
<codeline lineno="15"><highlight class="normal"><sp/><sp/><sp/><sp/></highlight><highlight class="keyword">public</highlight><highlight class="normal">:</highlight></codeline>
<codeline lineno="16"><highlight class="normal"><sp/><sp/><sp/><sp/><sp/><sp/><sp/><sp/><ref refid="class_px_1_1_array" kindref="compound">sint32s</ref><sp/>row;</highlight></codeline>
<codeline lineno="17"><highlight class="normal"><sp/><sp/><sp/><sp/>};</highlight></codeline>
<codeline lineno="18"><highlight class="normal"><sp/><sp/><sp/><sp/></highlight><highlight class="keyword">typedef</highlight><highlight class="normal"><sp/><ref refid="class_px_1_1_array" kindref="compound">Array&lt;Table&gt;</ref><sp/><ref refid="class_px_1_1_array" kindref="compound">Tables</ref>;</highlight></codeline>
<codeline lineno="19"><highlight class="normal">}</highlight></codeline>
    </programlisting>
    <location file="C:/BonexData/BxProject/PlatyVG/source/element/table.hpp"/>
  </compounddef>
</doxygen>
