<?xml version='1.0' encoding='UTF-8' standalone='no'?>
<doxygen xmlns:xsi="http://www.w3.org/2001/XMLSchema-instance" xsi:noNamespaceSchemaLocation="compound.xsd" version="1.8.9.1">
  <compounddef id="table_8cpp" kind="file" language="C++">
    <compoundname>table.cpp</compoundname>
    <includes refid="platyvg_8hpp" local="no">platyvg.hpp</includes>
    <includes refid="table_8hpp" local="yes">table.hpp</includes>
    <incdepgraph>
      <node id="1258">
        <label>platyvg.hpp</label>
        <link refid="platyvg_8hpp_source"/>
        <childnode refid="1259" relation="include">
        </childnode>
        <childnode refid="1260" relation="include">
        </childnode>
        <childnode refid="1262" relation="include">
        </childnode>
        <childnode refid="1264" relation="include">
        </childnode>
        <childnode refid="1265" relation="include">
        </childnode>
        <childnode refid="1263" relation="include">
        </childnode>
        <childnode refid="1266" relation="include">
        </childnode>
        <childnode refid="1261" relation="include">
        </childnode>
        <childnode refid="1267" relation="include">
        </childnode>
      </node>
      <node id="1265">
        <label>../px/math.hpp</label>
        <link refid="math_8hpp_source"/>
        <childnode refid="1259" relation="include">
        </childnode>
      </node>
      <node id="1266">
        <label>../px/parser.hpp</label>
        <link refid="parser_8hpp_source"/>
        <childnode refid="1267" relation="include">
        </childnode>
      </node>
      <node id="1257">
        <label>table.cpp</label>
        <link refid="table.cpp"/>
        <childnode refid="1258" relation="include">
        </childnode>
        <childnode refid="1268" relation="include">
        </childnode>
      </node>
      <node id="1262">
        <label>../px/buffer.hpp</label>
        <link refid="buffer_8hpp_source"/>
        <childnode refid="1263" relation="include">
        </childnode>
      </node>
      <node id="1259">
        <label>../px/px.hpp</label>
        <link refid="px_8hpp_source"/>
      </node>
      <node id="1264">
        <label>../px/file.hpp</label>
        <link refid="file_8hpp_source"/>
        <childnode refid="1259" relation="include">
        </childnode>
      </node>
      <node id="1267">
        <label>../px/string.hpp</label>
        <link refid="string_8hpp_source"/>
        <childnode refid="1260" relation="include">
        </childnode>
      </node>
      <node id="1263">
        <label>../px/memory.hpp</label>
        <link refid="memory_8hpp_source"/>
        <childnode refid="1259" relation="include">
        </childnode>
      </node>
      <node id="1260">
        <label>../px/array.hpp</label>
        <link refid="array_8hpp_source"/>
        <childnode refid="1261" relation="include">
        </childnode>
      </node>
      <node id="1268">
        <label>table.hpp</label>
        <link refid="table_8hpp_source"/>
        <childnode refid="1258" relation="include">
        </childnode>
      </node>
      <node id="1261">
        <label>../px/share.hpp</label>
        <link refid="share_8hpp_source"/>
        <childnode refid="1262" relation="include">
        </childnode>
      </node>
    </incdepgraph>
    <innernamespace refid="namespace_platy_v_g_element">PlatyVGElement</innernamespace>
    <briefdescription>
    </briefdescription>
    <detaileddescription>
    </detaileddescription>
    <programlisting>
<codeline lineno="1"><highlight class="preprocessor">#include<sp/>&lt;platyvg.hpp&gt;</highlight><highlight class="normal"></highlight></codeline>
<codeline lineno="2"><highlight class="normal"></highlight><highlight class="preprocessor">#include<sp/>&quot;table.hpp&quot;</highlight><highlight class="normal"></highlight></codeline>
<codeline lineno="3"><highlight class="normal"></highlight></codeline>
<codeline lineno="4"><highlight class="normal"></highlight><highlight class="keyword">namespace<sp/></highlight><highlight class="normal"><ref refid="namespace_platy_v_g_element" kindref="compound">PlatyVGElement</ref></highlight></codeline>
<codeline lineno="5"><highlight class="normal">{</highlight></codeline>
<codeline lineno="6"><highlight class="normal"><sp/><sp/><sp/><sp/>Table::Table()</highlight></codeline>
<codeline lineno="7"><highlight class="normal"><sp/><sp/><sp/><sp/>{</highlight></codeline>
<codeline lineno="8"><highlight class="normal"><sp/><sp/><sp/><sp/>}</highlight></codeline>
<codeline lineno="9"><highlight class="normal"></highlight></codeline>
<codeline lineno="10"><highlight class="normal"><sp/><sp/><sp/><sp/>Table::Table(</highlight><highlight class="keyword">const</highlight><highlight class="normal"><sp/><ref refid="class_platy_v_g_element_1_1_table" kindref="compound">Table</ref>&amp;<sp/>rhs)</highlight></codeline>
<codeline lineno="11"><highlight class="normal"><sp/><sp/><sp/><sp/>{</highlight></codeline>
<codeline lineno="12"><highlight class="normal"><sp/><sp/><sp/><sp/><sp/><sp/><sp/><sp/>operator=(rhs);</highlight></codeline>
<codeline lineno="13"><highlight class="normal"><sp/><sp/><sp/><sp/>}</highlight></codeline>
<codeline lineno="14"><highlight class="normal"></highlight></codeline>
<codeline lineno="15"><highlight class="normal"><sp/><sp/><sp/><sp/>Table::~Table()</highlight></codeline>
<codeline lineno="16"><highlight class="normal"><sp/><sp/><sp/><sp/>{</highlight></codeline>
<codeline lineno="17"><highlight class="normal"><sp/><sp/><sp/><sp/>}</highlight></codeline>
<codeline lineno="18"><highlight class="normal"></highlight></codeline>
<codeline lineno="19"><highlight class="normal"><sp/><sp/><sp/><sp/><ref refid="class_platy_v_g_element_1_1_table" kindref="compound">Table</ref>&amp;<sp/>Table::operator=(</highlight><highlight class="keyword">const</highlight><highlight class="normal"><sp/><ref refid="class_platy_v_g_element_1_1_table" kindref="compound">Table</ref>&amp;<sp/>rhs)</highlight></codeline>
<codeline lineno="20"><highlight class="normal"><sp/><sp/><sp/><sp/>{</highlight></codeline>
<codeline lineno="21"><highlight class="normal"><sp/><sp/><sp/><sp/><sp/><sp/><sp/><sp/>row<sp/>=<sp/>rhs.row;</highlight></codeline>
<codeline lineno="22"><highlight class="normal"><sp/><sp/><sp/><sp/><sp/><sp/><sp/><sp/></highlight><highlight class="keywordflow">return</highlight><highlight class="normal"><sp/>*</highlight><highlight class="keyword">this</highlight><highlight class="normal">;</highlight></codeline>
<codeline lineno="23"><highlight class="normal"><sp/><sp/><sp/><sp/>}</highlight></codeline>
<codeline lineno="24"><highlight class="normal">}</highlight></codeline>
    </programlisting>
    <location file="C:/BonexData/BxProject/PlatyVG/source/element/table.cpp"/>
  </compounddef>
</doxygen>
