<?xml version='1.0' encoding='UTF-8' standalone='no'?>
<doxygen xmlns:xsi="http://www.w3.org/2001/XMLSchema-instance" xsi:noNamespaceSchemaLocation="compound.xsd" version="1.8.9.1">
  <compounddef id="view_8hpp" kind="file" language="C++">
    <compoundname>view.hpp</compoundname>
    <includes refid="platyvg_8hpp" local="no">platyvg.hpp</includes>
    <includes refid="device_8hpp" local="yes">../core/device.hpp</includes>
    <includes refid="document_8hpp" local="yes">../core/document.hpp</includes>
    <includes refid="shape_8hpp" local="yes">../core/shape.hpp</includes>
    <includes refid="context_8hpp" local="yes">../element/context.hpp</includes>
    <includes refid="coord_8hpp" local="yes">../element/coord.hpp</includes>
    <includes refid="point_8hpp" local="yes">../element/point.hpp</includes>
    <includes refid="size_8hpp" local="yes">../element/size.hpp</includes>
    <includedby refid="adapter_8cpp" local="yes">adapter.cpp</includedby>
    <includedby refid="command_8cpp" local="yes">command.cpp</includedby>
    <includedby refid="export_8cpp" local="yes">export.cpp</includedby>
    <includedby refid="input_8cpp" local="yes">input.cpp</includedby>
    <includedby refid="view_8cpp" local="yes">view.cpp</includedby>
    <incdepgraph>
      <node id="1332">
        <label>../element/point.hpp</label>
        <link refid="point_8hpp_source"/>
        <childnode refid="1320" relation="include">
        </childnode>
        <childnode refid="1333" relation="include">
        </childnode>
      </node>
      <node id="1320">
        <label>platyvg.hpp</label>
        <link refid="platyvg_8hpp_source"/>
        <childnode refid="1321" relation="include">
        </childnode>
        <childnode refid="1322" relation="include">
        </childnode>
        <childnode refid="1324" relation="include">
        </childnode>
        <childnode refid="1326" relation="include">
        </childnode>
        <childnode refid="1327" relation="include">
        </childnode>
        <childnode refid="1325" relation="include">
        </childnode>
        <childnode refid="1328" relation="include">
        </childnode>
        <childnode refid="1323" relation="include">
        </childnode>
        <childnode refid="1329" relation="include">
        </childnode>
      </node>
      <node id="1347">
        <label>../core/record.hpp</label>
        <link refid="record_8hpp_source"/>
        <childnode refid="1320" relation="include">
        </childnode>
        <childnode refid="1348" relation="include">
        </childnode>
      </node>
      <node id="1338">
        <label>../element/color.hpp</label>
        <link refid="color_8hpp_source"/>
        <childnode refid="1320" relation="include">
        </childnode>
      </node>
      <node id="1327">
        <label>../px/math.hpp</label>
        <link refid="math_8hpp_source"/>
        <childnode refid="1321" relation="include">
        </childnode>
      </node>
      <node id="1328">
        <label>../px/parser.hpp</label>
        <link refid="parser_8hpp_source"/>
        <childnode refid="1329" relation="include">
        </childnode>
      </node>
      <node id="1348">
        <label>../element/action.hpp</label>
        <link refid="action_8hpp_source"/>
        <childnode refid="1320" relation="include">
        </childnode>
        <childnode refid="1338" relation="include">
        </childnode>
        <childnode refid="1332" relation="include">
        </childnode>
      </node>
      <node id="1341">
        <label>../element/context.hpp</label>
        <link refid="context_8hpp_source"/>
        <childnode refid="1320" relation="include">
        </childnode>
        <childnode refid="1338" relation="include">
        </childnode>
      </node>
      <node id="1340">
        <label>../element/zoom.hpp</label>
        <link refid="zoom_8hpp_source"/>
        <childnode refid="1320" relation="include">
        </childnode>
        <childnode refid="1332" relation="include">
        </childnode>
      </node>
      <node id="1339">
        <label>../element/mesh.hpp</label>
        <link refid="mesh_8hpp_source"/>
        <childnode refid="1320" relation="include">
        </childnode>
      </node>
      <node id="1324">
        <label>../px/buffer.hpp</label>
        <link refid="buffer_8hpp_source"/>
        <childnode refid="1325" relation="include">
        </childnode>
      </node>
      <node id="1330">
        <label>../core/device.hpp</label>
        <link refid="device_8hpp_source"/>
        <childnode refid="1320" relation="include">
        </childnode>
        <childnode refid="1331" relation="include">
        </childnode>
        <childnode refid="1332" relation="include">
        </childnode>
      </node>
      <node id="1343">
        <label>../element/selector.hpp</label>
        <link refid="selector_8hpp_source"/>
        <childnode refid="1320" relation="include">
        </childnode>
        <childnode refid="1331" relation="include">
        </childnode>
        <childnode refid="1332" relation="include">
        </childnode>
        <childnode refid="1344" relation="include">
        </childnode>
        <childnode refid="1346" relation="include">
        </childnode>
      </node>
      <node id="1321">
        <label>../px/px.hpp</label>
        <link refid="px_8hpp_source"/>
      </node>
      <node id="1344">
        <label>../element/rect.hpp</label>
        <link refid="rect_8hpp_source"/>
        <childnode refid="1320" relation="include">
        </childnode>
        <childnode refid="1332" relation="include">
        </childnode>
        <childnode refid="1345" relation="include">
        </childnode>
        <childnode refid="1340" relation="include">
        </childnode>
      </node>
      <node id="1326">
        <label>../px/file.hpp</label>
        <link refid="file_8hpp_source"/>
        <childnode refid="1321" relation="include">
        </childnode>
      </node>
      <node id="1333">
        <label>../element/matrix.hpp</label>
        <link refid="matrix_8hpp_source"/>
        <childnode refid="1320" relation="include">
        </childnode>
      </node>
      <node id="1336">
        <label>../core/shape.hpp</label>
        <link refid="shape_8hpp_source"/>
        <childnode refid="1320" relation="include">
        </childnode>
        <childnode refid="1337" relation="include">
        </childnode>
        <childnode refid="1341" relation="include">
        </childnode>
        <childnode refid="1331" relation="include">
        </childnode>
        <childnode refid="1342" relation="include">
        </childnode>
        <childnode refid="1333" relation="include">
        </childnode>
        <childnode refid="1339" relation="include">
        </childnode>
        <childnode refid="1332" relation="include">
        </childnode>
        <childnode refid="1343" relation="include">
        </childnode>
        <childnode refid="1345" relation="include">
        </childnode>
        <childnode refid="1340" relation="include">
        </childnode>
      </node>
      <node id="1335">
        <label>../core/layer.hpp</label>
        <link refid="layer_8hpp_source"/>
        <childnode refid="1320" relation="include">
        </childnode>
        <childnode refid="1336" relation="include">
        </childnode>
        <childnode refid="1340" relation="include">
        </childnode>
      </node>
      <node id="1337">
        <label>../api/adapter.hpp</label>
        <link refid="adapter_8hpp_source"/>
        <childnode refid="1320" relation="include">
        </childnode>
        <childnode refid="1338" relation="include">
        </childnode>
        <childnode refid="1331" relation="include">
        </childnode>
        <childnode refid="1333" relation="include">
        </childnode>
        <childnode refid="1339" relation="include">
        </childnode>
        <childnode refid="1340" relation="include">
        </childnode>
      </node>
      <node id="1319">
        <label>view.hpp</label>
        <link refid="view.hpp"/>
        <childnode refid="1320" relation="include">
        </childnode>
        <childnode refid="1330" relation="include">
        </childnode>
        <childnode refid="1334" relation="include">
        </childnode>
        <childnode refid="1336" relation="include">
        </childnode>
        <childnode refid="1341" relation="include">
        </childnode>
        <childnode refid="1331" relation="include">
        </childnode>
        <childnode refid="1332" relation="include">
        </childnode>
        <childnode refid="1345" relation="include">
        </childnode>
      </node>
      <node id="1329">
        <label>../px/string.hpp</label>
        <link refid="string_8hpp_source"/>
        <childnode refid="1322" relation="include">
        </childnode>
      </node>
      <node id="1325">
        <label>../px/memory.hpp</label>
        <link refid="memory_8hpp_source"/>
        <childnode refid="1321" relation="include">
        </childnode>
      </node>
      <node id="1322">
        <label>../px/array.hpp</label>
        <link refid="array_8hpp_source"/>
        <childnode refid="1323" relation="include">
        </childnode>
      </node>
      <node id="1331">
        <label>../element/coord.hpp</label>
        <link refid="coord_8hpp_source"/>
        <childnode refid="1320" relation="include">
        </childnode>
      </node>
      <node id="1345">
        <label>../element/size.hpp</label>
        <link refid="size_8hpp_source"/>
        <childnode refid="1320" relation="include">
        </childnode>
      </node>
      <node id="1334">
        <label>../core/document.hpp</label>
        <link refid="document_8hpp_source"/>
        <childnode refid="1320" relation="include">
        </childnode>
        <childnode refid="1335" relation="include">
        </childnode>
        <childnode refid="1347" relation="include">
        </childnode>
        <childnode refid="1344" relation="include">
        </childnode>
        <childnode refid="1340" relation="include">
        </childnode>
      </node>
      <node id="1346">
        <label>../element/table.hpp</label>
        <link refid="table_8hpp_source"/>
        <childnode refid="1320" relation="include">
        </childnode>
      </node>
      <node id="1342">
        <label>../element/edge.hpp</label>
        <link refid="edge_8hpp_source"/>
        <childnode refid="1320" relation="include">
        </childnode>
        <childnode refid="1332" relation="include">
        </childnode>
      </node>
      <node id="1323">
        <label>../px/share.hpp</label>
        <link refid="share_8hpp_source"/>
        <childnode refid="1324" relation="include">
        </childnode>
      </node>
    </incdepgraph>
    <innerclass refid="class_platy_v_g_core_1_1_view" prot="public">PlatyVGCore::View</innerclass>
    <innernamespace refid="namespace_platy_v_g_core">PlatyVGCore</innernamespace>
    <briefdescription>
    </briefdescription>
    <detaileddescription>
    </detaileddescription>
    <programlisting>
<codeline lineno="1"><highlight class="preprocessor">#pragma<sp/>once</highlight><highlight class="normal"></highlight></codeline>
<codeline lineno="2"><highlight class="normal"></highlight><highlight class="preprocessor">#include<sp/>&lt;platyvg.hpp&gt;</highlight><highlight class="normal"></highlight></codeline>
<codeline lineno="3"><highlight class="normal"></highlight><highlight class="preprocessor">#include<sp/>&quot;../core/device.hpp&quot;</highlight><highlight class="normal"></highlight></codeline>
<codeline lineno="4"><highlight class="normal"></highlight><highlight class="preprocessor">#include<sp/>&quot;../core/document.hpp&quot;</highlight><highlight class="normal"></highlight></codeline>
<codeline lineno="5"><highlight class="normal"></highlight><highlight class="preprocessor">#include<sp/>&quot;../core/shape.hpp&quot;</highlight><highlight class="normal"></highlight></codeline>
<codeline lineno="6"><highlight class="normal"></highlight><highlight class="preprocessor">#include<sp/>&quot;../element/context.hpp&quot;</highlight><highlight class="normal"></highlight></codeline>
<codeline lineno="7"><highlight class="normal"></highlight><highlight class="preprocessor">#include<sp/>&quot;../element/coord.hpp&quot;</highlight><highlight class="normal"></highlight></codeline>
<codeline lineno="8"><highlight class="normal"></highlight><highlight class="preprocessor">#include<sp/>&quot;../element/point.hpp&quot;</highlight><highlight class="normal"></highlight></codeline>
<codeline lineno="9"><highlight class="normal"></highlight><highlight class="preprocessor">#include<sp/>&quot;../element/size.hpp&quot;</highlight><highlight class="normal"></highlight></codeline>
<codeline lineno="10"><highlight class="normal"></highlight></codeline>
<codeline lineno="11"><highlight class="normal"></highlight><highlight class="keyword">namespace<sp/></highlight><highlight class="normal"><ref refid="namespace_platy_v_g_core" kindref="compound">PlatyVGCore</ref></highlight></codeline>
<codeline lineno="12"><highlight class="normal">{</highlight></codeline>
<codeline lineno="14" refid="class_platy_v_g_core_1_1_view" refkind="compound"><highlight class="normal"><sp/><sp/><sp/><sp/></highlight><highlight class="keyword">class<sp/></highlight><highlight class="normal"><ref refid="class_platy_v_g_core_1_1_view" kindref="compound">View</ref></highlight></codeline>
<codeline lineno="15"><highlight class="normal"><sp/><sp/><sp/><sp/>{</highlight></codeline>
<codeline lineno="16"><highlight class="normal"><sp/><sp/><sp/><sp/></highlight><highlight class="keyword">public</highlight><highlight class="normal">:</highlight></codeline>
<codeline lineno="17"><highlight class="normal"><sp/><sp/><sp/><sp/><sp/><sp/><sp/><sp/><ref refid="class_platy_v_g_core_1_1_view" kindref="compound">View</ref>();</highlight></codeline>
<codeline lineno="18"><highlight class="normal"><sp/><sp/><sp/><sp/><sp/><sp/><sp/><sp/>~<ref refid="class_platy_v_g_core_1_1_view" kindref="compound">View</ref>();</highlight></codeline>
<codeline lineno="19"><highlight class="normal"></highlight></codeline>
<codeline lineno="20"><highlight class="normal"><sp/><sp/><sp/><sp/></highlight><highlight class="keyword">public</highlight><highlight class="normal">:</highlight></codeline>
<codeline lineno="25"><highlight class="normal"><sp/><sp/><sp/><sp/><sp/><sp/><sp/><sp/></highlight><highlight class="keyword">static</highlight><highlight class="normal"><sp/><ref refid="class_platy_v_g_core_1_1_view" kindref="compound">View</ref>*<sp/><ref refid="class_platy_v_g_core_1_1_view_1a366178c72ae21e6a29b25a3fc916d5a5" kindref="member">Currently</ref>();</highlight></codeline>
<codeline lineno="26"><highlight class="normal"></highlight></codeline>
<codeline lineno="32"><highlight class="normal"><sp/><sp/><sp/><sp/><sp/><sp/><sp/><sp/><ref refid="class_platy_v_g_core_1_1_document" kindref="compound">Document</ref>*<sp/><ref refid="class_platy_v_g_core_1_1_view_1adbfef0a3a46eadf9c1159b70f41abc63" kindref="member">GetDocument</ref>(sint32<sp/>doc);</highlight></codeline>
<codeline lineno="33"><highlight class="normal"></highlight></codeline>
<codeline lineno="40"><highlight class="normal"><sp/><sp/><sp/><sp/><sp/><sp/><sp/><sp/></highlight><highlight class="keywordtype">void</highlight><highlight class="normal"><sp/><ref refid="class_platy_v_g_core_1_1_view_1a6963901d8059d428c4a8d9edcc03c987" kindref="member">LockDynShape</ref>(<ref refid="class_platy_v_g_core_1_1_document" kindref="compound">Document</ref>*<sp/>doc,<sp/></highlight><highlight class="keyword">const</highlight><highlight class="normal"><sp/>DeviceBy<sp/>deviceby,<sp/></highlight><highlight class="keyword">const</highlight><highlight class="normal"><sp/>StrokeBy<sp/>strokeby);</highlight></codeline>
<codeline lineno="41"><highlight class="normal"></highlight></codeline>
<codeline lineno="49"><highlight class="normal"><sp/><sp/><sp/><sp/><sp/><sp/><sp/><sp/></highlight><highlight class="keywordtype">bool</highlight><highlight class="normal"><sp/><ref refid="class_platy_v_g_core_1_1_view_1a2935155fb09a39a7ce5c44dde553c0e4" kindref="member">UnlockDynShape</ref>(<ref refid="class_platy_v_g_core_1_1_document" kindref="compound">Document</ref>*<sp/>doc,<sp/></highlight><highlight class="keyword">const</highlight><highlight class="normal"><sp/>DeviceBy<sp/>deviceby,<sp/></highlight><highlight class="keyword">const</highlight><highlight class="normal"><sp/></highlight><highlight class="keywordtype">bool</highlight><highlight class="normal"><sp/>addition);</highlight></codeline>
<codeline lineno="50"><highlight class="normal"></highlight></codeline>
<codeline lineno="57"><highlight class="normal"><sp/><sp/><sp/><sp/><sp/><sp/><sp/><sp/><ref refid="class_platy_v_g_core_1_1_shape" kindref="compound">Shape</ref>*<sp/><ref refid="class_platy_v_g_core_1_1_view_1ab9da32a499e7ee5b8adfab4b655427e1" kindref="member">GetDynShape</ref>(<ref refid="class_platy_v_g_core_1_1_document" kindref="compound">Document</ref>*<sp/>doc,<sp/></highlight><highlight class="keyword">const</highlight><highlight class="normal"><sp/>DeviceBy<sp/>deviceby);</highlight></codeline>
<codeline lineno="58"><highlight class="normal"></highlight></codeline>
<codeline lineno="66"><highlight class="normal"><sp/><sp/><sp/><sp/><sp/><sp/><sp/><sp/></highlight><highlight class="keywordtype">void</highlight><highlight class="normal"><sp/><ref refid="class_platy_v_g_core_1_1_view_1ace0cab4e080b95fc7e952d386fe50bc9" kindref="member">AddCoordSensitivity</ref>(</highlight><highlight class="keyword">const</highlight><highlight class="normal"><sp/>DeviceBy<sp/>deviceby,<sp/></highlight><highlight class="keywordtype">float</highlight><highlight class="normal"><sp/>x,<sp/></highlight><highlight class="keywordtype">float</highlight><highlight class="normal"><sp/>y,<sp/></highlight><highlight class="keywordtype">float</highlight><highlight class="normal"><sp/>force);</highlight></codeline>
<codeline lineno="67"><highlight class="normal"></highlight></codeline>
<codeline lineno="68"><highlight class="normal"><sp/><sp/><sp/><sp/></highlight><highlight class="keyword">public</highlight><highlight class="normal">:</highlight></codeline>
<codeline lineno="69"><highlight class="normal"><sp/><sp/><sp/><sp/><sp/><sp/><sp/><sp/></highlight><highlight class="comment">//<sp/>Document</highlight><highlight class="normal"></highlight></codeline>
<codeline lineno="70"><highlight class="normal"><sp/><sp/><sp/><sp/><sp/><sp/><sp/><sp/><ref refid="class_platy_v_g_core_1_1_document" kindref="compound">Document</ref><sp/>DocumentRoot;</highlight></codeline>
<codeline lineno="71"><highlight class="normal"><sp/><sp/><sp/><sp/><sp/><sp/><sp/><sp/><ref refid="class_platy_v_g_core_1_1_document" kindref="compound">Document</ref>*<sp/>DocumentFocus;</highlight></codeline>
<codeline lineno="72"><highlight class="normal"><sp/><sp/><sp/><sp/><sp/><sp/><sp/><sp/></highlight><highlight class="comment">//<sp/>Option</highlight><highlight class="normal"></highlight></codeline>
<codeline lineno="73"><highlight class="normal"><sp/><sp/><sp/><sp/><sp/><sp/><sp/><sp/>StrokeBy<sp/>OptionStrokeBy;</highlight></codeline>
<codeline lineno="74"><highlight class="normal"><sp/><sp/><sp/><sp/><sp/><sp/><sp/><sp/>SelectBy<sp/>OptionSelectBy;</highlight></codeline>
<codeline lineno="75"><highlight class="normal"><sp/><sp/><sp/><sp/><sp/><sp/><sp/><sp/><ref refid="class_platy_v_g_element_1_1_context" kindref="compound">Context</ref><sp/>OptionContext;</highlight></codeline>
<codeline lineno="76"><highlight class="normal"><sp/><sp/><sp/><sp/><sp/><sp/><sp/><sp/></highlight><highlight class="keywordtype">float</highlight><highlight class="normal"><sp/>OptionRadius;</highlight></codeline>
<codeline lineno="77"><highlight class="normal"><sp/><sp/><sp/><sp/><sp/><sp/><sp/><sp/>sint64<sp/>OptionMS;</highlight></codeline>
<codeline lineno="78"><highlight class="normal"><sp/><sp/><sp/><sp/><sp/><sp/><sp/><sp/></highlight><highlight class="comment">//<sp/>Device</highlight><highlight class="normal"></highlight></codeline>
<codeline lineno="79"><highlight class="normal"><sp/><sp/><sp/><sp/><sp/><sp/><sp/><sp/><ref refid="class_platy_v_g_core_1_1_device" kindref="compound">Device</ref><sp/>DeviceState[LengthOfDevice];</highlight></codeline>
<codeline lineno="80"><highlight class="normal"><sp/><sp/><sp/><sp/><sp/><sp/><sp/><sp/>sint32<sp/>DeviceLayer[LengthOfDevice];</highlight></codeline>
<codeline lineno="81"><highlight class="normal"><sp/><sp/><sp/><sp/>};</highlight></codeline>
<codeline lineno="82"><highlight class="normal">}</highlight></codeline>
    </programlisting>
    <location file="C:/BonexData/BxProject/PlatyVG/source/core/view.hpp"/>
  </compounddef>
</doxygen>
