<?xml version='1.0' encoding='UTF-8' standalone='no'?>
<doxygen xmlns:xsi="http://www.w3.org/2001/XMLSchema-instance" xsi:noNamespaceSchemaLocation="compound.xsd" version="1.8.9.1">
  <compounddef id="zoom_8hpp" kind="file" language="C++">
    <compoundname>zoom.hpp</compoundname>
    <includes refid="platyvg_8hpp" local="no">platyvg.hpp</includes>
    <includes refid="point_8hpp" local="yes">../element/point.hpp</includes>
    <includedby refid="adapter_8hpp" local="yes">adapter.hpp</includedby>
    <includedby refid="rect_8hpp" local="yes">rect.hpp</includedby>
    <includedby refid="shape_8hpp" local="yes">shape.hpp</includedby>
    <includedby refid="layer_8hpp" local="yes">layer.hpp</includedby>
    <includedby refid="document_8hpp" local="yes">document.hpp</includedby>
    <includedby refid="command_8hpp" local="yes">command.hpp</includedby>
    <includedby refid="zoom_8cpp" local="yes">zoom.cpp</includedby>
    <incdepgraph>
      <node id="1376">
        <label>../element/point.hpp</label>
        <link refid="point_8hpp_source"/>
        <childnode refid="1366" relation="include">
        </childnode>
        <childnode refid="1377" relation="include">
        </childnode>
      </node>
      <node id="1366">
        <label>platyvg.hpp</label>
        <link refid="platyvg_8hpp_source"/>
        <childnode refid="1367" relation="include">
        </childnode>
        <childnode refid="1368" relation="include">
        </childnode>
        <childnode refid="1370" relation="include">
        </childnode>
        <childnode refid="1372" relation="include">
        </childnode>
        <childnode refid="1373" relation="include">
        </childnode>
        <childnode refid="1371" relation="include">
        </childnode>
        <childnode refid="1374" relation="include">
        </childnode>
        <childnode refid="1369" relation="include">
        </childnode>
        <childnode refid="1375" relation="include">
        </childnode>
      </node>
      <node id="1373">
        <label>../px/math.hpp</label>
        <link refid="math_8hpp_source"/>
        <childnode refid="1367" relation="include">
        </childnode>
      </node>
      <node id="1374">
        <label>../px/parser.hpp</label>
        <link refid="parser_8hpp_source"/>
        <childnode refid="1375" relation="include">
        </childnode>
      </node>
      <node id="1365">
        <label>zoom.hpp</label>
        <link refid="zoom.hpp"/>
        <childnode refid="1366" relation="include">
        </childnode>
        <childnode refid="1376" relation="include">
        </childnode>
      </node>
      <node id="1370">
        <label>../px/buffer.hpp</label>
        <link refid="buffer_8hpp_source"/>
        <childnode refid="1371" relation="include">
        </childnode>
      </node>
      <node id="1367">
        <label>../px/px.hpp</label>
        <link refid="px_8hpp_source"/>
      </node>
      <node id="1372">
        <label>../px/file.hpp</label>
        <link refid="file_8hpp_source"/>
        <childnode refid="1367" relation="include">
        </childnode>
      </node>
      <node id="1377">
        <label>../element/matrix.hpp</label>
        <link refid="matrix_8hpp_source"/>
        <childnode refid="1366" relation="include">
        </childnode>
      </node>
      <node id="1375">
        <label>../px/string.hpp</label>
        <link refid="string_8hpp_source"/>
        <childnode refid="1368" relation="include">
        </childnode>
      </node>
      <node id="1371">
        <label>../px/memory.hpp</label>
        <link refid="memory_8hpp_source"/>
        <childnode refid="1367" relation="include">
        </childnode>
      </node>
      <node id="1368">
        <label>../px/array.hpp</label>
        <link refid="array_8hpp_source"/>
        <childnode refid="1369" relation="include">
        </childnode>
      </node>
      <node id="1369">
        <label>../px/share.hpp</label>
        <link refid="share_8hpp_source"/>
        <childnode refid="1370" relation="include">
        </childnode>
      </node>
    </incdepgraph>
    <invincdepgraph>
      <node id="1378">
        <label>zoom.hpp</label>
        <link refid="zoom.hpp"/>
        <childnode refid="1379" relation="include">
        </childnode>
        <childnode refid="1384" relation="include">
        </childnode>
        <childnode refid="1380" relation="include">
        </childnode>
        <childnode refid="1381" relation="include">
        </childnode>
        <childnode refid="1382" relation="include">
        </childnode>
        <childnode refid="1386" relation="include">
        </childnode>
      </node>
      <node id="1385">
        <label>selector.hpp</label>
        <link refid="selector_8hpp_source"/>
        <childnode refid="1380" relation="include">
        </childnode>
      </node>
      <node id="1384">
        <label>rect.hpp</label>
        <link refid="rect_8hpp_source"/>
        <childnode refid="1385" relation="include">
        </childnode>
        <childnode refid="1382" relation="include">
        </childnode>
        <childnode refid="1386" relation="include">
        </childnode>
      </node>
      <node id="1380">
        <label>shape.hpp</label>
        <link refid="shape_8hpp_source"/>
        <childnode refid="1381" relation="include">
        </childnode>
        <childnode refid="1383" relation="include">
        </childnode>
      </node>
      <node id="1381">
        <label>layer.hpp</label>
        <link refid="layer_8hpp_source"/>
        <childnode refid="1382" relation="include">
        </childnode>
      </node>
      <node id="1379">
        <label>adapter.hpp</label>
        <link refid="adapter_8hpp_source"/>
        <childnode refid="1380" relation="include">
        </childnode>
      </node>
      <node id="1383">
        <label>view.hpp</label>
        <link refid="view_8hpp_source"/>
      </node>
      <node id="1386">
        <label>command.hpp</label>
        <link refid="command_8hpp_source"/>
      </node>
      <node id="1382">
        <label>document.hpp</label>
        <link refid="document_8hpp_source"/>
        <childnode refid="1383" relation="include">
        </childnode>
      </node>
    </invincdepgraph>
    <innerclass refid="class_platy_v_g_element_1_1_zoom" prot="public">PlatyVGElement::Zoom</innerclass>
    <innernamespace refid="namespace_platy_v_g_element">PlatyVGElement</innernamespace>
    <briefdescription>
    </briefdescription>
    <detaileddescription>
    </detaileddescription>
    <programlisting>
<codeline lineno="1"><highlight class="preprocessor">#pragma<sp/>once</highlight><highlight class="normal"></highlight></codeline>
<codeline lineno="2"><highlight class="normal"></highlight><highlight class="preprocessor">#include<sp/>&lt;platyvg.hpp&gt;</highlight><highlight class="normal"></highlight></codeline>
<codeline lineno="3"><highlight class="normal"></highlight><highlight class="preprocessor">#include<sp/>&quot;../element/point.hpp&quot;</highlight><highlight class="normal"></highlight></codeline>
<codeline lineno="4"><highlight class="normal"></highlight></codeline>
<codeline lineno="5"><highlight class="normal"></highlight><highlight class="keyword">namespace<sp/></highlight><highlight class="normal"><ref refid="namespace_platy_v_g_element" kindref="compound">PlatyVGElement</ref></highlight></codeline>
<codeline lineno="6"><highlight class="normal">{</highlight></codeline>
<codeline lineno="8" refid="class_platy_v_g_element_1_1_zoom" refkind="compound"><highlight class="normal"><sp/><sp/><sp/><sp/></highlight><highlight class="keyword">class<sp/></highlight><highlight class="normal"><ref refid="class_platy_v_g_element_1_1_zoom" kindref="compound">Zoom</ref></highlight></codeline>
<codeline lineno="9"><highlight class="normal"><sp/><sp/><sp/><sp/>{</highlight></codeline>
<codeline lineno="10"><highlight class="normal"><sp/><sp/><sp/><sp/></highlight><highlight class="keyword">public</highlight><highlight class="normal">:</highlight></codeline>
<codeline lineno="11"><highlight class="normal"><sp/><sp/><sp/><sp/><sp/><sp/><sp/><sp/><ref refid="class_platy_v_g_element_1_1_zoom" kindref="compound">Zoom</ref>();</highlight></codeline>
<codeline lineno="12"><highlight class="normal"><sp/><sp/><sp/><sp/><sp/><sp/><sp/><sp/><ref refid="class_platy_v_g_element_1_1_zoom" kindref="compound">Zoom</ref>(</highlight><highlight class="keyword">const</highlight><highlight class="normal"><sp/><ref refid="class_platy_v_g_element_1_1_zoom" kindref="compound">Zoom</ref>&amp;<sp/>rhs);</highlight></codeline>
<codeline lineno="13"><highlight class="normal"><sp/><sp/><sp/><sp/><sp/><sp/><sp/><sp/><ref refid="class_platy_v_g_element_1_1_zoom" kindref="compound">Zoom</ref>(<ref refid="class_platy_v_g_element_1_1_point" kindref="compound">Point</ref><sp/>offset,<sp/></highlight><highlight class="keywordtype">float</highlight><highlight class="normal"><sp/>scale);</highlight></codeline>
<codeline lineno="14"><highlight class="normal"><sp/><sp/><sp/><sp/><sp/><sp/><sp/><sp/>~<ref refid="class_platy_v_g_element_1_1_zoom" kindref="compound">Zoom</ref>();</highlight></codeline>
<codeline lineno="15"><highlight class="normal"><sp/><sp/><sp/><sp/><sp/><sp/><sp/><sp/><ref refid="class_platy_v_g_element_1_1_zoom" kindref="compound">Zoom</ref>&amp;<sp/>operator=(</highlight><highlight class="keyword">const</highlight><highlight class="normal"><sp/><ref refid="class_platy_v_g_element_1_1_zoom" kindref="compound">Zoom</ref>&amp;<sp/>rhs);</highlight></codeline>
<codeline lineno="16"><highlight class="normal"><sp/><sp/><sp/><sp/><sp/><sp/><sp/><sp/></highlight><highlight class="keywordtype">bool</highlight><highlight class="normal"><sp/>operator==(</highlight><highlight class="keyword">const</highlight><highlight class="normal"><sp/><ref refid="class_platy_v_g_element_1_1_zoom" kindref="compound">Zoom</ref>&amp;<sp/>rhs)<sp/></highlight><highlight class="keyword">const</highlight><highlight class="normal">;</highlight></codeline>
<codeline lineno="17"><highlight class="normal"><sp/><sp/><sp/><sp/><sp/><sp/><sp/><sp/></highlight><highlight class="keywordtype">bool</highlight><highlight class="normal"><sp/>operator!=(</highlight><highlight class="keyword">const</highlight><highlight class="normal"><sp/><ref refid="class_platy_v_g_element_1_1_zoom" kindref="compound">Zoom</ref>&amp;<sp/>rhs)<sp/></highlight><highlight class="keyword">const</highlight><highlight class="normal">;</highlight></codeline>
<codeline lineno="18"><highlight class="normal"></highlight></codeline>
<codeline lineno="19"><highlight class="normal"><sp/><sp/><sp/><sp/><sp/><sp/><sp/><sp/></highlight><highlight class="keyword">const</highlight><highlight class="normal"><sp/><ref refid="class_platy_v_g_element_1_1_point" kindref="compound">Point</ref><sp/>ToView(</highlight><highlight class="keyword">const</highlight><highlight class="normal"><sp/><ref refid="class_platy_v_g_element_1_1_point" kindref="compound">Point</ref><sp/>point)<sp/></highlight><highlight class="keyword">const</highlight><highlight class="normal">;</highlight></codeline>
<codeline lineno="20"><highlight class="normal"><sp/><sp/><sp/><sp/><sp/><sp/><sp/><sp/></highlight><highlight class="keyword">const</highlight><highlight class="normal"><sp/><ref refid="class_platy_v_g_element_1_1_point" kindref="compound">Point</ref><sp/>ToView(</highlight><highlight class="keyword">const</highlight><highlight class="normal"><sp/></highlight><highlight class="keywordtype">float</highlight><highlight class="normal"><sp/>x,<sp/></highlight><highlight class="keyword">const</highlight><highlight class="normal"><sp/></highlight><highlight class="keywordtype">float</highlight><highlight class="normal"><sp/>y)<sp/></highlight><highlight class="keyword">const</highlight><highlight class="normal">;</highlight></codeline>
<codeline lineno="21"><highlight class="normal"><sp/><sp/><sp/><sp/><sp/><sp/><sp/><sp/></highlight><highlight class="keyword">const</highlight><highlight class="normal"><sp/><ref refid="class_platy_v_g_element_1_1_point" kindref="compound">Point</ref><sp/>ToDocument(</highlight><highlight class="keyword">const</highlight><highlight class="normal"><sp/><ref refid="class_platy_v_g_element_1_1_point" kindref="compound">Point</ref><sp/>point)<sp/></highlight><highlight class="keyword">const</highlight><highlight class="normal">;</highlight></codeline>
<codeline lineno="22"><highlight class="normal"><sp/><sp/><sp/><sp/><sp/><sp/><sp/><sp/></highlight><highlight class="keyword">const</highlight><highlight class="normal"><sp/><ref refid="class_platy_v_g_element_1_1_point" kindref="compound">Point</ref><sp/>ToDocument(</highlight><highlight class="keyword">const</highlight><highlight class="normal"><sp/></highlight><highlight class="keywordtype">float</highlight><highlight class="normal"><sp/>x,<sp/></highlight><highlight class="keyword">const</highlight><highlight class="normal"><sp/></highlight><highlight class="keywordtype">float</highlight><highlight class="normal"><sp/>y)<sp/></highlight><highlight class="keyword">const</highlight><highlight class="normal">;</highlight></codeline>
<codeline lineno="23"><highlight class="normal"></highlight></codeline>
<codeline lineno="24"><highlight class="normal"><sp/><sp/><sp/><sp/><sp/><sp/><sp/><sp/></highlight><highlight class="keywordtype">void</highlight><highlight class="normal"><sp/>UpdateBy(</highlight><highlight class="keyword">const</highlight><highlight class="normal"><sp/><ref refid="class_platy_v_g_element_1_1_point" kindref="compound">Point</ref><sp/>(&amp;oldpoint)[2],<sp/></highlight><highlight class="keyword">const</highlight><highlight class="normal"><sp/><ref refid="class_platy_v_g_element_1_1_point" kindref="compound">Point</ref><sp/>(&amp;newpoint)[2]);</highlight></codeline>
<codeline lineno="25"><highlight class="normal"><sp/><sp/><sp/><sp/><sp/><sp/><sp/><sp/></highlight><highlight class="keywordtype">void</highlight><highlight class="normal"><sp/>UpdateBy(</highlight><highlight class="keyword">const</highlight><highlight class="normal"><sp/><ref refid="class_platy_v_g_element_1_1_point" kindref="compound">Point</ref><sp/>oldpoint,<sp/></highlight><highlight class="keyword">const</highlight><highlight class="normal"><sp/><ref refid="class_platy_v_g_element_1_1_point" kindref="compound">Point</ref><sp/>newpoint,<sp/></highlight><highlight class="keyword">const</highlight><highlight class="normal"><sp/></highlight><highlight class="keywordtype">float</highlight><highlight class="normal"><sp/>scaleadds);</highlight></codeline>
<codeline lineno="26"><highlight class="normal"></highlight></codeline>
<codeline lineno="27"><highlight class="normal"><sp/><sp/><sp/><sp/></highlight><highlight class="keyword">public</highlight><highlight class="normal">:</highlight></codeline>
<codeline lineno="28"><highlight class="normal"><sp/><sp/><sp/><sp/><sp/><sp/><sp/><sp/><ref refid="class_platy_v_g_element_1_1_point" kindref="compound">Point</ref><sp/>offset;</highlight></codeline>
<codeline lineno="29"><highlight class="normal"><sp/><sp/><sp/><sp/><sp/><sp/><sp/><sp/></highlight><highlight class="keywordtype">float</highlight><highlight class="normal"><sp/>scale;</highlight></codeline>
<codeline lineno="30"><highlight class="normal"><sp/><sp/><sp/><sp/>};</highlight></codeline>
<codeline lineno="31"><highlight class="normal">}</highlight></codeline>
    </programlisting>
    <location file="C:/BonexData/BxProject/PlatyVG/source/element/zoom.hpp"/>
  </compounddef>
</doxygen>
